course_section_id,New_Professor,Professor_ID,Professor_Division,Professor_Teaching_Status,Professor_Score,Course_Score,Co_Professor,Professor_Enrollments,Course_Number,Section_Number,Course_Division,Course_Type,New_Course,Program_Degree,Course_Year,Course_Term,Term_Number,Academic_Year,Course_Credits,Course_Capacity,Prerequisites,Corequisites,Enrollment_Total,Enrollment_Masters1,Enrollment_Masters2,Enrollment_MS,Enrollment_PhD,Enrollment_CrossReg_Other,Response_Rate,Waitlist,Separate_Evaluation,Classroom,days,Class_Time,Hours,times_taught,Q1_Stu_Effort_Score,Q2_Stu_Instr_Engagement_Score,Q3_Stu_Peer_Engagement_Score,Q4_Stu_Prev_Experience_Score,Q5_Stu_Curr_Experience_Score,Q6_Stu_Course_Value_Score,Q8_Stu_Recommend_Score,Q10_Average_workload_rating,Q11_Course_Pace_Score,Q12_Course_Content_Score,Q13_Instr_Attunement_Score,Q14_Instr_Clarity_Score,Q15_Instr_Expectations_Score,Q16_Instr_Feedback_Score,Q17_Instr_Inclusiveness_Score,Course_Teaching_Assistant
214083,No,b3a47ed1,QAHF,Full Time,4.83,4.558974,No,1,C78116,001,QAHF,Core,No,Masters2,2025,Summer,20252,2024-25,3.0,74.0,,,42.0,0.0,0.0,0.0,0.0,42.0,100.0,0.0,No,Building1,"F,S,U",08:30:00,10.25,22.0,0.0,0.0,0.0,0.0,1.0,4.5,4.714285,3.833333,3.523809,4.45238,0.0,0.0,0.0,0.0,0.0,Yes
214084,No,b3a47ed1,QAHF,Full Time,4.865,4.615789,No,1,C78116,002,QAHF,Core,No,Masters2,2025,Summer,20252,2024-25,3.0,74.0,,,42.0,0.0,0.0,0.0,0.0,42.0,100.0,0.0,No,Building1,"F,S",08:30:00,10.25,22.0,0.0,0.0,0.0,0.0,1.0,4.5,4.690476,3.690476,3.619047,4.357142,0.0,0.0,0.0,0.0,0.0,Yes
214085,No,b3a47ed1,QAHF,Full Time,4.924528,4.792453,No,1,C78116,300,QAHF,Core,No,Masters2,2025,Summer,20252,2024-25,3.0,74.0,,,54.0,0.0,21.0,0.0,0.0,33.0,98.1800003051758,0.0,No,Building2,"T,W,F",08:30:00,11.0,22.0,0.0,0.0,0.0,0.0,1.0,4.703703,4.833333,3.907407,3.537037,4.425925,0.0,0.0,0.0,0.0,0.0,Yes
214086,No,d68d7e71,QAHF,,4.568421,4.304348,No,1,C80084,001,QAHF,Elective,No,Masters2,2025,Summer,20252,2024-25,1.5,74.0,,,32.0,2.0,28.0,0.0,0.0,2.0,71.879997253418,0.0,No,Building2,S,08:30:00,10.25,4.0,0.0,0.0,0.0,0.0,1.0,4.304347,4.347826,3.086956,3.217391,4.0,0.0,0.0,0.0,0.0,0.0,Yes
214087,No,d8eb743a,QAHF,Part Time,4.628572,4.6,No,1,Q32632,001,QAHF,Elective,No,Masters2,2025,Summer,20252,2024-25,3.0,74.0,Prerequisites,,28.0,1.0,27.0,0.0,0.0,0.0,85.7099990844727,0.0,No,Building1,F,08:30:00,10.25,13.0,0.0,0.0,0.0,0.0,0.916666,4.458333,4.291666,3.625,3.583333,4.458333,0.0,0.0,0.0,0.0,0.0,Yes
214088,No,14d8b814,QAHF,Part Time,4.524445,4.044898,No,1,D43425,001,QAHF,Elective,No,Masters1,2025,Summer,20252,2024-25,1.5,74.0,,,70.0,64.0,6.0,0.0,0.0,0.0,73.9100036621094,2.0,No,Building2,W,18:00:00,3.25,14.0,0.0,0.0,0.0,0.0,0.941176,4.0,4.431372,2.862745,3.0,3.784313,0.0,0.0,0.0,0.0,0.0,Yes
214089,No,8e6ee73f,QAHF,Full Time,5.0,4.96875,No,1,C26850,001,QAHF,Elective,No,Masters1,2025,Summer,20252,2024-25,3.0,74.0,Prerequisites,,34.0,21.0,3.0,0.0,0.0,10.0,94.120002746582,0.0,No,Building1,"M,T,W,R,U",09:00:00,8.0,21.0,0.0,0.0,0.0,0.0,1.21875,4.96875,5.0,3.6875,4.15625,4.78125,0.0,0.0,0.0,0.0,0.0,Yes
214099,No,640d2369,GYQP,Full Time,4.813793,4.766667,No,1,H81467,001,TRXC,Elective,No,Masters1,2025,Summer,20252,2024-25,3.0,74.0,,,34.0,23.0,3.0,0.0,0.0,8.0,88.2399978637695,0.0,No,Building2,"M,T,W,R,U",09:00:00,8.0,31.0,0.0,0.0,0.0,0.0,1.133333,4.766666,4.8,3.2,3.233333,4.733333,0.0,0.0,0.0,0.0,0.0,Yes
214100,No,7ea78d6e,NZJO,Full Time,4.952381,5.0,No,1,F18137,001,TRXC,Elective,No,Masters1,2025,Summer,20252,2024-25,3.0,74.0,Prerequisites,,21.0,13.0,1.0,0.0,0.0,7.0,100.0,0.0,No,Building1,"M,T,W,R,U",09:00:00,8.0,5.0,0.0,0.0,0.0,0.0,1.333333,5.0,4.95238,3.47619,4.047619,4.761904,0.0,0.0,0.0,0.0,0.0,Yes
214101,No,6f4c76ff,NZJO,Part Time,4.558333,4.238461,No,1,M06770,001,TRXC,Elective,No,Masters1,2025,Summer,20252,2024-25,3.0,74.0,,,35.0,13.0,19.0,0.0,0.0,3.0,80.0,0.0,No,Building2,"M,T,W,R,F",10:00:00,8.0,4.0,0.0,0.0,0.0,0.0,1.035714,4.178571,4.428571,3.214285,3.214285,4.178571,0.0,0.0,0.0,0.0,0.0,Yes
214102,No,5747340c,NZJO,Full Time,4.728571,4.809524,No,1,O25450,100,KAFN,Elective,No,Masters2,2025,Summer,20252,2024-25,3.0,74.0,,,57.0,0.0,57.0,0.0,0.0,0.0,75.4400024414063,0.0,No,off-campus,"T,W,R,F,S,U",09:00:00,8.0,1.0,0.0,0.0,0.0,0.0,1.046511,4.697674,4.72093,2.790697,3.093023,4.558139,0.0,0.0,0.0,0.0,0.0,Yes
214103,No,11a4baed,KFZN,,4.566667,4.511111,No,1,L23345,001,KAFN,Elective,No,Masters1,2025,Summer,20252,2024-25,1.5,74.0,,,29.0,26.0,0.0,0.0,0.0,3.0,75.0,0.0,No,Building2,"R,F",09:00:00,3.25,14.0,0.0,0.0,0.0,0.0,1.095238,4.285714,4.333333,2.714285,3.095238,4.190476,0.0,0.0,0.0,0.0,0.0,Yes
214104,No,76c98501,CGCH,,3.784,4.082758,No,1,N88827,001,SBFH,Elective,No,Masters2,2025,Summer,20252,2024-25,3.0,74.0,Prerequisites,,45.0,0.0,44.0,0.0,0.0,1.0,73.3300018310547,0.0,No,Building1,F,08:30:00,10.25,23.0,0.0,0.0,0.0,0.0,1.030303,3.939393,3.424242,3.212121,3.151515,3.636363,0.0,0.0,0.0,0.0,0.0,Yes
214105,No,11a4baed,KFZN,,4.333333,4.405715,No,1,L23345,002,KAFN,Elective,No,Masters1,2025,Summer,20252,2024-25,1.5,74.0,,,54.0,40.0,6.0,0.0,0.0,8.0,61.6699981689453,0.0,No,Building2,"T,W,R",09:00:00,9.0,14.0,0.0,0.0,0.0,0.0,1.054054,4.405405,4.216216,2.918918,3.54054,4.027027,0.0,0.0,0.0,0.0,0.0,Yes
214106,No,76c98501,CGCH,,3.8625,4.005405,No,1,N88827,002,SBFH,Elective,No,Masters2,2025,Summer,20252,2024-25,3.0,74.0,Prerequisites,,51.0,1.0,50.0,0.0,0.0,0.0,76.4700012207031,0.0,No,Building1,S,08:30:00,10.25,23.0,0.0,0.0,0.0,0.0,0.948717,3.974358,3.666666,3.717948,3.435897,3.871794,0.0,0.0,0.0,0.0,0.0,Yes
214107,No,de03dd37,OGPX,Full Time,4.638889,4.589189,No,1,F59053,001,SBFH,Elective,No,Masters2,2025,Summer,20252,2024-25,3.0,74.0,,Corequisite,52.0,0.0,52.0,0.0,0.0,0.0,80.7699966430664,0.0,No,Building2,R,18:00:00,3.0,4.0,0.0,0.0,0.0,0.0,1.0,4.333333,4.47619,3.666666,3.357142,4.357142,0.0,0.0,0.0,0.0,0.0,Yes
214108,No,603803a8,CGCH,Full Time,4.87027,4.778947,No,1,Z36535,001,SBFH,Elective,Yes,Masters2,2025,Summer,20252,2024-25,3.0,74.0,,Corequisite,45.0,9.0,36.0,0.0,0.0,0.0,86.6699981689453,0.0,No,Building1,F,08:30:00,10.25,,0.0,0.0,0.0,0.0,0.974358,4.76923,4.794871,3.666666,3.410256,4.743589,0.0,0.0,0.0,0.0,0.0,Yes
214109,No,603803a8,CGCH,Full Time,4.872131,4.637931,No,1,Z36535,002,SBFH,Elective,Yes,Masters2,2025,Summer,20252,2024-25,3.0,74.0,,Corequisite,73.0,2.0,71.0,0.0,0.0,0.0,85.1399993896484,19.0,No,Building1,S,08:30:00,10.25,,0.0,0.0,0.0,0.0,1.0,4.603174,4.857142,3.396825,3.301587,4.412698,0.0,0.0,0.0,0.0,0.0,Yes
214110,No,737ec218,CGCH,,4.238461,4.138462,No,1,T38733,001,SBFH,Elective,No,Masters2,2025,Summer,20252,2024-25,1.5,74.0,,Corequisite,31.0,8.0,23.0,0.0,0.0,0.0,90.3199996948242,0.0,No,Building2,S,08:30:00,10.25,3.0,0.0,0.0,0.0,0.0,1.035714,3.964285,4.178571,3.5,3.321428,4.035714,0.0,0.0,0.0,0.0,0.0,Yes
214111,No,b15e2cc2,GYQP,Part Time,4.882759,4.882759,No,1,N36516,100,SBFH,Elective,No,Masters2,2025,Summer,20252,2024-25,3.0,67.0,Prerequisites,Corequisite,41.0,6.0,35.0,0.0,0.0,0.0,75.0,0.0,No,Building2,"M,T,W,R,U",09:00:00,8.0,15.0,0.0,0.0,0.0,0.0,1.033333,4.833333,4.8,3.233333,3.533333,4.566666,0.0,0.0,0.0,0.0,0.0,Yes
214112,No,f7321d1c,CGCH,Full Time,4.264789,4.180282,No,1,O60984,001,SBFH,Elective,No,Masters1,2025,Summer,20252,2024-25,3.0,100.0,Prerequisites,,90.0,90.0,0.0,0.0,0.0,0.0,82.4199981689453,0.0,No,Building2,"T,R,F",09:00:00,3.25,65.0,0.0,0.0,0.0,0.0,0.933333,4.08,4.16,3.16,3.413333,3.933333,0.0,0.0,0.0,0.0,0.0,Yes
214113,No,f7321d1c,CGCH,Full Time,4.304918,4.129032,No,1,O60984,002,SBFH,Elective,No,Masters1,2025,Summer,20252,2024-25,3.0,100.0,Prerequisites,,76.0,76.0,0.0,0.0,0.0,0.0,84.2099990844727,0.0,No,Building2,"T,R,F",14:20:00,3.25,65.0,0.0,0.0,0.0,0.0,0.953125,4.0,4.140625,3.015625,3.59375,3.90625,0.0,0.0,0.0,0.0,0.0,Yes
214114,No,e71ad551,CGCH,Part Time,4.767347,4.712,No,1,D49006,001,SBFH,Elective,No,Masters1,2025,Summer,20252,2024-25,3.0,74.0,,Corequisite,66.0,65.0,1.0,0.0,0.0,0.0,77.2699966430664,0.0,No,Building2,"M,W,F",09:00:00,3.25,19.0,0.0,0.0,0.0,0.0,0.960784,4.705882,4.666666,3.921568,3.62745,4.490196,0.0,0.0,0.0,0.0,0.0,Yes
214115,No,0c45289c,AFQO,,4.873684,4.651429,No,1,A05341,001,SBFH,Elective,No,Masters1,2025,Summer,20252,2024-25,3.0,65.0,,Corequisite,58.0,35.0,23.0,0.0,0.0,0.0,68.9700012207031,1.0,No,Building2,"M,T,W,R,U",09:00:00,8.0,22.0,0.0,0.0,0.0,0.0,1.025,4.375,4.775,4.0,4.05,4.475,0.0,0.0,0.0,0.0,0.0,Yes
214116,No,de03dd37,OGPX,Full Time,4.863415,4.760976,No,1,T42714,001,SBFH,Elective,No,Masters1,2025,Summer,20252,2024-25,3.0,100.0,,Corequisite,99.0,98.0,0.0,0.0,0.0,1.0,87.0,5.0,No,Building2,"T,R,F",14:20:00,3.25,28.0,0.0,0.0,0.0,0.0,0.977011,4.666666,4.724137,3.735632,3.563218,4.390804,0.0,0.0,0.0,0.0,0.0,Yes
214132,No,b5b44131,USIE,Part Time,4.327273,4.345455,No,1,A61877,001,USIE,Core,No,Masters2,2025,Summer,20252,2024-25,3.0,74.0,,,42.0,0.0,0.0,0.0,0.0,42.0,88.0999984741211,0.0,No,Building1,"F,S,U",08:30:00,10.25,21.0,0.0,0.0,0.0,0.0,0.918918,4.189189,4.081081,2.891891,3.486486,3.837837,0.0,0.0,0.0,0.0,0.0,Yes
214133,No,b5b44131,USIE,Part Time,4.270588,4.115151,No,1,A61877,002,USIE,Core,No,Masters2,2025,Summer,20252,2024-25,3.0,74.0,,,42.0,0.0,0.0,0.0,0.0,42.0,88.0999984741211,0.0,No,Building1,"F,S,U",08:30:00,10.25,21.0,0.0,0.0,0.0,0.0,1.0,3.945945,4.108108,3.189189,3.459459,3.864864,0.0,0.0,0.0,0.0,0.0,Yes
214134,No,0a270635,USIE,Full Time,3.873333,3.921429,No,1,X06607,001,USIE,Core,No,Masters1,2025,Summer,20252,2024-25,1.5,74.0,Prerequisites,,39.0,39.0,0.0,0.0,0.0,0.0,82.0500030517578,0.0,No,Building2,"M,W,F",12:45:00,1.5,58.0,0.0,0.0,0.0,0.0,0.96875,3.75,3.84375,3.125,3.15625,3.1875,0.0,0.0,0.0,0.0,0.0,Yes
214135,No,0a270635,USIE,Full Time,4.0625,3.969697,No,1,X06607,002,USIE,Core,No,Masters1,2025,Summer,20252,2024-25,1.5,74.0,Prerequisites,,42.0,42.0,0.0,0.0,0.0,0.0,92.8600006103516,0.0,No,Building2,"M,W,F",14:30:00,1.5,58.0,0.0,0.0,0.0,0.0,0.948717,3.666666,3.666666,3.0,2.948717,3.51282,0.0,0.0,0.0,0.0,0.0,Yes
214136,No,0a270635,USIE,Full Time,3.876923,3.789744,No,1,X06607,003,USIE,Core,No,Masters1,2025,Summer,20252,2024-25,1.5,74.0,Prerequisites,,47.0,47.0,0.0,0.0,0.0,0.0,87.5,0.0,No,Building2,"M,W,F",16:15:00,1.5,58.0,0.0,0.0,0.0,0.0,0.97619,3.761904,3.738095,2.95238,2.880952,3.261904,0.0,0.0,0.0,0.0,0.0,Yes
214137,No,f499bf33,USIE,,4.980392,4.866667,No,1,O65055,100,USIE,Elective,No,Masters2,2025,Summer,20252,2024-25,1.5,69.0,,,67.0,0.0,67.0,0.0,0.0,0.0,77.6100006103516,0.0,No,Building2,"M,T,U",09:00:00,8.0,1.0,0.0,0.0,0.0,0.0,0.980769,4.538461,4.884615,3.25,3.788461,4.576923,0.0,0.0,0.0,0.0,0.0,Yes
214139,No,f499bf33,USIE,,4.971428,4.92,No,1,V62498,100,USIE,Elective,No,Masters2,2025,Summer,20252,2024-25,1.5,69.0,,Corequisite,64.0,0.0,64.0,0.0,0.0,0.0,78.129997253418,0.0,No,Building2,"T,W,R",09:00:00,9.0,1.0,0.0,0.0,0.0,0.0,0.98,4.92,4.92,3.24,3.86,4.56,0.0,0.0,0.0,0.0,0.0,Yes
214140,No,74314106,USIE,Part Time,4.705883,4.823529,No,1,C68031,001,USIE,Elective,No,Masters2,2025,Summer,20252,2024-25,1.5,74.0,,,21.0,4.0,17.0,0.0,0.0,0.0,80.9499969482422,0.0,No,Building2,S,08:30:00,10.25,3.0,0.0,0.0,0.0,0.0,1.0,4.823529,4.705882,3.823529,4.17647,4.294117,0.0,0.0,0.0,0.0,0.0,Yes
214141,No,f499bf33,USIE,,4.839216,4.707692,No,1,O65055,100,USIE,Elective,No,Masters2,2025,Summer,20252,2024-25,1.5,69.0,,,67.0,0.0,67.0,0.0,0.0,0.0,78.870002746582,0.0,Yes,Building2,"M,T,U",09:00:00,8.0,1.0,0.0,0.0,0.0,0.0,1.160714,4.535714,4.571428,3.107142,3.482142,4.0,0.0,0.0,0.0,0.0,0.0,Yes
214141,No,f499bf33,USIE,,4.839216,4.707692,No,1,I78372,001,USIE,Elective,No,Masters1,2025,Summer,20252,2024-25,1.5,74.0,Prerequisites,,71.0,55.0,0.0,0.0,0.0,16.0,78.870002746582,0.0,Yes,Building1,"M,T,W",09:00:00,8.0,14.0,0.0,0.0,0.0,0.0,1.160714,4.535714,4.571428,3.107142,3.482142,4.0,0.0,0.0,0.0,0.0,0.0,Yes
214142,No,35ff4b79,USIE,,4.706977,4.730233,No,1,E44373,001,USIE,Elective,No,Masters1,2025,Summer,20252,2024-25,3.0,65.0,,Corequisite,60.0,54.0,6.0,0.0,0.0,0.0,72.3099975585938,28.0,No,Building1,"M,T,W,R,U",09:00:00,8.0,39.0,0.0,0.0,0.0,0.0,1.0,4.638297,4.617021,3.680851,3.255319,4.510638,0.0,0.0,0.0,0.0,0.0,Yes
214143,No,19a6f603,USIE,Full Time,4.545946,4.422857,No,1,V76191,001,USIE,Elective,No,Masters1,2025,Summer,20252,2024-25,1.5,74.0,,Corequisite,45.0,30.0,3.0,0.0,0.0,12.0,88.8899993896484,0.0,No,Building2,"T,W,R",09:00:00,9.0,7.0,0.0,0.0,0.0,0.0,1.3,4.2,4.425,3.475,3.65,4.05,0.0,0.0,0.0,0.0,0.0,Yes
214144,No,f499bf33,USIE,,4.831579,4.769231,No,1,V62498,100,USIE,Elective,No,Masters2,2025,Summer,20252,2024-25,1.5,69.0,,Corequisite,64.0,0.0,64.0,0.0,0.0,0.0,71.9300003051758,0.0,Yes,Building2,"T,W,R",09:00:00,9.0,1.0,0.0,0.0,0.0,0.0,1.07317,4.536585,4.585365,3.219512,3.585365,4.341463,0.0,0.0,0.0,0.0,0.0,Yes
214144,No,f499bf33,USIE,,4.831579,4.769231,No,1,B62622,001,USIE,Elective,No,Masters1,2025,Summer,20252,2024-25,1.5,74.0,,Corequisite,57.0,45.0,0.0,0.0,0.0,12.0,71.9300003051758,0.0,Yes,Building1,"W,R,F",09:00:00,9.0,1.0,0.0,0.0,0.0,0.0,1.07317,4.536585,4.585365,3.219512,3.585365,4.341463,0.0,0.0,0.0,0.0,0.0,Yes
214145,No,bab51045,USIE,Full Time,4.688889,4.497143,No,1,U96439,001,USIE,Elective,No,Masters1,2025,Summer,20252,2024-25,3.0,74.0,,,57.0,37.0,5.0,0.0,0.0,15.0,68.4199981689453,0.0,No,Building2,"M,T,W,R,F",09:00:00,8.0,13.0,0.0,0.0,0.0,0.0,1.25641,4.487179,4.641025,3.487179,3.487179,4.205128,0.0,0.0,0.0,0.0,0.0,Yes
214146,No,74314106,USIE,Part Time,4.144,4.2,No,1,P92884,001,USIE,Elective,No,Masters1,2025,Summer,20252,2024-25,1.5,74.0,,,36.0,33.0,3.0,0.0,0.0,0.0,77.1399993896484,0.0,No,Building2,"R,F",18:00:00,3.25,14.0,0.0,0.0,0.0,0.0,0.962962,4.111111,3.962962,3.481481,4.0,3.851851,0.0,0.0,0.0,0.0,0.0,Yes
214147,No,0a270635,USIE,Full Time,4.783333,4.708571,No,1,K48653,001,USIE,Elective,No,Masters1,2025,Summer,20252,2024-25,1.5,74.0,,,45.0,27.0,7.0,0.0,0.0,11.0,84.4400024414063,0.0,No,Building2,"M,T,W,R,F",09:00:00,4.0,6.0,0.0,0.0,0.0,0.0,1.263157,4.657894,4.736842,3.131578,3.368421,3.842105,0.0,0.0,0.0,0.0,0.0,Yes
214148,No,225343cf,ZQOR,Full Time,4.007143,3.909091,No,1,W64260,001,IGFY,Elective,No,Masters2,2025,Summer,20252,2024-25,3.0,74.0,,,68.0,2.0,66.0,0.0,0.0,0.0,86.9599990844727,0.0,No,Building1,S,08:30:00,10.25,7.0,0.0,0.0,0.0,0.0,0.983333,3.85,3.966666,4.05,3.25,3.766666,0.0,0.0,0.0,0.0,0.0,Yes
214150,No,4b95ef5e,ZQOR,,4.433333,4.142857,No,1,O67585,100,IGFY,Elective,No,Masters2,2025,Summer,20252,2024-25,3.0,90.0,,,72.0,20.0,52.0,0.0,0.0,0.0,6.94000005722046,0.0,No,Building2,"M,T,W,R,F",09:00:00,8.0,15.0,0.0,0.0,0.0,0.0,1.2,4.2,4.4,3.2,3.0,4.0,0.0,0.0,0.0,0.0,0.0,Yes
214151,No,00ed99b6,ZQOR,Part Time,4.042857,4.118182,No,1,Y74247,001,IGFY,Elective,No,Masters2,2025,Summer,20252,2024-25,3.0,74.0,,,52.0,1.0,51.0,0.0,0.0,0.0,86.7900009155273,0.0,No,Building1,F,08:30:00,10.25,11.0,0.0,0.0,0.0,0.0,0.97826,4.086956,3.891304,3.23913,2.826086,3.956521,0.0,0.0,0.0,0.0,0.0,Yes
214152,No,0bdf6216,ZQOR,Full Time,4.234286,4.68421,No,1,Y72396,001,IGFY,Core,No,Masters2,2025,Summer,20252,2024-25,3.0,74.0,,,43.0,0.0,0.0,0.0,0.0,43.0,88.370002746582,0.0,No,Building1,"S,U",08:30:00,7.0,23.0,0.0,0.0,0.0,0.0,1.0,4.68421,4.052631,3.947368,3.394736,4.368421,0.0,0.0,0.0,0.0,0.0,Yes
214153,No,20df2d5a,ZQOR,Part Time,4.7,4.444445,No,1,Y74247,002,IGFY,Elective,No,Masters2,2025,Summer,20252,2024-25,3.0,74.0,,,44.0,2.0,42.0,0.0,0.0,0.0,93.1800003051758,0.0,No,Building1,S,08:30:00,10.25,11.0,0.0,0.0,0.0,0.0,0.926829,4.365853,4.463414,2.780487,3.121951,4.341463,0.0,0.0,0.0,0.0,0.0,Yes
214154,No,0bdf6216,ZQOR,Full Time,4.697297,4.744444,No,1,Y72396,002,IGFY,Core,No,Masters2,2025,Summer,20252,2024-25,3.0,74.0,,,43.0,0.0,0.0,0.0,0.0,43.0,93.0199966430664,0.0,No,Building1,"S,U",08:30:00,10.25,23.0,0.0,0.0,0.0,0.0,1.0,4.55,4.65,4.25,3.45,4.55,0.0,0.0,0.0,0.0,0.0,Yes
214155,No,08470d1d,ZQOR,Part Time,4.916667,4.8,No,1,W12434,100,IGFY,Elective,No,Masters2,2025,Summer,20252,2024-25,3.0,44.0,,,36.0,12.0,24.0,0.0,0.0,0.0,69.4400024414063,0.0,No,Building2,"M,T,W,R,U",09:00:00,8.0,4.0,0.0,0.0,0.0,0.0,1.08,4.8,4.72,3.4,3.48,4.72,0.0,0.0,0.0,0.0,0.0,Yes
214157,No,a1f188f8,ZQOR,Part Time,4.713044,4.730435,No,1,Y54923,001,IGFY,Elective,No,Masters2,2025,Summer,20252,2024-25,1.5,36.0,,,30.0,0.0,30.0,0.0,0.0,0.0,90.0,6.0,No,Building2,S,08:30:00,10.25,19.0,0.0,0.0,0.0,0.0,1.0,4.481481,4.629629,3.296296,3.518518,4.555555,0.0,0.0,0.0,0.0,0.0,Yes
214158,No,def0adb1,ZQOR,Part Time,4.894737,4.894737,No,1,Y54923,002,IGFY,Elective,No,Masters2,2025,Summer,20252,2024-25,1.5,36.0,,,21.0,1.0,20.0,0.0,0.0,0.0,90.4800033569336,0.0,No,Building2,F,08:30:00,10.25,19.0,0.0,0.0,0.0,0.0,1.0,4.894736,4.894736,2.894736,3.157894,4.368421,0.0,0.0,0.0,0.0,0.0,Yes
214159,No,f8fd0ba8,ZQOR,Full Time,4.193103,4.496,No,1,I78200,001,IGFY,Elective,No,Masters2,2025,Summer,20252,2024-25,3.0,74.0,,,40.0,0.0,40.0,0.0,0.0,0.0,75.0,0.0,No,Building1,S,08:30:00,10.25,8.0,0.0,0.0,0.0,0.0,0.933333,4.2,4.133333,3.066666,3.166666,4.2,0.0,0.0,0.0,0.0,0.0,Yes
214160,No,31ce692e,ZQOR,Full Time,4.390909,4.485714,No,1,B79101,001,IGFY,Elective,No,Masters2,2025,Summer,20252,2024-25,1.5,74.0,,,27.0,6.0,17.0,0.0,0.0,4.0,88.4599990844727,0.0,No,Building1,F,08:30:00,10.25,7.0,0.0,0.0,0.0,0.0,1.130434,4.47826,4.347826,3.043478,2.913043,4.347826,0.0,0.0,0.0,0.0,0.0,Yes
214161,No,225343cf,ZQOR,Full Time,3.981818,4.074286,No,1,E60397,001,IGFY,Elective,No,Masters1,2025,Summer,20252,2024-25,3.0,74.0,,,46.0,40.0,0.0,0.0,0.0,6.0,91.3000030517578,0.0,No,Building2,"T,R,F",09:00:00,3.25,1.0,0.0,0.0,0.0,0.0,1.142857,3.857142,3.761904,4.047619,3.47619,3.95238,0.0,0.0,0.0,0.0,0.0,Yes
214162,No,22fcfa2f,ZQOR,Full Time,4.72,4.626087,No,1,Q44513,001,IGFY,Elective,No,Masters1,2025,Summer,20252,2024-25,3.0,50.0,,,51.0,51.0,0.0,0.0,0.0,0.0,96.0800018310547,42.0,No,Building2,"M,T,W,R,U",09:00:00,8.0,67.0,0.0,0.0,0.0,0.0,1.0,4.571428,4.612244,2.938775,3.244897,4.346938,0.0,0.0,0.0,0.0,0.0,Yes
214163,No,0859a977,USIE,Full Time,4.793549,4.506896,No,1,Q88265,001,IGFY,Elective,No,Masters1,2025,Summer,20252,2024-25,3.0,74.0,,,83.0,82.0,0.0,0.0,0.0,1.0,79.5199966430664,19.0,No,Building2,"T,R,F",18:00:00,3.25,22.0,0.0,0.0,0.0,0.0,1.0,4.212121,4.636363,3.196969,2.863636,4.181818,0.0,0.0,0.0,0.0,0.0,Yes
214164,No,8ed4d7cb,ZQOR,Part Time,4.920162,4.847273,Yes,2,S16768,001,IGFY,Elective,No,Masters1,2025,Summer,20252,2024-25,3.0,60.0,,,56.0,43.0,8.0,0.0,1.0,4.0,100.0,17.0,Yes,Building1,"M,T,W,R,U",09:00:00,8.0,1.0,0.0,0.0,0.0,0.0,1.107142,4.803571,4.883928,2.642857,3.089285,4.392857,0.0,0.0,0.0,0.0,0.0,Yes
214164,No,a8a5288b,ZQOR,Full Time,4.938182,4.847273,Yes,2,S16768,001A,IGFY,Elective,No,Masters1,2025,Summer,20252,2024-25,3.0,60.0,,,56.0,43.0,8.0,0.0,1.0,4.0,100.0,17.0,Yes,Building1,"M,T,W,R,U",09:00:00,8.0,1.0,0.0,0.0,0.0,0.0,1.107142,4.803571,4.883928,2.642857,3.089285,4.392857,0.0,0.0,0.0,0.0,0.0,No
214165,No,def0adb1,ZQOR,Part Time,4.135484,4.1125,No,1,X37454,001,IGFY,Elective,No,Masters1,2025,Summer,20252,2024-25,1.5,36.0,,Corequisite,36.0,36.0,0.0,0.0,0.0,0.0,94.2900009155273,8.0,No,Building2,"M,F",18:00:00,3.25,61.0,0.0,0.0,0.0,0.0,1.030303,4.090909,4.090909,2.757575,2.969696,3.939393,0.0,0.0,0.0,0.0,0.0,Yes
214166,No,2b86262a,ZQOR,Part Time,4.472727,4.383333,No,1,X37454,002,IGFY,Elective,No,Masters1,2025,Summer,20252,2024-25,1.5,36.0,,Corequisite,37.0,37.0,0.0,0.0,0.0,0.0,72.9700012207031,12.0,No,Building2,T,18:00:00,3.25,61.0,0.0,0.0,0.0,0.0,0.962962,4.148148,4.148148,2.74074,2.666666,4.0,0.0,0.0,0.0,0.0,0.0,No
214167,No,3d74c303,ZQOR,Part Time,4.677273,4.533333,No,1,J40342,001,IGFY,Elective,No,Masters1,2025,Summer,20252,2024-25,1.5,74.0,,,57.0,40.0,15.0,0.0,0.0,2.0,84.2099990844727,0.0,No,Building2,"M,T,W,R,F",14:00:00,4.0,2.0,0.0,0.0,0.0,0.0,1.0,4.291666,4.520833,2.958333,3.1875,3.895833,0.0,0.0,0.0,0.0,0.0,Yes
214168,No,0e8bba51,ZQOR,Full Time,4.348936,4.258333,No,1,B51668,001,IGFY,Elective,No,Masters1,2025,Summer,20252,2024-25,3.0,74.0,,,60.0,39.0,8.0,0.0,0.0,13.0,89.8300018310547,0.0,No,Building2,"M,T,W,R,F",09:00:00,8.0,9.0,0.0,0.0,0.0,0.0,1.188679,4.113207,4.113207,3.547169,3.245283,4.132075,0.0,0.0,0.0,0.0,0.0,Yes
214169,No,68fa8635,ZQOR,Part Time,4.746757,4.591667,Yes,2,P28252,001A,IGFY,Elective,No,Masters1,2025,Summer,20252,2024-25,1.5,38.0,,,34.0,30.0,4.0,0.0,0.0,0.0,68.4199981689453,0.0,Yes,Building1,"M,T,U",08:30:00,9.0,14.0,0.0,0.0,0.0,0.0,1.0,4.5,4.807692,3.153846,3.307692,4.26923,0.0,0.0,0.0,0.0,0.0,No
214169,No,3bb7aeca,ZQOR,Full Time,4.884615,4.591667,Yes,2,P28252,001,IGFY,Elective,No,Masters1,2025,Summer,20252,2024-25,1.5,38.0,,,34.0,30.0,4.0,0.0,0.0,0.0,68.4199981689453,0.0,Yes,Building1,"M,T,U",08:30:00,9.0,14.0,0.0,0.0,0.0,0.0,1.0,4.5,4.807692,3.153846,3.307692,4.26923,0.0,0.0,0.0,0.0,0.0,Yes
214170,No,68fa8635,ZQOR,Part Time,4.92,4.624,Yes,2,P28252,002A,IGFY,Elective,No,Masters1,2025,Summer,20252,2024-25,1.5,38.0,,,36.0,24.0,11.0,0.0,0.0,1.0,72.2200012207031,3.0,Yes,Building1,"M,T,U",08:30:00,9.0,14.0,0.0,0.0,0.0,0.0,1.076923,4.615384,4.75,3.076923,3.076923,4.076923,0.0,0.0,0.0,0.0,0.0,No
214170,No,3bb7aeca,ZQOR,Full Time,4.96,4.624,Yes,2,P28252,002,IGFY,Elective,No,Masters1,2025,Summer,20252,2024-25,1.5,38.0,,,36.0,24.0,11.0,0.0,0.0,1.0,72.2200012207031,3.0,Yes,Building1,"M,T,U",08:30:00,9.0,14.0,0.0,0.0,0.0,0.0,1.076923,4.615384,4.75,3.076923,3.076923,4.076923,0.0,0.0,0.0,0.0,0.0,Yes
214173,No,ce03109b,VUFA,,4.688,4.688889,No,1,J10369,001,WIRK,Elective,No,Masters2,2025,Summer,20252,2024-25,1.5,74.0,,,46.0,17.0,28.0,0.0,0.0,1.0,60.8699989318848,0.0,No,Building2,S,08:30:00,10.25,3.0,0.0,0.0,0.0,0.0,0.892857,4.678571,4.5,3.035714,3.5,4.464285,0.0,0.0,0.0,0.0,0.0,Yes
214175,No,e37960d2,VUFA,Part Time,4.511111,4.288889,Yes,3,Y52112,100,WIRK,Elective,No,Masters2,2025,Summer,20252,2024-25,3.0,53.0,,,44.0,6.0,38.0,0.0,0.0,0.0,68.1800003051758,0.0,Yes,Building2,"M,T,W,R,F",09:00:00,8.0,3.0,0.0,0.0,0.0,0.0,1.033333,4.133333,4.411111,2.966666,2.8,4.0,0.0,0.0,0.0,0.0,0.0,Yes
214175,No,ba223305,YICC,Full Time,4.542857,4.288889,Yes,3,Y52112,100A,WIRK,Elective,No,Masters2,2025,Summer,20252,2024-25,3.0,53.0,,,44.0,6.0,38.0,0.0,0.0,0.0,68.1800003051758,0.0,Yes,Building2,"M,T,W,R,F",09:00:00,8.0,3.0,0.0,0.0,0.0,0.0,1.033333,4.133333,4.411111,2.966666,2.8,4.0,0.0,0.0,0.0,0.0,0.0,No
214175,No,26ad11c9,VUFA,Part Time,4.477642,4.288889,Yes,3,Y52112,100B,WIRK,Elective,No,Masters2,2025,Summer,20252,2024-25,3.0,53.0,,,44.0,6.0,38.0,0.0,0.0,0.0,68.1800003051758,0.0,Yes,Building2,"M,T,W,R,F",09:00:00,8.0,3.0,0.0,0.0,0.0,0.0,1.033333,4.133333,4.411111,2.966666,2.8,4.0,0.0,0.0,0.0,0.0,0.0,No
214177,No,36d61998,VUFA,Full Time,4.130769,3.865385,No,1,U88506,001,WIRK,Elective,No,Masters1,2025,Summer,20252,2024-25,1.5,74.0,,,65.0,63.0,1.0,0.0,0.0,1.0,87.6900024414063,0.0,No,Building2,"M,W,F",10:50:00,1.5,4.0,0.0,0.0,0.0,0.0,0.964912,3.824561,3.947368,2.754385,3.0,3.438596,0.0,0.0,0.0,0.0,0.0,No
214180,No,bc569381,VUFA,Part Time,4.72381,4.59,No,1,U93849,001,WIRK,Elective,No,Masters1,2025,Summer,20252,2024-25,3.0,74.0,,,68.0,40.0,4.0,0.0,0.0,24.0,90.1399993896484,0.0,No,Building2,"M,T,W,R,U",09:00:00,8.0,17.0,0.0,0.0,0.0,0.0,1.3125,4.53125,4.671875,3.265625,3.234375,4.375,0.0,0.0,0.0,0.0,0.0,Yes
214181,No,ce8f8233,VUFA,Full Time,4.788571,4.652941,No,1,G48390,001,WIRK,Elective,No,Masters1,2025,Summer,20252,2024-25,3.0,54.0,,,50.0,37.0,6.0,0.0,0.0,7.0,78.0,17.0,No,Building2,"M,T,W,R,U",09:00:00,8.0,13.0,0.0,0.0,0.0,0.0,1.102564,4.282051,4.410256,3.358974,3.564102,3.794871,0.0,0.0,0.0,0.0,0.0,Yes
214182,No,8a06b1c0,VUFA,Full Time,3.990476,4.226087,No,1,T73232,001,WIRK,Elective,No,Masters1,2025,Summer,20252,2024-25,3.0,74.0,,,34.0,15.0,9.0,0.0,0.0,10.0,75.7600021362305,0.0,No,Building1,"M,T,W,R,F",09:00:00,8.0,11.0,0.0,0.0,0.0,0.0,1.2,4.16,3.76,3.76,3.08,4.24,0.0,0.0,0.0,0.0,0.0,Yes
214437,No,0bdf6216,ZQOR,Full Time,4.979592,4.92,No,1,Y72396,300,IGFY,Core,No,Masters2,2025,Summer,20252,2024-25,3.0,74.0,,,54.0,0.0,21.0,0.0,0.0,33.0,90.9100036621094,0.0,No,Building2,"F,S,U",08:30:00,7.5,23.0,0.0,0.0,0.0,0.0,1.0,4.92,4.88,3.86,3.32,4.54,0.0,0.0,0.0,0.0,0.0,Yes
214656,Yes,f6048899,,Part Time,3.162818,3.485362,No,1,H74641,D01,IGFY,Elective,No,Masters1,2025,Summer,20252,2024-25,1.5,100.0,,,226.0,226.0,0.0,0.0,0.0,0.0,46.7000007629395,0.0,No,off-campus,,,,3.0,0.0,0.0,0.0,0.0,0.962264,3.273584,2.76415,2.462264,2.132075,2.698113,0.0,0.0,0.0,0.0,0.0,No
214819,No,ba223305,YICC,Full Time,5.0,5.0,No,1,Q08967,001,WIRK,Elective,No,Masters1,2025,Summer,20252,2024-25,3.0,30.0,,,6.0,6.0,0.0,0.0,0.0,0.0,66.6699981689453,0.0,No,off-campus,"M,T,W,R,U",09:00:00,8.0,4.0,0.0,0.0,0.0,0.0,1.0,5.0,5.0,3.0,3.25,4.75,0.0,0.0,0.0,0.0,0.0,No
216734,Yes,e569324e,USIE,Part Time,4.055814,3.505553,No,1,X06607,004,USIE,Core,No,Masters1,2025,Summer,20252,2024-25,1.5,74.0,Prerequisites,,50.0,50.0,0.0,0.0,0.0,0.0,94.0,0.0,No,Building2,"M,W,F",14:30:00,1.5,58.0,0.0,0.0,0.0,0.0,0.978723,3.425531,3.978723,3.042553,2.702127,3.255319,0.0,0.0,0.0,0.0,0.0,Yes
220393,Yes,2fb45d8b,VUFA,Part Time,4.478788,4.305555,No,1,P27387,001,WIRK,Elective,Yes,Masters2,2025,Summer,20252,2024-25,1.5,50.0,,,39.0,7.0,32.0,0.0,0.0,0.0,92.3099975585938,0.0,No,Building1,S,08:30:00,10.25,,0.0,0.0,0.0,0.0,1.027777,4.305555,4.444444,2.25,3.0,4.166666,0.0,0.0,0.0,0.0,0.0,Yes
1,No,b0341314,,Part Time,3.944636,4.394595,Yes,3,D52621,001,SBFH,Elective,No,Masters1,2025,Spring,20251,2024-25,3.0,40.0,Prerequisites,,25.0,25.0,0.0,0.0,0.0,0.0,90.4800033569336,0.0,Yes,Building1,R,14:20:00,3.25,2.0,4.263157,4.789473,4.736842,3.605263,1.342105,4.368421,4.157894,3.552631,3.131578,4.18421,4.289473,4.5,4.210526,4.078947,4.5,Yes
1,No,37d16a3b,KFZN,Full Time,4.718919,4.394595,Yes,3,D52621,001A,SBFH,Elective,No,Masters1,2025,Spring,20251,2024-25,3.0,40.0,Prerequisites,,25.0,25.0,0.0,0.0,0.0,0.0,90.4800033569336,0.0,Yes,Building1,R,14:20:00,3.25,2.0,4.263157,4.789473,4.736842,3.605263,1.342105,4.368421,4.157894,3.552631,3.131578,4.18421,4.289473,4.5,4.210526,4.078947,4.5,No
1,No,ae68aed1,CGCH,Part Time,4.52,4.394595,Yes,3,D52621,001B,SBFH,Elective,No,Masters1,2025,Spring,20251,2024-25,3.0,40.0,Prerequisites,,25.0,25.0,0.0,0.0,0.0,0.0,90.4800033569336,0.0,Yes,Building1,R,14:20:00,3.25,2.0,4.263157,4.789473,4.736842,3.605263,1.342105,4.368421,4.157894,3.552631,3.131578,4.18421,4.289473,4.5,4.210526,4.078947,4.5,No
1,Yes,52e1d11b,,Part Time,4.629643,4.386207,Yes,2,O02690,001,TRXC,Elective,No,Masters1,2025,Spring,20251,2024-25,3.0,30.0,,,26.0,25.0,0.0,0.0,0.0,1.0,73.8099975585938,0.0,Yes,Building1,W,09:00:00,3.25,29.0,4.193548,4.645161,4.677419,3.032258,1.354838,4.32258,4.580645,3.258064,2.677419,3.870967,4.225806,4.451612,4.32258,4.193548,4.580645,Yes
1,No,bfe76817,NZJO,Full Time,4.765517,4.386207,Yes,2,O02690,001A,TRXC,Elective,No,Masters1,2025,Spring,20251,2024-25,3.0,30.0,,,26.0,25.0,0.0,0.0,0.0,1.0,73.8099975585938,0.0,Yes,Building1,W,09:00:00,3.25,29.0,4.193548,4.645161,4.677419,3.032258,1.354838,4.32258,4.580645,3.258064,2.677419,3.870967,4.225806,4.451612,4.32258,4.193548,4.580645,No
208607,No,54871f7d,NZJO,,4.702564,4.702564,No,1,E03990,100,TRXC,Elective,No,Masters2,2025,Spring,20251,2024-25,3.0,67.0,,,55.0,4.0,51.0,0.0,0.0,0.0,78.1800003051758,0.0,No,Building2,"M,T,W,R,U",09:00:00,8.0,11.0,4.465116,4.72093,4.44186,3.093023,1.023255,4.581395,4.627906,3.767441,3.395348,4.44186,4.674418,4.604651,4.581395,3.953488,4.488372,Yes
208633,No,78a33cd1,CGCH,Part Time,5.0,4.85,No,1,N88827,001,SBFH,Elective,No,Masters2,2025,Spring,20251,2024-25,3.0,74.0,Prerequisites,,19.0,0.0,19.0,0.0,0.0,0.0,89.4700012207031,0.0,No,Building1,T,18:00:00,3.0,20.0,4.529411,4.705882,5.0,2.941176,1.0,4.823529,4.705882,3.529411,3.470588,4.705882,4.823529,4.941176,4.764705,4.764705,4.588235,Yes
208634,No,13b49786,CGCH,Full Time,4.693333,4.696552,Yes,2,P67485,100,SBFH,Elective,No,Masters2,2025,Spring,20251,2024-25,3.0,67.0,Prerequisites,,45.0,1.0,44.0,0.0,0.0,0.0,62.2599983215332,0.0,Yes,off-campus,"M,T,W,R,U",09:00:00,8.0,4.0,4.393939,4.545454,4.636363,2.787878,1.030303,4.272727,4.287878,4.30303,3.939393,4.121212,4.333333,4.424242,4.242424,3.939393,4.545454,Yes
208634,No,3f50edac,CGCH,Part Time,4.186922,4.696552,Yes,2,P67485,100A,SBFH,Elective,No,Masters2,2025,Spring,20251,2024-25,3.0,67.0,Prerequisites,,45.0,1.0,44.0,0.0,0.0,0.0,62.2599983215332,0.0,Yes,off-campus,"M,T,W,R,U",09:00:00,8.0,4.0,4.393939,4.545454,4.636363,2.787878,1.030303,4.272727,4.287878,4.30303,3.939393,4.121212,4.333333,4.424242,4.242424,3.939393,4.545454,No
208635,No,1dd4c4e2,ZQOR,Part Time,4.787755,4.828571,No,1,Z45537,100,IGFY,Elective,No,Masters2,2025,Spring,20251,2024-25,3.0,74.0,,,56.0,1.0,55.0,0.0,0.0,0.0,87.7200012207031,0.0,No,Building2,"M,T,W,R,F",09:00:00,8.0,8.0,4.48,4.82,4.62,3.32,1.0,4.82,4.74,3.1,3.18,4.52,4.58,4.68,4.72,4.38,4.82,Yes
208636,No,51f2fdbf,ZQOR,Full Time,4.567273,4.549091,No,1,B24956,100,IGFY,Elective,No,Masters2,2025,Spring,20251,2024-25,3.0,70.0,,,66.0,0.0,66.0,0.0,0.0,0.0,85.2900009155273,0.0,No,Building2,"M,T,W,R,U",09:00:00,8.0,8.0,4.120689,4.534482,4.517241,3.172413,1.017241,4.431034,4.465517,3.137931,2.793103,4.206896,4.206896,4.465517,4.189655,3.844827,4.448275,Yes
208639,No,d3239ca2,VUFA,Part Time,4.527429,4.632,Yes,2,F37100,100,WIRK,Elective,No,Masters2,2025,Spring,20251,2024-25,3.0,35.0,,,32.0,2.0,30.0,0.0,0.0,0.0,87.5,0.0,Yes,Building2,"M,T,W,R,U",09:00:00,8.0,2.0,4.25,4.571428,4.392857,3.321428,0.964285,4.571428,4.5,3.357142,3.392857,4.25,4.642857,4.678571,4.642857,4.678571,4.642857,Yes
208639,No,3ec30635,VUFA,Full Time,4.661539,4.632,Yes,2,F37100,100A,WIRK,Elective,No,Masters2,2025,Spring,20251,2024-25,3.0,35.0,,,32.0,2.0,30.0,0.0,0.0,0.0,87.5,0.0,Yes,Building2,"M,T,W,R,U",09:00:00,8.0,2.0,4.25,4.571428,4.392857,3.321428,0.964285,4.571428,4.5,3.357142,3.392857,4.25,4.642857,4.678571,4.642857,4.678571,4.642857,No
208720,No,eb4d8a10,NZJO,Full Time,4.888889,4.788889,No,1,T03959,001,TRXC,Core,No,Masters2,2025,Spring,20251,2024-25,1.5,74.0,,,64.0,0.0,64.0,0.0,0.0,0.0,87.5,0.0,No,Building1,"T, R, F, S",08:30:00,10.25,12.0,4.303571,4.767857,4.714285,2.678571,1.0,4.696428,4.714285,3.125,3.696428,4.303571,4.696428,4.821428,4.517857,4.482142,4.625,Yes
208721,No,eb4d8a10,NZJO,Full Time,4.689796,4.476596,No,1,T03959,002,TRXC,Core,No,Masters2,2025,Spring,20251,2024-25,1.5,74.0,,,59.0,0.0,59.0,0.0,0.0,0.0,86.6699981689453,0.0,No,Building1,"T, R, F, S",08:30:00,10.25,12.0,3.942307,4.711538,4.576923,2.942307,1.0,4.346153,4.634615,3.096153,3.403846,4.134615,4.442307,4.461538,4.461538,4.26923,4.615384,Yes
208722,No,cdc4c1dd,NZJO,Part Time,4.846154,4.545946,No,1,T03959,003,TRXC,Core,No,Masters2,2025,Spring,20251,2024-25,1.5,74.0,,,50.0,0.0,50.0,0.0,0.0,0.0,78.0,0.0,No,Building1,"U, F, S",08:30:00,10.25,12.0,4.25641,4.641025,4.333333,3.102564,0.974358,4.487179,4.846153,2.846153,3.307692,4.179487,4.641025,4.641025,4.538461,4.435897,4.717948,Yes
208723,No,cdc4c1dd,NZJO,Part Time,4.865,4.663158,No,1,T03959,004,TRXC,Core,No,Masters2,2025,Spring,20251,2024-25,1.5,74.0,,,51.0,0.0,51.0,0.0,0.0,0.0,80.3899993896484,0.0,No,Building1,"U, F, S",08:30:00,10.25,12.0,4.341463,4.829268,4.609756,3.09756,0.975609,4.536585,4.853658,3.121951,3.146341,4.02439,4.585365,4.804878,4.560975,4.658536,4.634146,Yes
208724,No,eb4d8a10,NZJO,Full Time,4.869231,4.762963,No,1,Q95413,001,TRXC,Core,No,Masters2,2025,Spring,20251,2024-25,1.5,74.0,,,61.0,0.0,61.0,0.0,0.0,0.0,91.8000030517578,0.0,No,Building1,"F, S",08:30:00,10.25,20.0,4.321428,4.553571,4.517857,2.571428,1.0,4.732142,4.642857,3.214285,3.428571,4.25,4.589285,4.714285,4.678571,4.303571,4.714285,Yes
208725,No,eb4d8a10,NZJO,Full Time,4.733333,4.522727,No,1,Q95413,002,TRXC,Core,No,Masters2,2025,Spring,20251,2024-25,1.5,74.0,,,54.0,0.0,54.0,0.0,0.0,0.0,90.9100036621094,0.0,No,Building1,"F, S",08:30:00,10.25,20.0,4.2,4.58,4.58,3.04,1.0,4.38,4.7,3.26,3.44,4.12,4.44,4.4,4.28,4.16,4.42,Yes
208726,No,cdc4c1dd,NZJO,Part Time,4.78125,4.653333,No,1,Q95413,003,TRXC,Core,No,Masters2,2025,Spring,20251,2024-25,1.5,74.0,,,38.0,0.0,38.0,0.0,0.0,0.0,84.2099990844727,0.0,No,Building1,S,08:30:00,7.0,20.0,4.28125,4.65625,4.59375,3.1875,0.96875,4.5,4.78125,3.125,3.3125,4.34375,4.59375,4.46875,4.59375,4.34375,4.6875,Yes
208727,No,cdc4c1dd,NZJO,Part Time,4.825,4.718919,No,1,Q95413,004,TRXC,Core,No,Masters2,2025,Spring,20251,2024-25,1.5,74.0,,,43.0,0.0,43.0,0.0,0.0,0.0,93.0199966430664,0.0,No,Building1,S,08:30:00,10.25,20.0,4.25,4.9,4.6,3.275,1.0,4.475,4.825,3.125,3.3,4.3,4.65,4.8,4.725,4.575,4.825,Yes
208728,No,f499bf33,USIE,Full Time,4.847457,4.762712,No,1,K14498,001,USIE,Core,No,Masters2,2025,Spring,20251,2024-25,1.5,74.0,,,63.0,0.0,63.0,0.0,0.0,0.0,93.6500015258789,0.0,No,Building1,"M, T, W, F, S",08:30:00,10.25,21.0,4.576271,4.779661,4.694915,2.745762,1.0,4.762711,4.847457,3.491525,3.813559,4.423728,4.644067,4.762711,4.559322,4.305084,4.644067,Yes
208729,No,f499bf33,USIE,Full Time,4.811111,4.527273,No,1,K14498,002,USIE,Core,No,Masters2,2025,Spring,20251,2024-25,1.5,74.0,,,57.0,0.0,57.0,0.0,0.0,0.0,65.5199966430664,0.0,No,Building1,"M, T, W, F, S",12:30:00,6.25,21.0,4.447368,4.868421,4.657894,2.842105,0.947368,4.342105,4.789473,3.5,3.842105,4.210526,4.421052,4.605263,4.447368,4.131578,4.631578,Yes
208730,No,bb4629fd,USIE,Part Time,4.126667,3.815385,No,1,K14498,003,USIE,Core,No,Masters2,2025,Spring,20251,2024-25,1.5,74.0,,,44.0,0.0,44.0,0.0,0.0,0.0,75.0,0.0,No,Building1,"U, F, S",08:30:00,10.25,21.0,3.939393,4.545454,4.393939,2.787878,0.969696,3.696969,4.060606,3.393939,3.636363,3.484848,4.060606,4.060606,3.818181,3.848484,4.393939,Yes
208731,No,bb4629fd,USIE,Part Time,4.297561,4.25,No,1,K14498,004,USIE,Core,No,Masters2,2025,Spring,20251,2024-25,1.5,74.0,,,48.0,0.0,48.0,0.0,0.0,0.0,91.6699981689453,0.0,No,Building1,"U, F, S",08:30:00,10.25,21.0,4.090909,4.704545,4.568181,2.75,1.0,4.25,4.15909,3.431818,3.454545,4.022727,4.0,4.045454,3.886363,3.386363,4.295454,Yes
208732,No,de05c262,USIE,Full Time,4.086957,4.06383,No,1,I97516,001,USIE,Core,No,Masters2,2025,Spring,20251,2024-25,1.5,74.0,,,60.0,0.0,60.0,0.0,0.0,0.0,88.3300018310547,0.0,No,Building1,"F, S",08:30:00,10.25,21.0,3.886792,4.169811,4.35849,2.584905,0.962264,3.90566,3.849056,3.150943,3.188679,3.679245,3.773584,3.849056,3.773584,3.679245,4.35849,Yes
208733,No,de05c262,USIE,Full Time,3.951111,3.809756,No,1,I97516,002,USIE,Core,No,Masters2,2025,Spring,20251,2024-25,1.5,74.0,,,57.0,0.0,57.0,0.0,0.0,0.0,84.4800033569336,0.0,No,Building1,"F, S",08:30:00,10.25,21.0,4.0,4.265306,4.510204,2.571428,0.959183,3.653061,3.816326,3.081632,3.224489,3.428571,3.714285,3.673469,3.77551,3.714285,4.183673,Yes
208734,No,de05c262,USIE,Full Time,3.927273,3.730435,No,1,I97516,003,USIE,Core,No,Masters2,2025,Spring,20251,2024-25,1.5,74.0,,,41.0,0.0,41.0,0.0,0.0,0.0,63.4099998474121,0.0,No,Building1,S,08:30:00,10.25,21.0,4.0,4.384615,4.384615,3.153846,0.923076,3.692307,3.846153,3.115384,3.461538,3.653846,3.923076,4.0,3.884615,3.615384,4.230769,Yes
208735,No,de05c262,USIE,Full Time,4.376923,4.2,No,1,I97516,004,USIE,Core,No,Masters2,2025,Spring,20251,2024-25,1.5,74.0,,,44.0,0.0,44.0,0.0,0.0,0.0,70.4499969482422,0.0,No,Building1,S,08:30:00,10.25,21.0,4.0,4.451612,4.387096,2.48387,1.0,4.032258,3.967741,3.0,3.258064,3.903225,4.0,4.032258,4.096774,3.774193,4.516129,Yes
208736,No,4a167fe4,CGCH,Part Time,4.824,4.689796,No,1,P89516,001,SBFH,Core,No,Masters2,2025,Spring,20251,2024-25,1.5,74.0,,,59.0,0.0,59.0,0.0,0.0,0.0,88.1399993896484,0.0,No,Building1,"W, R, F, S",08:30:00,10.25,2.0,4.403846,4.788461,4.76923,2.692307,0.980769,4.673076,4.807692,3.576923,3.826923,4.365384,4.211538,4.596153,4.51923,3.980769,4.596153,Yes
208737,No,4a167fe4,CGCH,Part Time,4.826667,4.742222,No,1,P89516,002,SBFH,Core,No,Masters2,2025,Spring,20251,2024-25,1.5,74.0,,,54.0,0.0,54.0,0.0,0.0,0.0,89.0899963378906,0.0,No,Building1,"W, R, F, S",08:30:00,10.25,2.0,4.408163,4.836734,4.387755,3.020408,1.0,4.714285,4.612244,3.428571,3.673469,4.306122,4.591836,4.755102,4.653061,4.489795,4.673469,Yes
208738,No,4a167fe4,CGCH,Part Time,4.760784,4.72,No,1,R15699,001,SBFH,Core,No,Masters2,2025,Spring,20251,2024-25,1.5,74.0,Prerequisites,,58.0,0.0,58.0,0.0,0.0,0.0,94.8300018310547,0.0,No,Building1,"F, S",08:30:00,10.25,2.0,4.454545,4.781818,4.690909,2.890909,0.963636,4.618181,4.581818,3.6,3.454545,4.30909,4.436363,4.563636,4.6,4.181818,4.690909,Yes
208740,No,26f46dca,VUFA,Full Time,4.040816,4.04,Yes,2,R22062,001A,WIRK,Core,No,Masters2,2025,Spring,20251,2024-25,3.0,74.0,,,59.0,0.0,59.0,0.0,0.0,0.0,83.0500030517578,0.0,Yes,Building1,"M, T, W, R, F, S",08:30:00,10.25,23.0,4.020408,4.367346,4.346938,2.836734,0.979591,3.918367,4.265306,3.204081,3.224489,3.612244,4.285714,4.448979,4.224489,4.081632,4.653061,No
208740,No,44b57473,VUFA,,4.495652,4.04,Yes,2,R22062,001,WIRK,Core,No,Masters2,2025,Spring,20251,2024-25,3.0,74.0,,,59.0,0.0,59.0,0.0,0.0,0.0,83.0500030517578,0.0,Yes,Building1,"M, T, W, R, F, S",08:30:00,10.25,23.0,4.020408,4.367346,4.346938,2.836734,0.979591,3.918367,4.265306,3.204081,3.224489,3.612244,4.285714,4.448979,4.224489,4.081632,4.653061,Yes
208741,No,26f46dca,VUFA,Full Time,3.837174,4.106667,Yes,2,R22062,002A,WIRK,Core,No,Masters2,2025,Spring,20251,2024-25,3.0,74.0,,,59.0,0.0,59.0,0.0,0.0,0.0,84.75,0.0,Yes,Building1,"M, T, W, R, F, S",08:30:00,10.25,23.0,3.96,4.58,4.24,3.0,0.98,3.9,4.15,3.12,3.04,3.92,4.54,4.6,4.52,4.24,4.64,No
208741,No,44b57473,VUFA,,4.655319,4.106667,Yes,2,R22062,002,WIRK,Core,No,Masters2,2025,Spring,20251,2024-25,3.0,74.0,,,59.0,0.0,59.0,0.0,0.0,0.0,84.75,0.0,Yes,Building1,"M, T, W, R, F, S",08:30:00,10.25,23.0,3.96,4.58,4.24,3.0,0.98,3.9,4.15,3.12,3.04,3.92,4.54,4.6,4.52,4.24,4.64,Yes
208747,No,4073e50a,QAHF,Full Time,4.388235,4.521739,No,1,B80262,001,QAHF,Core,No,Masters1,2025,Spring,20251,2024-25,3.0,74.0,,,65.0,59.0,0.0,0.0,0.0,6.0,84.379997253418,0.0,No,Building1,"T,R",10:50:00,1.5,59.0,4.203703,4.444444,4.611111,2.981481,1.018518,4.185185,4.333333,3.574074,3.407407,4.037037,4.148148,4.037037,4.277777,4.037037,4.388888,Yes
208749,No,14a85f87,QAHF,Part Time,3.980952,4.314286,No,1,B80262,002,QAHF,Core,No,Masters1,2025,Spring,20251,2024-25,3.0,74.0,,,62.0,58.0,0.0,0.0,0.0,4.0,37.0999984741211,0.0,No,Building1,"T,R",10:50:00,1.5,59.0,4.043478,4.434782,3.869565,3.043478,1.0,4.043478,3.73913,3.695652,3.347826,3.173913,3.521739,3.47826,3.521739,3.304347,3.869565,Yes
208750,No,4073e50a,QAHF,Full Time,4.417778,4.34902,No,1,B80262,003,QAHF,Core,No,Masters1,2025,Spring,20251,2024-25,3.0,74.0,,,63.0,58.0,0.0,0.0,0.0,5.0,85.7099990844727,0.0,No,Building1,"T,R",09:00:00,1.5,59.0,4.074074,4.37037,4.24074,2.685185,1.092592,4.24074,4.24074,3.629629,3.388888,3.944444,4.222222,4.0,4.185185,3.777777,4.277777,Yes
208752,No,4073e50a,QAHF,Full Time,4.355556,4.409524,No,1,B80262,004,QAHF,Core,No,Masters1,2025,Spring,20251,2024-25,3.0,74.0,,,61.0,61.0,0.0,0.0,0.0,0.0,81.9700012207031,0.0,No,Building1,"T,R",14:20:00,1.5,59.0,4.2,4.44,4.74,2.82,1.0,4.24,4.24,3.5,3.42,3.94,3.94,3.8,4.22,3.52,4.36,Yes
208756,No,b8b7c818,VUFA,Full Time,4.515385,4.404878,Yes,2,X19759,001,WPUS,Elective,No,Masters1,2025,Spring,20251,2024-25,3.0,120.0,,,112.0,101.0,2.0,1.0,0.0,8.0,84.8199996948242,0.0,Yes,Building2,"T,W,R,F,S",09:00:00,8.0,12.0,4.08421,4.389473,4.294736,2.947368,1.042105,4.315789,4.278947,3.073684,3.357894,3.873684,4.147368,4.305263,4.221052,3.28421,4.357894,Yes
208756,No,bfe76817,NZJO,Full Time,4.509069,4.404878,Yes,2,X19759,001A,WPUS,Elective,No,Masters1,2025,Spring,20251,2024-25,3.0,120.0,,,112.0,101.0,2.0,1.0,0.0,8.0,84.8199996948242,0.0,Yes,Building2,"T,W,R,F,S",09:00:00,8.0,12.0,4.08421,4.389473,4.294736,2.947368,1.042105,4.315789,4.278947,3.073684,3.357894,3.873684,4.147368,4.305263,4.221052,3.28421,4.357894,No
208761,No,7ea78d6e,NZJO,Full Time,4.819231,4.668085,No,1,I48088,001,TRXC,Core,No,Masters1,2025,Spring,20251,2024-25,1.5,74.0,,,57.0,57.0,0.0,0.0,0.0,0.0,96.4899978637695,0.0,No,Building1,"M,W",14:20:00,1.5,59.0,4.327272,4.890909,4.763636,3.0,1.0,4.272727,4.636363,3.527272,3.218181,4.272727,4.381818,4.618181,4.50909,4.018181,4.727272,Yes
208762,No,7ea78d6e,NZJO,Full Time,4.826923,4.567347,No,1,I48088,002,TRXC,Core,No,Masters1,2025,Spring,20251,2024-25,1.5,74.0,,,57.0,57.0,0.0,0.0,0.0,0.0,91.2300033569336,0.0,No,Building1,"M,W",10:50:00,1.5,59.0,4.173076,4.76923,4.576923,2.865384,1.0,4.51923,4.826923,3.51923,3.576923,4.0,4.480769,4.730769,4.480769,3.903846,4.576923,Yes
208763,No,7ea78d6e,NZJO,Full Time,4.927273,4.785455,No,1,I48088,003,TRXC,Core,No,Masters1,2025,Spring,20251,2024-25,1.5,74.0,,,59.0,59.0,0.0,0.0,0.0,0.0,96.6100006103516,0.0,No,Building1,"M,W",16:10:00,1.5,59.0,4.333333,4.842105,4.824561,3.22807,1.0,4.754385,4.754385,3.561403,3.421052,4.157894,4.649122,4.68421,4.508771,3.964912,4.508771,Yes
208764,No,7ea78d6e,NZJO,Full Time,4.957895,4.738983,No,1,I48088,004,TRXC,Core,No,Masters1,2025,Spring,20251,2024-25,1.5,74.0,,,60.0,60.0,0.0,0.0,0.0,0.0,100.0,0.0,No,Building1,"M,W",09:00:00,1.5,59.0,4.016666,4.733333,4.566666,2.9,0.983333,4.733333,4.783333,3.35,3.366666,3.983333,4.416666,4.8,4.433333,3.666666,4.683333,Yes
208765,No,8c237bf8,NZJO,Full Time,4.239216,4.184,No,1,D09899,001,TRXC,Core,No,Masters1,2025,Spring,20251,2024-25,1.5,74.0,,,58.0,58.0,0.0,0.0,0.0,0.0,93.0999984741211,0.0,No,Building1,"M,W",14:20:00,1.5,59.0,3.962962,4.444444,4.555555,3.277777,1.0,3.981481,4.129629,3.037037,3.0,3.796296,4.092592,4.037037,4.259259,3.703703,4.518518,Yes
208766,No,8c237bf8,NZJO,Full Time,4.773913,4.693617,No,1,D09899,002,TRXC,Core,No,Masters1,2025,Spring,20251,2024-25,1.5,74.0,,,53.0,53.0,0.0,0.0,0.0,0.0,92.4499969482422,0.0,No,Building1,"M,W",10:50:00,1.5,59.0,4.040816,4.469387,4.346938,3.061224,0.979591,4.55102,4.530612,2.918367,3.408163,4.204081,4.163265,4.530612,4.285714,3.653061,4.428571,Yes
208767,No,8c237bf8,NZJO,Full Time,4.738776,4.495833,No,1,D09899,003,TRXC,Core,No,Masters1,2025,Spring,20251,2024-25,1.5,74.0,,,57.0,57.0,0.0,0.0,0.0,0.0,89.4700012207031,0.0,No,Building1,"M,W",16:10:00,1.5,59.0,4.039215,4.745098,4.549019,3.17647,1.0,4.45098,4.686274,2.843137,3.137254,4.117647,4.372549,4.392156,4.235294,3.823529,4.45098,Yes
208768,No,8c237bf8,NZJO,Full Time,4.543396,4.603921,No,1,D09899,004,TRXC,Core,No,Masters1,2025,Spring,20251,2024-25,1.5,74.0,,,59.0,59.0,0.0,0.0,0.0,0.0,94.9199981689453,0.0,No,Building1,"M,W",09:00:00,1.5,59.0,3.892857,4.75,4.607142,2.982142,1.0,4.410714,4.517857,2.910714,3.178571,4.107142,4.410714,4.482142,4.464285,3.803571,4.607142,Yes
208769,No,bdf25857,NZJO,Full Time,4.670588,4.524,No,1,H81467,001,TRXC,Elective,No,Masters1,2025,Spring,20251,2024-25,3.0,74.0,,,58.0,54.0,1.0,2.0,0.0,1.0,91.379997253418,11.0,No,Building2,"T,W,R,F,S",09:00:00,8.0,28.0,4.320754,4.641509,4.566037,3.301886,1.0,4.396226,4.603773,3.433962,3.509433,4.490566,4.471698,4.660377,4.566037,4.056603,4.660377,Yes
208770,No,d5ff7468,CGCH,Part Time,4.748,4.677778,No,1,H14240,001,SBFH,Core,No,Masters1,2025,Spring,20251,2024-25,1.5,74.0,,,58.0,58.0,0.0,0.0,0.0,0.0,96.5500030517578,0.0,No,Building1,"M,W",09:00:00,1.5,36.0,4.178571,4.803571,4.589285,2.910714,1.0,4.589285,4.535714,3.053571,3.25,4.071428,4.410714,4.464285,4.5,3.964285,4.660714,Yes
208771,No,73a0cc16,CGCH,Full Time,4.095652,4.27451,No,1,H14240,002,SBFH,Core,No,Masters1,2025,Spring,20251,2024-25,1.5,74.0,,,57.0,57.0,0.0,0.0,0.0,0.0,89.4700012207031,0.0,No,Building1,"M,W",16:10:00,1.5,36.0,4.0,4.470588,4.490196,3.039215,0.941176,4.274509,3.960784,3.254901,3.666666,4.0,3.784313,3.980392,4.254901,3.568627,4.235294,Yes
208772,No,73a0cc16,CGCH,Full Time,3.600527,3.995833,No,1,H14240,003,SBFH,Core,No,Masters1,2025,Spring,20251,2024-25,1.5,74.0,,,57.0,57.0,0.0,0.0,0.0,0.0,92.9800033569336,0.0,No,Building1,"M,W",14:20:00,1.5,36.0,4.169811,3.981132,4.301886,2.867924,0.981132,3.754716,3.509433,3.150943,3.45283,3.735849,3.188679,3.377358,3.716981,3.339622,3.886792,Yes
208773,No,73a0cc16,CGCH,Full Time,3.816667,4.207143,No,1,H14240,004,SBFH,Core,No,Masters1,2025,Spring,20251,2024-25,1.5,74.0,,,58.0,58.0,0.0,0.0,0.0,0.0,98.2799987792969,0.0,No,Building1,"M,W",10:50:00,1.5,36.0,3.859649,4.403508,4.350877,2.877192,0.982456,4.192982,3.614035,3.210526,3.368421,3.736842,3.701754,3.596491,3.824561,3.105263,4.45614,Yes
208774,No,bec3924b,CGCH,Part Time,4.653846,4.516,No,1,M03972,001,SBFH,Core,No,Masters1,2025,Spring,20251,2024-25,1.5,74.0,Prerequisites,,58.0,58.0,0.0,0.0,0.0,0.0,91.379997253418,0.0,No,Building1,"M,W",09:00:00,1.5,36.0,4.226415,4.490566,4.528301,2.830188,0.981132,4.509433,4.566037,3.433962,3.396226,4.26415,4.283018,4.433962,4.320754,3.981132,4.433962,Yes
208775,No,d7fc3c95,CGCH,Full Time,3.933333,4.293023,No,1,M03972,002,SBFH,Core,No,Masters1,2025,Spring,20251,2024-25,1.5,74.0,Prerequisites,,57.0,57.0,0.0,0.0,0.0,0.0,78.9499969482422,0.0,No,Building1,"M,W",16:10:00,1.5,36.0,3.977777,3.888888,4.133333,2.888888,0.977777,4.177777,3.822222,3.533333,3.333333,3.777777,3.8,3.977777,3.911111,3.288888,4.111111,Yes
208776,No,d7fc3c95,CGCH,Full Time,3.857143,4.176471,No,1,M03972,003,SBFH,Core,No,Masters1,2025,Spring,20251,2024-25,1.5,74.0,Prerequisites,,57.0,57.0,0.0,0.0,0.0,0.0,71.9300003051758,0.0,No,Building1,"M,W",14:20:00,1.5,36.0,3.878048,3.951219,4.243902,2.902439,0.951219,3.853658,3.682926,3.439024,3.146341,3.902439,3.560975,3.658536,3.756097,3.292682,3.463414,Yes
208777,No,d7fc3c95,CGCH,Full Time,4.464516,4.594118,No,1,M03972,004,SBFH,Core,No,Masters1,2025,Spring,20251,2024-25,1.5,74.0,Prerequisites,,59.0,59.0,0.0,0.0,0.0,0.0,62.7099990844727,0.0,No,Building1,"M,W",10:50:00,1.5,36.0,4.027027,4.54054,4.459459,2.972972,0.945945,4.459459,4.162162,3.459459,3.162162,4.27027,4.162162,4.27027,4.243243,3.783783,4.405405,Yes
208779,No,f3b2a2e4,USIE,Full Time,4.829268,4.627907,No,1,E78524,001,USIE,Core,No,Masters1,2025,Spring,20251,2024-25,1.5,74.0,,,46.0,46.0,0.0,0.0,0.0,0.0,93.4800033569336,0.0,No,Building1,"T,R",14:20:00,1.5,58.0,4.302325,4.790697,4.790697,3.255813,0.976744,4.627906,4.604651,3.302325,3.232558,4.511627,4.581395,4.790697,4.651162,4.302325,4.697674,Yes
208780,No,b5b44131,USIE,Part Time,3.861538,4.027586,No,1,E78524,002,USIE,Core,No,Masters1,2025,Spring,20251,2024-25,1.5,74.0,,,44.0,44.0,0.0,0.0,0.0,0.0,72.7300033569336,0.0,No,Building1,"T,R",14:20:00,1.5,58.0,4.15625,4.59375,4.375,3.53125,1.0,3.90625,3.5,3.03125,3.3125,3.90625,3.84375,3.5625,3.625,3.8125,3.84375,Yes
208781,No,f3b2a2e4,USIE,Full Time,4.851852,4.677778,No,1,E78524,003,USIE,Core,No,Masters1,2025,Spring,20251,2024-25,1.5,74.0,,,59.0,59.0,0.0,0.0,0.0,0.0,93.2200012207031,0.0,No,Building1,"T,R",10:50:00,1.5,58.0,4.381818,4.818181,4.6,3.072727,1.0,4.672727,4.763636,3.272727,3.236363,4.454545,4.50909,4.727272,4.436363,4.090909,4.745454,Yes
208782,No,f3b2a2e4,USIE,Full Time,4.933333,4.715384,No,1,E78524,004,USIE,Core,No,Masters1,2025,Spring,20251,2024-25,1.5,74.0,,,58.0,58.0,0.0,0.0,0.0,0.0,94.8300018310547,0.0,No,Building1,"T,R",16:10:00,1.5,58.0,4.072727,4.636363,4.545454,3.50909,0.981818,4.581818,4.654545,3.327272,3.381818,4.345454,4.436363,4.70909,4.563636,4.127272,4.472727,Yes
208783,No,592d952e,USIE,Full Time,4.577778,4.305263,No,1,N10444,001,USIE,Core,No,Masters1,2025,Spring,20251,2024-25,1.5,74.0,Prerequisites,,47.0,47.0,0.0,0.0,0.0,0.0,85.1100006103516,0.0,No,Building1,"T,R",14:20:00,1.5,58.0,4.2,4.575,4.475,3.025,0.95,4.175,4.425,3.475,3.575,3.85,4.25,4.325,4.125,4.175,4.5,Yes
208784,No,ce03109b,VUFA,Part Time,4.531579,4.427778,No,1,N10444,002,USIE,Core,No,Masters1,2025,Spring,20251,2024-25,1.5,74.0,Prerequisites,,47.0,47.0,0.0,0.0,0.0,0.0,87.2300033569336,0.0,No,Building1,"T,R",14:20:00,1.5,58.0,4.195121,4.634146,4.512195,2.560975,0.975609,4.243902,4.365853,3.390243,3.780487,3.829268,3.853658,4.170731,3.634146,3.804878,4.219512,Yes
208785,No,592d952e,USIE,Full Time,4.581818,4.379167,No,1,N10444,003,USIE,Core,No,Masters1,2025,Spring,20251,2024-25,1.5,74.0,Prerequisites,,62.0,62.0,0.0,0.0,0.0,0.0,80.6500015258789,0.0,No,Building1,"T,R",10:50:00,1.5,58.0,4.1,4.56,4.32,3.02,0.94,4.3,4.46,3.14,3.24,3.98,3.98,4.16,3.66,3.6,4.32,Yes
208786,No,592d952e,USIE,Full Time,4.827907,4.619512,No,1,N10444,004,USIE,Core,No,Masters1,2025,Spring,20251,2024-25,1.5,74.0,Prerequisites,,60.0,60.0,0.0,0.0,0.0,0.0,75.0,0.0,No,Building1,"T,R",16:10:00,1.5,58.0,4.155555,4.777777,4.8,3.422222,0.977777,4.6,4.711111,3.355555,3.555555,4.266666,4.4,4.555555,4.4,4.177777,4.822222,Yes
208787,No,74b784c7,USIE,Full Time,3.264366,3.314306,No,1,X06607,001,USIE,Core,No,Masters1,2025,Spring,20251,2024-25,1.5,74.0,Prerequisites,,77.0,77.0,0.0,0.0,0.0,0.0,89.6100006103516,0.0,No,Building1,"M,W",10:50:00,1.5,48.0,3.507246,3.971014,4.231884,2.565217,1.0,3.260869,3.231884,3.144927,3.028985,3.289855,3.31884,3.231884,3.333333,2.942028,3.753623,Yes
208788,No,74b784c7,USIE,Full Time,3.676364,3.498327,No,1,X06607,002,USIE,Core,No,Masters1,2025,Spring,20251,2024-25,1.5,74.0,Prerequisites,,68.0,68.0,0.0,0.0,0.0,0.0,91.1800003051758,0.0,No,Building1,"M,W",14:20:00,1.5,48.0,3.435483,4.048387,4.241935,2.516129,0.951612,3.451612,3.629032,3.290322,3.096774,3.387096,3.48387,3.5,3.709677,3.225806,4.096774,Yes
208789,No,db9fa0d4,CGCH,Full Time,4.92,4.802469,No,1,R96472,001,SBFH,Elective,No,Masters1,2025,Spring,20251,2024-25,1.5,103.0,,Corequisite,98.0,80.0,17.0,0.0,0.0,1.0,81.0,0.0,No,Building2,"T,W,R",09:00:00,8.0,30.0,4.407407,4.814814,4.580246,2.790123,1.012345,4.802469,4.888888,2.82716,3.37037,4.444444,4.641975,4.777777,4.790123,3.987654,4.851851,Yes
208790,No,8a9995d9,USIE,Full Time,4.434042,3.978261,No,1,X06607,003,USIE,Core,No,Masters1,2025,Spring,20251,2024-25,1.5,74.0,Prerequisites,,66.0,66.0,0.0,0.0,0.0,0.0,77.2699966430664,0.0,No,Building1,"M,W",14:20:00,1.5,48.0,3.764705,4.235294,4.490196,2.941176,1.0,3.90196,4.372549,3.274509,3.098039,3.588235,4.215686,4.17647,4.098039,3.607843,4.254901,Yes
208791,No,f126b8e1,USIE,Full Time,4.461538,4.030303,No,1,X06607,004,USIE,Core,No,Masters1,2025,Spring,20251,2024-25,1.5,74.0,Prerequisites,,78.0,78.0,0.0,0.0,0.0,0.0,91.0299987792969,0.0,No,Building1,"M,W",10:50:00,1.5,48.0,3.802816,4.507042,4.436619,2.478873,1.0,3.957746,4.366197,3.239436,3.12676,3.901408,4.070422,4.323943,4.112676,3.718309,4.549295,Yes
208792,No,db9fa0d4,CGCH,Full Time,4.75,4.375,No,1,R08033,001,SBFH,Elective,No,Masters1,2025,Spring,20251,2024-25,3.0,17.0,,Corequisite,17.0,16.0,1.0,0.0,0.0,0.0,47.060001373291,0.0,No,off-campus,,,,3.0,4.625,4.5,4.625,4.0,1.0,4.375,4.75,3.25,3.5,4.375,4.25,4.5,4.375,4.125,4.625,Yes
208793,No,f126b8e1,USIE,Full Time,4.65,4.226666,No,1,X06607,005,USIE,Core,No,Masters1,2025,Spring,20251,2024-25,1.5,74.0,Prerequisites,,69.0,69.0,0.0,0.0,0.0,0.0,88.4100036621094,0.0,No,Building1,"M,W",14:20:00,1.5,48.0,4.0,4.704918,4.606557,2.540983,0.967213,4.213114,4.57377,3.278688,3.311475,3.918032,4.426229,4.606557,4.245901,3.918032,4.639344,Yes
208794,No,f126b8e1,USIE,Full Time,4.626667,4.0,No,1,X06607,006,USIE,Core,No,Masters1,2025,Spring,20251,2024-25,1.5,74.0,Prerequisites,,71.0,71.0,0.0,0.0,0.0,0.0,85.9199981689453,0.0,No,Building1,"M,W",16:10:00,1.5,48.0,3.885245,4.672131,4.639344,2.475409,0.967213,3.885245,4.62295,3.229508,3.311475,3.721311,4.327868,4.475409,4.196721,3.885245,4.62295,Yes
208795,No,8a9995d9,USIE,Full Time,4.658182,3.857692,No,1,X06607,007,USIE,Core,No,Masters1,2025,Spring,20251,2024-25,1.5,74.0,Prerequisites,,65.0,65.0,0.0,0.0,0.0,0.0,89.2300033569336,0.0,No,Building1,"M,W",16:10:00,1.5,48.0,3.620689,4.517241,4.586206,2.310344,0.982758,3.793103,4.534482,3.137931,3.137931,3.862068,4.327586,4.396551,4.017241,3.586206,4.396551,Yes
208796,No,f499bf33,USIE,Full Time,4.8,4.304918,No,1,X06607,008,USIE,Core,No,Masters1,2025,Spring,20251,2024-25,1.5,74.0,Prerequisites,,67.0,67.0,0.0,0.0,0.0,0.0,94.0299987792969,0.0,No,Building1,"M,W",14:20:00,1.5,48.0,3.920634,4.603174,4.523809,2.619047,1.0,4.222222,4.571428,3.269841,3.460317,4.0,4.63492,4.714285,4.412698,4.095238,4.698412,Yes
208797,No,74b784c7,USIE,Full Time,3.370106,3.192263,No,1,X06607,009,USIE,Core,No,Masters1,2025,Spring,20251,2024-25,1.5,74.0,Prerequisites,,62.0,62.0,0.0,0.0,0.0,0.0,90.3199996948242,0.0,No,Building1,"M,W",16:10:00,1.5,48.0,3.339285,3.839285,4.196428,2.517857,0.982142,3.178571,3.357142,3.196428,2.928571,3.214285,3.375,3.410714,3.464285,3.196428,4.017857,Yes
208798,No,f499bf33,USIE,Full Time,4.846154,4.212245,No,1,X06607,010,USIE,Core,No,Masters1,2025,Spring,20251,2024-25,1.5,74.0,Prerequisites,,63.0,63.0,0.0,0.0,0.0,0.0,84.129997253418,0.0,No,Building1,"M,W",16:10:00,1.5,48.0,3.716981,4.849056,4.566037,2.075471,0.981132,4.150943,4.754716,3.018867,3.150943,3.962264,4.603773,4.660377,4.377358,3.773584,4.622641,Yes
208808,No,d196f345,ZQOR,Full Time,4.636,4.369231,No,1,W99571,001,IGFY,Core,No,Masters1,2025,Spring,20251,2024-25,1.5,74.0,,,63.0,63.0,0.0,0.0,0.0,0.0,85.9400024414063,0.0,No,Building1,"T,W,R,F,S",09:00:00,3.25,57.0,4.4,4.763636,4.636363,3.472727,1.0,4.236363,4.436363,3.4,3.418181,4.10909,4.545454,4.581818,4.490909,3.890909,4.781818,Yes
208809,No,d196f345,ZQOR,Full Time,4.772093,4.435,No,1,W99571,002,IGFY,Core,No,Masters1,2025,Spring,20251,2024-25,1.5,74.0,,,63.0,63.0,0.0,0.0,0.0,0.0,73.0199966430664,0.0,No,Building1,"T,W,R,F,S",14:20:00,3.25,57.0,3.97826,4.652173,4.608695,2.913043,1.0,4.152173,4.652173,3.152173,3.47826,4.0,4.260869,4.326086,4.456521,3.413043,4.630434,Yes
208810,No,a8a5288b,ZQOR,Full Time,4.848148,4.718519,No,1,W99571,003,IGFY,Core,No,Masters1,2025,Spring,20251,2024-25,1.5,74.0,,,62.0,62.0,0.0,0.0,0.0,0.0,92.0599975585938,0.0,No,Building1,"T,W,R,F,S",09:00:00,3.25,57.0,4.172413,4.965517,4.913793,3.086206,1.0,4.534482,4.689655,3.327586,3.5,4.224137,4.448275,4.482758,4.5,3.913793,4.724137,Yes
208811,No,a8a5288b,ZQOR,Full Time,4.95,4.885246,No,1,W99571,004,IGFY,Core,No,Masters1,2025,Spring,20251,2024-25,1.5,74.0,,,62.0,62.0,0.0,0.0,0.0,0.0,96.8300018310547,0.0,No,Building1,"T,W,R,F,S",14:20:00,3.25,57.0,4.426229,4.885245,4.590163,3.114754,1.0,4.885245,4.868852,3.393442,3.737704,4.655737,4.540983,4.918032,4.737704,4.163934,4.62295,Yes
208812,No,67af40c5,ZQOR,Full Time,3.771429,3.426902,No,1,J20703,001,IGFY,Core,No,Masters1,2025,Spring,20251,2024-25,1.5,74.0,,,63.0,63.0,0.0,0.0,0.0,0.0,93.6500015258789,0.0,No,Building1,"M,W",16:10:00,1.5,57.0,3.728813,4.423728,4.508474,3.338983,1.0,3.372881,3.576271,3.372881,3.050847,3.033898,3.79661,3.542372,3.610169,3.813559,4.220338,Yes
208813,No,291c33d5,ZQOR,Part Time,4.776471,4.587755,No,1,J20703,002,IGFY,Core,No,Masters1,2025,Spring,20251,2024-25,1.5,74.0,,,62.0,62.0,0.0,0.0,0.0,0.0,85.4800033569336,0.0,No,Building1,"M,W",09:00:00,1.5,57.0,4.094339,4.886792,4.754716,3.35849,0.981132,4.490566,4.679245,3.094339,3.150943,4.26415,4.415094,4.509433,4.509433,4.283018,4.471698,Yes
208814,No,67af40c5,ZQOR,Full Time,3.226136,3.168089,No,1,J20703,003,IGFY,Core,No,Masters1,2025,Spring,20251,2024-25,1.5,74.0,,,62.0,62.0,0.0,0.0,0.0,0.0,88.7099990844727,0.0,No,Building1,"M,W",10:50:00,1.5,57.0,3.690909,4.036363,4.545454,3.2,0.981818,3.127272,3.181818,3.163636,3.036363,3.127272,3.363636,3.127272,3.090909,3.272727,3.927272,Yes
208815,No,67af40c5,ZQOR,Full Time,3.82,3.486599,No,1,J20703,004,IGFY,Core,No,Masters1,2025,Spring,20251,2024-25,1.5,74.0,,,63.0,63.0,0.0,0.0,0.0,0.0,90.4800033569336,0.0,No,Building1,"M,W",14:20:00,1.5,57.0,3.666666,4.368421,4.491228,3.385964,0.982456,3.438596,3.631578,3.298245,3.052631,3.298245,3.754385,3.385964,3.421052,3.701754,4.245614,Yes
208816,No,a5a0fa6c,ZQOR,Full Time,4.659091,4.711628,No,1,Q44513,001,IGFY,Elective,No,Masters1,2025,Spring,20251,2024-25,3.0,50.0,,,50.0,50.0,0.0,0.0,0.0,0.0,88.0,26.0,No,Building1,"T,W,R,F,S",09:00:00,8.0,58.0,4.431818,4.75,4.704545,2.863636,0.977272,4.704545,4.65909,2.840909,3.318181,4.613636,4.431818,4.613636,4.636363,4.272727,4.613636,Yes
208817,No,68fa8635,ZQOR,Part Time,4.777451,4.521739,Yes,2,P28252,001A,IGFY,Elective,No,Masters1,2025,Spring,20251,2024-25,1.5,38.0,,,33.0,31.0,2.0,0.0,0.0,0.0,80.0,13.0,Yes,Building1,"T,W,R",08:30:00,9.0,12.0,4.428571,4.785714,4.571428,3.107142,1.0,4.321428,4.571428,2.785714,3.25,4.25,4.678571,4.678571,4.642857,4.571428,4.785714,No
208817,No,3bb7aeca,ZQOR,Full Time,4.792,4.521739,Yes,2,P28252,001,IGFY,Elective,No,Masters1,2025,Spring,20251,2024-25,1.5,38.0,,,33.0,31.0,2.0,0.0,0.0,0.0,80.0,13.0,Yes,Building1,"T,W,R",08:30:00,9.0,12.0,4.428571,4.785714,4.571428,3.107142,1.0,4.321428,4.571428,2.785714,3.25,4.25,4.678571,4.678571,4.642857,4.571428,4.785714,Yes
208818,No,68fa8635,ZQOR,Part Time,4.688,4.512,Yes,2,P28252,002A,IGFY,Elective,No,Masters1,2025,Spring,20251,2024-25,1.5,38.0,,,38.0,38.0,0.0,0.0,0.0,0.0,73.6800003051758,35.0,Yes,Building1,"F,S,U",08:30:00,9.0,12.0,4.321428,4.678571,4.714285,3.214285,1.0,4.392857,4.446428,3.25,3.357142,3.964285,4.464285,4.642857,4.571428,4.571428,4.75,No
208818,No,3bb7aeca,ZQOR,Full Time,4.672857,4.512,Yes,2,P28252,002,IGFY,Elective,No,Masters1,2025,Spring,20251,2024-25,1.5,38.0,,,38.0,38.0,0.0,0.0,0.0,0.0,73.6800003051758,35.0,Yes,Building1,"F,S,U",08:30:00,9.0,12.0,4.321428,4.678571,4.714285,3.214285,1.0,4.392857,4.446428,3.25,3.357142,3.964285,4.464285,4.642857,4.571428,4.571428,4.75,Yes
208820,No,44b57473,VUFA,,4.167442,3.957143,No,1,B55819,001,WIRK,Core,No,Masters1,2025,Spring,20251,2024-25,1.5,74.0,,,56.0,56.0,0.0,0.0,0.0,0.0,80.3600006103516,0.0,No,Building1,"M,W",16:10:00,1.5,59.0,3.888888,4.555555,4.466666,3.511111,1.0,3.844444,4.133333,3.244444,3.377777,3.777777,4.311111,4.355555,4.133333,3.688888,4.311111,Yes
208821,No,44b57473,VUFA,,4.564103,4.293023,No,1,B55819,002,WIRK,Core,No,Masters1,2025,Spring,20251,2024-25,1.5,74.0,,,54.0,54.0,0.0,0.0,0.0,0.0,83.3300018310547,0.0,No,Building1,"M,W",09:00:00,1.5,59.0,3.911111,4.644444,4.533333,3.066666,0.955555,4.177777,4.422222,3.288888,3.355555,3.933333,4.311111,4.422222,4.066666,3.888888,4.444444,Yes
208822,No,44b57473,VUFA,,4.291892,3.878947,No,1,B55819,003,WIRK,Core,No,Masters1,2025,Spring,20251,2024-25,1.5,74.0,,,56.0,56.0,0.0,0.0,0.0,0.0,75.0,0.0,No,Building1,"M,W",10:50:00,1.5,59.0,3.857142,4.45238,4.333333,2.857142,0.95238,3.785714,3.97619,3.119047,3.261904,3.666666,4.047619,4.095238,3.666666,3.380952,4.047619,Yes
208823,No,44b57473,VUFA,,4.477778,4.057895,No,1,B55819,004,WIRK,Core,No,Masters1,2025,Spring,20251,2024-25,1.5,74.0,,,59.0,59.0,0.0,0.0,0.0,0.0,67.8000030517578,0.0,No,Building1,"M,W",14:20:00,1.5,59.0,3.775,4.475,4.475,3.025,0.975,4.0,4.175,3.175,3.275,3.825,4.375,4.475,4.25,3.825,4.7,Yes
209247,No,4a167fe4,CGCH,Part Time,4.706666,4.72766,No,1,R15699,002,SBFH,Core,No,Masters2,2025,Spring,20251,2024-25,1.5,74.0,Prerequisites,,53.0,0.0,53.0,0.0,0.0,0.0,89.0899963378906,0.0,No,Building1,"F, S",12:30:00,6.25,2.0,4.489795,4.755102,4.653061,3.122448,0.959183,4.693877,4.55102,3.448979,3.387755,4.32653,4.510204,4.653061,4.673469,4.163265,4.591836,Yes
209375,No,b3a47ed1,QAHF,Full Time,4.336586,4.147368,No,1,N70944,001,QAHF,Elective,No,MSPHD,2025,Spring,20251,2024-25,1.5,50.0,,,47.0,0.0,0.0,46.0,0.0,1.0,95.6500015258789,0.0,No,Building2,"T,W,R,F,S",09:00:00,4.0,1.0,3.840909,4.204545,4.227272,3.590909,0.977272,3.954545,4.204545,3.65909,3.25,3.681818,3.90909,3.977272,3.840909,3.727272,3.931818,Yes
209379,No,b14b228f,CGCH,Full Time,4.46875,4.224242,No,1,O66873,001,SBFH,Elective,No,MSPHD,2025,Spring,20251,2024-25,1.5,50.0,,,49.0,0.0,0.0,49.0,0.0,0.0,77.5500030517578,0.0,No,Building2,"T,W,R,F,S",14:00:00,4.0,1.0,3.789473,4.236842,4.105263,3.552631,0.947368,3.894736,4.18421,2.789473,2.605263,3.394736,3.815789,3.868421,3.789473,3.605263,3.736842,Yes
209471,No,823bb168,CGCH,Part Time,4.830769,4.688889,No,1,S46249,001,SBFH,Elective,No,Masters1,2025,Spring,20251,2024-25,3.0,74.0,Prerequisites,,44.0,39.0,5.0,0.0,0.0,0.0,63.6399993896484,0.0,No,Building2,W,18:00:00,3.25,2.0,4.392857,4.607142,4.607142,3.857142,1.0,4.678571,4.642857,3.285714,3.178571,4.428571,4.678571,4.821428,4.785714,4.75,4.821428,Yes
209472,No,88753b93,ZQOR,Full Time,4.909091,4.763077,No,1,N57760,002,IGFY,Elective,No,Masters1,2025,Spring,20251,2024-25,3.0,74.0,,,73.0,73.0,0.0,0.0,0.0,0.0,90.4100036621094,0.0,No,Building2,"T,R",14:20:00,1.5,11.0,4.30303,4.757575,4.742424,3.80303,1.0,4.757575,4.90909,3.166666,3.348484,4.515151,4.772727,4.818181,4.80303,4.772727,4.787878,Yes
209473,No,d68d7e71,QAHF,,4.657143,4.492857,No,1,D43425,001,QAHF,Elective,No,Masters1,2025,Spring,20251,2024-25,1.5,74.0,,,53.0,29.0,0.0,4.0,1.0,19.0,60.3800010681152,0.0,No,Building1,"M,W",09:00:00,1.5,12.0,4.0625,4.65625,4.1875,3.0,1.3125,4.3125,4.625,3.09375,3.34375,4.34375,4.21875,4.5,4.34375,3.78125,4.625,Yes
209474,No,1ee90e5f,CGCH,Part Time,3.773016,3.986667,Yes,2,D25533,001,SBFH,Elective,No,Masters1,2025,Spring,20251,2024-25,1.5,32.0,Prerequisites,,24.0,23.0,1.0,0.0,0.0,0.0,75.0,0.0,Yes,Building1,T,14:20:00,3.25,6.0,4.222222,4.444444,4.611111,4.0,0.944444,3.777777,3.694444,3.833333,3.5,3.666666,4.166666,3.944444,3.666666,3.722222,4.222222,Yes
209474,No,86ada1bb,CGCH,Part Time,4.0125,3.986667,Yes,2,D25533,001A,SBFH,Elective,No,Masters1,2025,Spring,20251,2024-25,1.5,32.0,Prerequisites,,24.0,23.0,1.0,0.0,0.0,0.0,75.0,0.0,Yes,Building1,T,14:20:00,3.25,6.0,4.222222,4.444444,4.611111,4.0,0.944444,3.777777,3.694444,3.833333,3.5,3.666666,4.166666,3.944444,3.666666,3.722222,4.222222,No
209475,No,88753b93,ZQOR,Full Time,4.811539,4.64,No,1,N57760,003,IGFY,Elective,No,Masters1,2025,Spring,20251,2024-25,3.0,74.0,,,75.0,75.0,0.0,0.0,0.0,0.0,74.6699981689453,0.0,No,Building2,"T,R",16:10:00,1.5,11.0,4.321428,4.803571,4.75,3.892857,0.946428,4.517857,4.625,2.964285,3.339285,4.410714,4.625,4.785714,4.696428,4.767857,4.857142,Yes
209476,No,626c7d4b,ZQOR,Part Time,4.345,3.995,No,1,P26952,001,IGFY,Elective,No,Masters1,2025,Spring,20251,2024-25,1.5,70.0,,,55.0,55.0,0.0,0.0,0.0,0.0,78.1800003051758,0.0,No,Building2,R,14:20:00,3.25,4.0,3.72093,4.372093,4.139534,2.604651,0.976744,3.953488,4.279069,3.046511,2.790697,3.627906,4.046511,4.255813,3.976744,3.255813,4.372093,Yes
209477,No,96256d7a,CGCH,,3.826087,3.980645,No,1,G93788,001,SBFH,Elective,No,Masters1,2025,Spring,20251,2024-25,3.0,135.0,,Corequisite,134.0,132.0,1.0,0.0,0.0,1.0,80.4499969482422,0.0,No,Building2,"M,W",09:00:00,1.5,2.0,4.112149,4.233644,4.411214,3.196261,0.981308,3.803738,3.738317,3.822429,3.317757,3.635514,3.635514,3.59813,3.766355,3.308411,4.084112,Yes
209478,No,0e8bba51,ZQOR,Full Time,4.145,3.907692,No,1,B51668,001,IGFY,Elective,No,Masters1,2025,Spring,20251,2024-25,1.5,74.0,,,54.0,53.0,1.0,0.0,0.0,0.0,79.629997253418,0.0,No,Building1,R,09:00:00,3.25,8.0,4.093023,4.395348,4.488372,2.72093,0.976744,3.837209,4.069767,3.255813,2.930232,3.72093,3.744186,3.674418,3.604651,3.348837,3.930232,Yes
209479,No,db9fa0d4,CGCH,Full Time,4.412903,4.413333,No,1,O68693,001,SBFH,Elective,No,Masters1,2025,Spring,20251,2024-25,1.5,50.0,Prerequisites,,50.0,49.0,1.0,0.0,0.0,0.0,68.0,0.0,No,Building1,T,14:20:00,3.25,21.0,4.235294,4.705882,4.67647,3.411764,0.970588,4.382352,4.411764,2.647058,2.911764,4.17647,4.352941,4.205882,4.5,3.264705,4.588235,Yes
209480,No,d68d7e71,QAHF,,4.617391,4.329167,No,1,D43425,002,QAHF,Elective,No,Masters1,2025,Spring,20251,2024-25,1.5,74.0,,,68.0,62.0,0.0,0.0,0.0,6.0,75.0,0.0,No,Building1,"M,W",10:50:00,1.5,12.0,3.960784,4.509803,4.509803,2.745098,1.019607,4.274509,4.509803,3.156862,3.529411,4.0,4.352941,4.529411,4.352941,3.764705,4.588235,Yes
209481,No,309d2564,ZQOR,Full Time,4.115789,4.042857,No,1,E82571,001,IGFY,Elective,No,Masters1,2025,Spring,20251,2024-25,3.0,74.0,,,54.0,48.0,3.0,0.0,0.0,3.0,86.5400009155273,0.0,No,Building1,"T,W,R,F,S",09:00:00,8.0,10.0,3.955555,4.577777,4.444444,2.822222,1.066666,3.955555,3.755555,2.911111,2.888888,3.977777,3.911111,4.2,3.822222,4.066666,4.355555,Yes
209482,No,aed1b34a,CGCH,Part Time,4.643137,4.528,No,1,U34467,001,SBFH,Elective,No,Masters1,2025,Spring,20251,2024-25,1.5,74.0,,Corequisite,67.0,66.0,0.0,0.0,0.0,1.0,83.3300018310547,0.0,No,Building1,W,09:00:00,3.25,5.0,4.218181,4.581818,4.581818,3.236363,0.927272,4.436363,4.545454,3.181818,3.4,4.145454,4.272727,4.563636,4.236363,3.836363,4.363636,Yes
209483,No,c01c5699,QAHF,Full Time,4.370213,4.326087,No,1,O00432,001,QAHF,Elective,No,Masters1,2025,Spring,20251,2024-25,3.0,74.0,,,71.0,42.0,0.0,6.0,0.0,23.0,71.8300018310547,0.0,No,Building1,"M,W",14:20:00,1.5,12.0,4.078431,4.411764,4.392156,3.196078,1.274509,4.215686,4.274509,3.0,3.509803,3.90196,4.078431,4.274509,4.196078,4.058823,4.470588,Yes
209484,No,309d2564,ZQOR,Full Time,4.171429,3.960976,No,1,E82571,002,IGFY,Elective,No,Masters1,2025,Spring,20251,2024-25,3.0,74.0,,,53.0,30.0,0.0,1.0,0.0,22.0,84.9100036621094,0.0,No,Building2,T,14:20:00,3.25,10.0,3.622222,4.355555,4.266666,2.977777,1.333333,3.888888,4.022222,2.955555,2.733333,3.755555,3.844444,4.2,3.933333,4.066666,4.155555,Yes
209485,No,6872ba4a,CGCH,Full Time,4.730612,4.57551,No,1,S05340,001,SBFH,Elective,No,Masters1,2025,Spring,20251,2024-25,1.5,74.0,Prerequisites,,69.0,57.0,0.0,0.0,0.0,12.0,76.4700012207031,0.0,No,Building1,"M,W",14:20:00,1.5,1.0,4.192307,4.538461,4.461538,3.634615,1.076923,4.480769,4.711538,2.653846,3.038461,4.307692,4.576923,4.615384,4.442307,4.26923,4.615384,Yes
209486,No,8e6ee73f,QAHF,Full Time,4.810909,4.750943,No,1,C26850,001,QAHF,Elective,No,Masters1,2025,Spring,20251,2024-25,3.0,74.0,Prerequisites,,72.0,64.0,1.0,3.0,0.0,4.0,79.1699981689453,0.0,No,Building1,T,09:00:00,3.25,19.0,4.45614,4.824561,4.596491,2.701754,0.982456,4.596491,4.701754,3.842105,3.91228,4.526315,4.350877,4.666666,4.350877,4.122807,4.68421,Yes
209487,No,309d2564,ZQOR,Full Time,4.460606,4.272222,No,1,E82571,003,IGFY,Elective,No,Masters1,2025,Spring,20251,2024-25,3.0,74.0,,,48.0,10.0,1.0,0.0,0.0,37.0,83.3300018310547,0.0,No,Building1,R,14:20:00,3.25,10.0,3.95,4.4,4.3,3.3,1.65,4.075,4.425,3.05,2.775,3.925,4.1,4.2,4.25,4.15,4.125,Yes
209488,No,4c95a9ab,CGCH,Part Time,4.939394,4.857143,No,1,O59709,001,SBFH,Elective,No,Masters1,2025,Spring,20251,2024-25,1.5,60.0,Prerequisites,,51.0,48.0,1.0,2.0,0.0,0.0,71.4300003051758,0.0,No,Building2,"T,R",10:50:00,1.5,1.0,4.371428,4.771428,4.742857,3.342857,1.0,4.857142,4.657142,3.114285,3.285714,4.6,4.657142,4.8,4.742857,4.714285,4.828571,Yes
209489,No,8e6ee73f,QAHF,Full Time,4.885714,4.694118,No,1,C26850,002,QAHF,Elective,No,Masters1,2025,Spring,20251,2024-25,3.0,74.0,Prerequisites,,71.0,69.0,0.0,1.0,0.0,1.0,80.2799987792969,0.0,No,Building1,T,14:20:00,3.25,19.0,4.438596,4.789473,4.719298,3.263157,1.017543,4.491228,4.877192,3.807017,3.824561,4.491228,4.68421,4.842105,4.701754,4.543859,4.877192,Yes
209490,No,9396b3cc,ZQOR,Part Time,4.302222,4.345455,No,1,O31647,001,IGFY,Elective,No,Masters1,2025,Spring,20251,2024-25,1.5,74.0,,,59.0,54.0,0.0,1.0,0.0,4.0,79.3099975585938,0.0,No,Building2,W,14:20:00,3.25,5.0,3.97826,4.391304,4.456521,2.934782,0.97826,4.282608,4.282608,2.695652,3.304347,4.108695,3.913043,4.108695,3.847826,3.130434,4.304347,Yes
209491,No,9cbda488,CGCH,Full Time,4.33,4.285714,No,1,D88906,001,SBFH,Elective,No,Masters1,2025,Spring,20251,2024-25,1.5,74.0,Prerequisites,Corequisite,30.0,29.0,0.0,0.0,0.0,1.0,70.0,0.0,No,Building1,W,09:00:00,3.25,10.0,3.904761,4.285714,4.571428,2.95238,1.0,4.285714,4.285714,2.857142,3.0,4.238095,4.428571,4.47619,4.428571,4.047619,4.428571,Yes
209492,No,922768f3,QAHF,Part Time,4.5125,4.36,No,1,H73042,001,QAHF,Elective,Yes,Masters1,2025,Spring,20251,2024-25,1.5,50.0,Prerequisites,,43.0,36.0,4.0,2.0,0.0,1.0,83.7200012207031,0.0,No,Building2,T,18:00:00,3.25,,4.277777,4.472222,4.611111,3.388888,1.027777,4.333333,4.444444,3.111111,3.333333,4.0,4.333333,4.416666,4.388888,3.916666,4.555555,Yes
209493,No,9ef39e2b,ZQOR,Part Time,4.446154,4.373333,No,1,K94394,001,IGFY,Elective,No,Masters1,2025,Spring,20251,2024-25,3.0,36.0,Prerequisites,,18.0,18.0,0.0,0.0,0.0,0.0,88.8899993896484,0.0,No,Building2,W,10:50:00,1.5,9.0,4.125,4.375,4.625,3.25,0.875,4.1875,4.3125,3.4375,2.9375,3.4375,3.875,3.875,3.625,3.8125,4.0,Yes
209494,No,9cbda488,CGCH,Full Time,4.473333,4.30303,No,1,D88906,002,SBFH,Elective,No,Masters1,2025,Spring,20251,2024-25,1.5,74.0,Prerequisites,Corequisite,47.0,45.0,0.0,1.0,0.0,1.0,70.2099990844727,0.0,No,Building1,W,14:20:00,3.25,10.0,4.090909,4.666666,4.666666,3.242424,0.969696,4.30303,4.333333,2.757575,3.121212,4.151515,4.545454,4.666666,4.484848,4.030303,4.363636,Yes
209495,No,922768f3,QAHF,Part Time,4.228571,4.3125,No,1,H73042,002,QAHF,Elective,Yes,Masters1,2025,Spring,20251,2024-25,1.5,50.0,Prerequisites,,27.0,25.0,1.0,1.0,0.0,0.0,57.1399993896484,0.0,No,Building1,W,14:20:00,3.25,,4.25,4.5,4.1875,3.25,1.0,4.3125,4.125,3.1875,3.25,4.25,3.875,4.0,4.0,3.4375,4.3125,Yes
209496,No,29cbe0bf,ZQOR,Part Time,4.795833,4.706383,No,1,R33776,001,IGFY,Elective,No,Masters1,2025,Spring,20251,2024-25,3.0,74.0,,,72.0,71.0,1.0,0.0,0.0,0.0,69.4400024414063,0.0,No,Building1,R,18:00:00,3.25,7.0,4.28,4.58,4.62,3.28,0.94,4.58,4.76,3.16,3.12,4.48,4.42,4.66,4.7,4.52,4.66,Yes
209497,No,1803de70,GYQP,Part Time,4.880952,4.790698,No,1,U60062,001,SBFH,Elective,No,Masters1,2025,Spring,20251,2024-25,3.0,64.0,Prerequisites,,62.0,58.0,4.0,0.0,0.0,0.0,70.4899978637695,0.0,No,Building1,W,18:00:00,3.25,13.0,4.558139,4.88372,4.813953,3.744186,0.953488,4.790697,4.767441,3.674418,3.651162,4.511627,4.581395,4.790697,4.744186,4.790697,4.674418,Yes
209498,No,d68d7e71,QAHF,,4.834483,4.686666,No,1,W20303,001,QAHF,Elective,No,Masters1,2025,Spring,20251,2024-25,3.0,50.0,,,42.0,33.0,0.0,3.0,0.0,6.0,73.8099975585938,0.0,No,Building1,"M,W",09:00:00,3.25,4.0,3.935483,4.548387,4.387096,3.032258,1.0,4.580645,4.709677,3.225806,3.258064,4.290322,4.419354,4.645161,4.451612,4.064516,4.677419,Yes
209499,No,67af40c5,ZQOR,Full Time,4.663636,4.345455,No,1,R97216,001,IGFY,Elective,No,Masters1,2025,Spring,20251,2024-25,1.5,74.0,,,64.0,60.0,3.0,0.0,0.0,1.0,73.0199966430664,0.0,No,Building1,M,09:00:00,3.25,8.0,4.130434,4.608695,4.47826,3.652173,1.0,4.304347,4.652173,2.847826,3.021739,3.956521,4.347826,4.413043,4.347826,4.413043,4.586956,Yes
209500,No,f1f2f416,GYQP,Part Time,4.031169,3.819355,Yes,2,X89610,001,SBFH,Elective,No,Masters1,2025,Spring,20251,2024-25,3.0,74.0,,Corequisite,69.0,60.0,0.0,9.0,0.0,0.0,62.3199996948242,0.0,Yes,Building2,R,18:00:00,3.25,4.0,4.046511,4.232558,4.302325,3.534883,0.953488,3.372093,3.44186,3.976744,2.930232,3.744186,4.0,4.093023,3.837209,3.88372,4.023255,Yes
209500,No,25813918,CGCH,Part Time,3.417665,3.819355,Yes,2,X89610,001A,SBFH,Elective,No,Masters1,2025,Spring,20251,2024-25,3.0,74.0,,Corequisite,69.0,60.0,0.0,9.0,0.0,0.0,62.3199996948242,0.0,Yes,Building2,R,18:00:00,3.25,4.0,4.046511,4.232558,4.302325,3.534883,0.953488,3.372093,3.44186,3.976744,2.930232,3.744186,4.0,4.093023,3.837209,3.88372,4.023255,No
209502,No,67af40c5,ZQOR,Full Time,4.461538,4.204545,No,1,R97216,002,IGFY,Elective,No,Masters1,2025,Spring,20251,2024-25,1.5,74.0,,,69.0,67.0,1.0,0.0,0.0,1.0,65.6699981689453,0.0,No,Building1,M,14:20:00,3.25,8.0,4.045454,4.727272,4.772727,3.340909,1.0,4.204545,4.454545,2.90909,3.15909,3.931818,4.295454,4.386363,4.340909,4.0,4.590909,Yes
209503,No,b61ad7be,CGCH,Part Time,4.888889,4.888889,Yes,2,V13963,001,SBFH,Elective,No,Masters1,2025,Spring,20251,2024-25,3.0,10.0,Prerequisites,,10.0,10.0,0.0,0.0,0.0,0.0,90.0,0.0,Yes,Building2,T,18:00:00,3.25,30.0,4.777777,4.888888,4.888888,3.555555,0.888888,4.888888,4.611111,3.777777,3.555555,4.777777,4.777777,4.888888,4.666666,4.888888,4.888888,Yes
209503,No,a00c3520,CGCH,Part Time,4.875,4.888889,Yes,2,V13963,001A,SBFH,Elective,No,Masters1,2025,Spring,20251,2024-25,3.0,10.0,Prerequisites,,10.0,10.0,0.0,0.0,0.0,0.0,90.0,0.0,Yes,Building2,T,18:00:00,3.25,30.0,4.777777,4.888888,4.888888,3.555555,0.888888,4.888888,4.611111,3.777777,3.555555,4.777777,4.777777,4.888888,4.666666,4.888888,4.888888,No
209504,No,0e8bba51,ZQOR,Full Time,4.292857,4.169231,No,1,M83371,001,IGFY,Elective,No,Masters1,2025,Spring,20251,2024-25,1.5,74.0,,,47.0,45.0,0.0,0.0,0.0,2.0,68.1800003051758,0.0,No,Building1,R,09:00:00,3.25,4.0,4.366666,4.766666,4.7,3.5,1.0,4.066666,4.2,3.066666,3.0,3.966666,4.033333,3.766666,3.733333,3.433333,4.366666,Yes
209505,No,f7089dd7,GYQP,Part Time,4.8,4.742857,No,1,T70563,001,SBFH,Elective,No,Masters1,2025,Spring,20251,2024-25,3.0,55.0,Prerequisites,,49.0,46.0,1.0,2.0,0.0,0.0,65.3099975585938,0.0,No,Building1,M,18:00:00,3.25,7.0,4.6875,4.6875,4.46875,3.0,0.875,4.5625,4.625,4.0625,3.75,4.4375,4.1875,4.5,4.1875,4.0625,4.3125,Yes
209506,No,2a340fee,CGCH,Part Time,4.917073,4.892683,No,1,T70563,002,SBFH,Elective,No,Masters1,2025,Spring,20251,2024-25,3.0,50.0,Prerequisites,,48.0,40.0,5.0,2.0,0.0,1.0,87.5,0.0,No,Building2,M,18:00:00,3.25,7.0,4.428571,4.5,4.47619,3.190476,0.928571,4.880952,4.904761,3.547619,3.285714,4.619047,4.571428,4.857142,4.761904,4.285714,4.738095,Yes
209507,No,31ce692e,ZQOR,Full Time,4.436842,4.090909,No,1,B27342,001,IGFY,Elective,No,Masters1,2025,Spring,20251,2024-25,1.5,74.0,,,52.0,41.0,0.0,0.0,0.0,11.0,86.2699966430664,0.0,No,Building2,"M,W",09:00:00,1.5,4.0,3.931818,4.613636,4.613636,3.090909,1.181818,4.090909,4.431818,2.363636,2.931818,4.068181,4.363636,4.545454,4.386363,3.636363,4.454545,Yes
209508,No,b07fcc9b,CGCH,Part Time,4.394118,4.455385,No,1,E68765,001,SBFH,Elective,No,Masters1,2025,Spring,20251,2024-25,1.5,120.0,Prerequisites,Corequisite,117.0,114.0,1.0,0.0,0.0,2.0,66.9599990844727,0.0,No,Building2,W,09:00:00,3.25,9.0,4.25974,4.766233,4.623376,3.272727,0.987012,4.337662,4.168831,3.831168,3.64935,4.142857,4.168831,4.142857,4.051948,3.25974,4.298701,Yes
209509,No,443b55ec,CGCH,Full Time,4.386667,4.44,No,1,U65039,001,SBFH,Elective,No,Masters1,2025,Spring,20251,2024-25,1.5,40.0,Prerequisites,,40.0,40.0,0.0,0.0,0.0,0.0,77.5,0.0,No,Building2,"T,R",18:00:00,1.5,4.0,4.032258,4.645161,4.677419,4.096774,0.967741,4.225806,4.32258,2.935483,2.903225,4.193548,3.838709,3.774193,4.225806,3.419354,4.193548,No
209511,No,8eb2993a,CGCH,Part Time,5.0,5.0,No,1,K94210,001,SBFH,Elective,No,Masters1,2025,Spring,20251,2024-25,3.0,12.0,Prerequisites,,12.0,12.0,0.0,0.0,0.0,0.0,66.6699981689453,0.0,No,Building1,M,18:30:00,3.0,11.0,4.875,5.0,5.0,3.5,1.0,5.0,5.0,5.0,4.125,4.75,4.625,5.0,4.875,4.0,4.75,Yes
209512,No,c1b0f269,CGCH,Part Time,4.616216,4.551352,No,1,K86511,001,SBFH,Elective,No,Masters1,2025,Spring,20251,2024-25,1.5,60.0,Prerequisites,,61.0,57.0,4.0,0.0,0.0,0.0,67.2099990844727,0.0,No,Building2,W,14:20:00,3.25,4.0,4.487804,4.439024,4.658536,3.634146,0.975609,4.487804,4.463414,3.146341,3.219512,4.219512,4.317073,4.439024,4.365853,3.878048,4.512195,Yes
209513,No,ab93383f,CGCH,Part Time,4.420408,4.268,Yes,2,H53848,001,SBFH,Elective,No,Masters1,2025,Spring,20251,2024-25,1.5,74.0,Prerequisites,,69.0,51.0,5.0,12.0,0.0,1.0,79.7099990844727,0.0,Yes,Building2,M,18:00:00,3.25,4.0,4.090909,4.454545,4.4,3.527272,1.0,4.090909,4.3,2.963636,3.363636,3.963636,4.254545,4.290909,4.218181,3.945454,4.345454,Yes
209513,No,1667143a,CGCH,Part Time,4.362745,4.268,Yes,2,H53848,001A,SBFH,Elective,No,Masters1,2025,Spring,20251,2024-25,1.5,74.0,Prerequisites,,69.0,51.0,5.0,12.0,0.0,1.0,79.7099990844727,0.0,Yes,Building2,M,18:00:00,3.25,4.0,4.090909,4.454545,4.4,3.527272,1.0,4.090909,4.3,2.963636,3.363636,3.963636,4.254545,4.290909,4.218181,3.945454,4.345454,No
209515,No,aabaf466,ZQOR,Full Time,4.152941,3.8625,No,1,D65265,002,IGFY,Elective,No,Masters1,2025,Spring,20251,2024-25,1.5,25.0,,,28.0,28.0,0.0,0.0,0.0,0.0,70.370002746582,0.0,No,Building1,T,14:20:00,3.25,5.0,3.842105,4.473684,3.789473,3.894736,1.0,3.68421,3.894736,3.842105,3.421052,3.947368,3.789473,3.473684,3.105263,3.421052,3.894736,Yes
209516,No,11a4baed,KFZN,,4.458065,4.121212,No,1,T20893,001,TRXC,Elective,No,Masters1,2025,Spring,20251,2024-25,1.5,50.0,Prerequisites,,43.0,42.0,1.0,0.0,0.0,0.0,76.7399978637695,0.0,No,Building2,T,09:00:00,3.25,2.0,4.333333,4.666666,4.515151,3.545454,0.939393,4.121212,4.454545,3.696969,3.212121,3.484848,4.212121,4.30303,4.272727,4.242424,4.242424,Yes
209517,No,0c45289c,AFQO,,4.437037,4.474074,No,1,L65477,001,SBFH,Elective,No,Masters1,2025,Spring,20251,2024-25,1.5,50.0,,,44.0,44.0,0.0,0.0,0.0,0.0,68.1800003051758,0.0,No,Building1,R,14:20:00,3.25,47.0,4.1,4.6,4.633333,3.1,1.0,4.433333,4.4,3.466666,3.333333,4.0,4.333333,4.233333,4.3,4.066666,4.566666,Yes
209518,No,aabaf466,ZQOR,Full Time,4.666667,4.333333,No,1,D65265,003,IGFY,Elective,No,Masters1,2025,Spring,20251,2024-25,1.5,25.0,,,13.0,13.0,0.0,0.0,0.0,0.0,42.8600006103516,0.0,No,Building1,R,14:20:00,3.25,5.0,3.666666,4.666666,4.666666,3.833333,0.833333,4.333333,4.666666,3.5,3.5,4.166666,4.333333,4.5,4.333333,3.833333,4.666666,Yes
209519,No,b61ad7be,CGCH,Part Time,4.79467,4.7,Yes,2,Q59881,001,SBFH,Elective,No,Masters1,2025,Spring,20251,2024-25,1.5,50.0,Prerequisites,,47.0,41.0,2.0,4.0,0.0,0.0,82.9800033569336,0.0,Yes,Building1,R,18:00:00,3.25,7.0,4.333333,4.794871,4.615384,3.333333,0.948717,4.692307,4.602564,3.307692,3.589743,4.179487,4.51282,4.538461,4.487179,4.461538,4.564102,Yes
209519,No,d1fa7a5e,CGCH,Part Time,4.811111,4.7,Yes,2,Q59881,001A,SBFH,Elective,No,Masters1,2025,Spring,20251,2024-25,1.5,50.0,Prerequisites,,47.0,41.0,2.0,4.0,0.0,0.0,82.9800033569336,0.0,Yes,Building1,R,18:00:00,3.25,7.0,4.333333,4.794871,4.615384,3.333333,0.948717,4.692307,4.602564,3.307692,3.589743,4.179487,4.51282,4.538461,4.487179,4.461538,4.564102,No
209520,No,98ffe2d9,NZJO,,4.582609,4.573913,No,1,H81467,002,TRXC,Elective,No,Masters1,2025,Spring,20251,2024-25,3.0,74.0,,,69.0,28.0,0.0,1.0,0.0,40.0,72.4599990844727,0.0,No,Building1,T,09:00:00,3.25,28.0,4.16,4.72,4.7,3.4,1.62,4.56,4.48,3.14,3.08,4.36,4.46,4.34,4.3,4.02,4.36,Yes
209521,No,a5dca330,ZQOR,Part Time,4.610145,4.42,Yes,2,U21346,099,IGFY,Elective,No,Masters1,2025,Spring,20251,2024-25,3.0,25.0,,,14.0,12.0,2.0,0.0,0.0,0.0,85.7099990844727,0.0,Yes,off-campus,T,14:20:00,3.25,4.0,4.75,5.0,4.916666,4.166666,1.0,4.333333,4.666666,2.25,1.916666,4.416666,4.333333,4.75,4.75,4.833333,4.833333,No
209521,No,87b6a27f,ZQOR,Part Time,4.833333,4.42,Yes,2,U21346,099A,IGFY,Elective,No,Masters1,2025,Spring,20251,2024-25,3.0,25.0,,,14.0,12.0,2.0,0.0,0.0,0.0,85.7099990844727,0.0,Yes,off-campus,T,14:20:00,3.25,4.0,4.75,5.0,4.916666,4.166666,1.0,4.333333,4.666666,2.25,1.916666,4.416666,4.333333,4.75,4.75,4.833333,4.833333,No
209522,No,98ffe2d9,NZJO,,4.223077,4.256,No,1,H81467,003,TRXC,Elective,No,Masters1,2025,Spring,20251,2024-25,3.0,74.0,,,69.0,52.0,0.0,2.0,0.0,15.0,86.9599990844727,0.0,No,Building2,T,14:20:00,3.25,28.0,3.866666,4.55,4.466666,3.366666,1.216666,3.95,3.966666,3.033333,2.75,4.133333,4.3,4.25,4.316666,3.733333,4.3,Yes
209523,No,0c45289c,AFQO,,4.316129,4.046667,No,1,I04397,001,SBFH,Elective,Yes,Masters1,2025,Spring,20251,2024-25,1.5,50.0,Prerequisites,,52.0,51.0,1.0,0.0,0.0,0.0,65.379997253418,0.0,No,Building1,R,14:20:00,3.25,,4.147058,4.441176,4.323529,3.411764,0.970588,3.911764,4.147058,4.117647,3.705882,3.852941,3.735294,4.0,4.058823,3.735294,4.029411,Yes
209524,No,ed40ef17,NZJO,Part Time,4.750769,4.671875,Yes,2,P69262,001,TRXC,Elective,No,Masters1,2025,Spring,20251,2024-25,3.0,110.0,,,80.0,70.0,2.0,7.0,1.0,0.0,87.5,0.0,Yes,off-campus,"T,W,R,F,S",09:00:00,8.0,4.0,4.228571,4.728571,4.8,3.271428,0.971428,4.542857,4.564285,3.071428,3.457142,4.314285,4.528571,4.728571,4.585714,3.842857,4.657142,Yes
209524,No,5acfc014,NZJO,Full Time,4.655162,4.671875,Yes,2,P69262,001A,TRXC,Elective,No,Masters1,2025,Spring,20251,2024-25,3.0,110.0,,,80.0,70.0,2.0,7.0,1.0,0.0,87.5,0.0,Yes,off-campus,"T,W,R,F,S",09:00:00,8.0,4.0,4.228571,4.728571,4.8,3.271428,0.971428,4.542857,4.564285,3.071428,3.457142,4.314285,4.528571,4.728571,4.585714,3.842857,4.657142,No
209525,No,80faa0b6,,Part Time,3.547826,3.685225,No,1,C12273,D01,IGFY,Elective,No,Masters1,2025,Spring,20251,2024-25,1.5,100.0,,,69.0,67.0,0.0,1.0,0.0,1.0,68.120002746582,0.0,No,off-campus,,,,2.0,3.127659,2.893617,2.787234,3.191489,0.93617,3.319148,3.063829,2.425531,2.361702,2.851063,2.617021,2.723404,2.80851,2.723404,2.638297,Yes
209526,No,a5534ea9,CGCH,Part Time,5.0,4.75,Yes,2,E09487,001,SBFH,Elective,No,Masters1,2025,Spring,20251,2024-25,1.5,12.0,Prerequisites,,12.0,12.0,0.0,0.0,0.0,0.0,66.6699981689453,0.0,Yes,Building1,W,14:20:00,3.25,4.0,4.75,4.875,4.5,3.875,1.0,4.75,4.875,4.25,4.375,4.625,4.5,4.75,4.625,4.5,4.75,No
209526,No,b07fcc9b,CGCH,Part Time,4.75,4.75,Yes,2,E09487,001A,SBFH,Elective,No,Masters1,2025,Spring,20251,2024-25,1.5,12.0,Prerequisites,,12.0,12.0,0.0,0.0,0.0,0.0,66.6699981689453,0.0,Yes,Building1,W,14:20:00,3.25,4.0,4.75,4.875,4.5,3.875,1.0,4.75,4.875,4.25,4.375,4.625,4.5,4.75,4.625,4.5,4.75,No
209527,No,11a4baed,KFZN,,4.4,4.31579,No,1,U33118,001,TRXC,Elective,No,Masters1,2025,Spring,20251,2024-25,1.5,50.0,,Corequisite,32.0,32.0,0.0,0.0,0.0,0.0,64.5199966430664,0.0,No,Building1,M,09:00:00,3.25,20.0,4.4,4.65,4.6,3.75,1.0,4.1,4.4,3.2,3.1,4.15,4.15,4.2,4.05,3.85,4.5,Yes
209528,No,1667baf1,CGCH,Part Time,4.631579,4.588889,Yes,2,P40028,001,SBFH,Elective,No,Masters1,2025,Spring,20251,2024-25,3.0,25.0,Prerequisites,,25.0,21.0,1.0,3.0,0.0,0.0,76.0,0.0,Yes,Building1,W,18:00:00,3.25,4.0,4.052631,4.526315,4.526315,3.263157,0.894736,4.578947,4.631578,2.736842,3.210526,4.315789,4.421052,4.578947,4.526315,4.210526,4.578947,No
209528,No,cac38e7b,CGCH,Part Time,4.631579,4.588889,Yes,2,P40028,001A,SBFH,Elective,No,Masters1,2025,Spring,20251,2024-25,3.0,25.0,Prerequisites,,25.0,21.0,1.0,3.0,0.0,0.0,76.0,0.0,Yes,Building1,W,18:00:00,3.25,4.0,4.052631,4.526315,4.526315,3.263157,0.894736,4.578947,4.631578,2.736842,3.210526,4.315789,4.421052,4.578947,4.526315,4.210526,4.578947,No
209529,No,20df2d5a,ZQOR,Part Time,4.764706,4.647059,No,1,F75121,001,WIRK,Elective,No,Masters1,2025,Spring,20251,2024-25,1.5,25.0,Prerequisites,,20.0,17.0,3.0,0.0,0.0,0.0,85.0,0.0,No,Building1,M,14:20:00,3.25,3.0,4.588235,4.823529,4.588235,3.647058,1.0,4.647058,4.764705,3.235294,4.0,4.588235,4.823529,4.647058,4.705882,4.823529,4.882352,Yes
209531,No,5df4a6f8,VUFA,Full Time,4.14,4.14,No,1,W54031,001,WIRK,Elective,No,Masters1,2025,Spring,20251,2024-25,1.5,74.0,,,51.0,44.0,5.0,0.0,0.0,2.0,62.75,0.0,No,Building1,M,18:00:00,3.25,3.0,3.90625,4.375,4.28125,3.40625,1.0625,4.03125,4.03125,2.75,3.21875,3.75,4.09375,4.15625,4.0,3.8125,4.59375,Yes
209532,No,c9c3877d,CGCH,Part Time,4.265217,4.113043,No,1,R96472,002,SBFH,Elective,No,Masters1,2025,Spring,20251,2024-25,1.5,60.0,,Corequisite,56.0,53.0,2.0,0.0,0.0,1.0,85.7099990844727,0.0,No,Building1,M,18:00:00,3.25,30.0,3.9375,4.520833,4.4375,2.9375,0.979166,4.0625,4.208333,2.708333,2.958333,3.833333,4.125,4.354166,4.0,3.4375,4.3125,Yes
209533,No,5747340c,NZJO,Full Time,4.529032,4.6,No,1,K21507,001,TRXC,Elective,No,Masters1,2025,Spring,20251,2024-25,1.5,50.0,,,39.0,34.0,0.0,3.0,0.0,2.0,89.7399978637695,0.0,No,Building1,"M,W",10:50:00,1.5,14.0,4.171428,4.571428,4.485714,3.285714,1.085714,4.457142,4.428571,3.257142,3.228571,4.228571,4.028571,4.2,4.228571,3.685714,4.342857,Yes
209534,No,2595c787,GYQP,Part Time,4.729032,4.696774,Yes,2,P50521,001,SBFH,Elective,No,Masters1,2025,Spring,20251,2024-25,1.5,40.0,Prerequisites,,38.0,37.0,1.0,0.0,0.0,0.0,84.2099990844727,0.0,Yes,Building1,M,14:20:00,3.25,2.0,4.4375,4.71875,4.5,3.125,0.96875,4.65625,4.5625,3.90625,3.375,3.84375,4.4375,4.4375,4.375,4.3125,4.40625,No
209534,No,47b1d2f7,GYQP,Part Time,4.697634,4.696774,Yes,2,P50521,001A,SBFH,Elective,No,Masters1,2025,Spring,20251,2024-25,1.5,40.0,Prerequisites,,38.0,37.0,1.0,0.0,0.0,0.0,84.2099990844727,0.0,Yes,Building1,M,14:20:00,3.25,2.0,4.4375,4.71875,4.5,3.125,0.96875,4.65625,4.5625,3.90625,3.375,3.84375,4.4375,4.4375,4.375,4.3125,4.40625,No
209535,No,8a06b1c0,VUFA,Full Time,4.042332,4.582222,Yes,2,F48908,001,WIRK,Elective,No,Masters1,2025,Spring,20251,2024-25,1.5,50.0,,,55.0,52.0,2.0,1.0,0.0,0.0,85.4499969482422,0.0,Yes,Building1,T,18:00:00,3.25,3.0,4.255319,4.702127,4.680851,3.510638,0.93617,4.574468,4.24468,3.489361,3.446808,4.234042,4.404255,4.553191,4.404255,4.297872,4.595744,Yes
209535,No,4827bc81,VUFA,Part Time,4.657778,4.582222,Yes,2,F48908,001A,WIRK,Elective,No,Masters1,2025,Spring,20251,2024-25,1.5,50.0,,,55.0,52.0,2.0,1.0,0.0,0.0,85.4499969482422,0.0,Yes,Building1,T,18:00:00,3.25,3.0,4.255319,4.702127,4.680851,3.510638,0.93617,4.574468,4.24468,3.489361,3.446808,4.234042,4.404255,4.553191,4.404255,4.297872,4.595744,No
209536,No,0432450b,NZJO,Full Time,4.589189,4.621053,No,1,G58277,001,TRXC,Elective,No,Masters1,2025,Spring,20251,2024-25,3.0,50.0,,,44.0,40.0,0.0,4.0,0.0,0.0,90.9100036621094,0.0,No,Building2,"M,W",14:20:00,1.5,7.0,4.3,4.775,4.575,3.575,1.0,4.475,4.525,3.275,3.35,4.1,4.1,4.225,4.35,3.825,4.425,Yes
209537,No,1894483c,CGCH,Part Time,4.751111,4.590909,No,1,N03516,001,SBFH,Elective,No,Masters1,2025,Spring,20251,2024-25,1.5,74.0,Prerequisites,,58.0,43.0,14.0,1.0,0.0,0.0,84.4800033569336,0.0,No,Building2,R,18:00:00,3.25,2.0,4.183673,4.530612,4.489795,2.693877,0.979591,4.530612,4.632653,3.285714,3.204081,4.265306,4.530612,4.632653,4.653061,4.632653,4.653061,Yes
209538,No,0432450b,NZJO,Full Time,4.48125,4.577143,No,1,G58277,002,TRXC,Elective,No,Masters1,2025,Spring,20251,2024-25,3.0,50.0,,,46.0,39.0,0.0,5.0,0.0,2.0,84.7799987792969,0.0,No,Building2,"M,W",16:10:00,1.5,7.0,4.230769,4.538461,4.384615,3.410256,1.0,4.333333,4.102564,3.128205,3.461538,4.025641,3.743589,4.051282,4.0,3.615384,4.205128,Yes
209539,No,c5fc3880,VUFA,Part Time,4.785714,4.615789,Yes,2,Z49998,001,WIRK,Elective,No,Masters1,2025,Spring,20251,2024-25,1.5,60.0,,,46.0,44.0,2.0,0.0,0.0,0.0,91.3000030517578,0.0,Yes,Building1,M,14:20:00,3.25,9.0,4.190476,4.809523,4.714285,3.857142,1.0,4.547619,4.70238,3.642857,3.261904,4.261904,4.666666,4.809523,4.690476,4.714285,4.809523,Yes
209539,No,66547dc9,VUFA,Part Time,4.740571,4.615789,Yes,2,Z49998,001A,WIRK,Elective,No,Masters1,2025,Spring,20251,2024-25,1.5,60.0,,,46.0,44.0,2.0,0.0,0.0,0.0,91.3000030517578,0.0,Yes,Building1,M,14:20:00,3.25,9.0,4.190476,4.809523,4.714285,3.857142,1.0,4.547619,4.70238,3.642857,3.261904,4.261904,4.666666,4.809523,4.690476,4.714285,4.809523,No
209540,No,4d59975a,CGCH,Part Time,4.432433,4.417647,No,1,Y57133,001,SBFH,Elective,No,Masters1,2025,Spring,20251,2024-25,1.5,74.0,Prerequisites,,50.0,36.0,0.0,9.0,0.0,5.0,85.7099990844727,0.0,No,Building1,"M,W",09:00:00,1.5,4.0,3.880952,4.47619,4.023809,2.928571,1.0,4.214285,4.380952,3.119047,3.404761,3.97619,4.142857,4.333333,4.190476,4.238095,4.47619,Yes
209541,No,7b190889,NZJO,Full Time,4.413333,4.509677,No,1,F18137,001,TRXC,Elective,No,Masters1,2025,Spring,20251,2024-25,3.0,50.0,Prerequisites,,39.0,20.0,0.0,8.0,0.0,11.0,89.7399978637695,0.0,No,Building1,R,09:00:00,3.25,4.0,3.942857,4.228571,4.4,3.028571,1.171428,4.371428,4.228571,3.257142,3.114285,4.171428,4.228571,4.228571,4.057142,3.942857,4.4,Yes
209542,No,91485667,VUFA,Full Time,4.029268,4.186047,No,1,A26934,001,WIRK,Elective,No,Masters1,2025,Spring,20251,2024-25,3.0,60.0,,,48.0,11.0,0.0,36.0,0.0,1.0,89.5800018310547,0.0,No,Building1,W,14:20:00,3.25,3.0,4.116279,4.674418,4.604651,3.348837,1.023255,4.186046,4.0,4.139534,3.186046,4.093023,4.348837,4.465116,4.279069,3.906976,4.209302,Yes
209543,No,98ffe2d9,NZJO,,4.12973,4.140541,No,1,S31075,001,TRXC,Elective,No,Masters1,2025,Spring,20251,2024-25,3.0,74.0,,,56.0,40.0,0.0,2.0,0.0,14.0,74.0699996948242,0.0,No,Building1,W,09:00:00,3.25,3.0,3.9,4.275,4.25,2.65,1.15,3.975,4.075,3.05,3.025,3.875,4.4,4.45,4.45,3.925,4.55,Yes
209544,No,698e3b36,CGCH,Part Time,4.847923,4.863636,Yes,2,R40628,001,SBFH,Elective,No,Masters1,2025,Spring,20251,2024-25,3.0,40.0,Prerequisites,,34.0,32.0,2.0,0.0,0.0,0.0,69.6999969482422,0.0,Yes,Building1,W,18:00:00,3.25,4.0,4.608695,4.782608,4.73913,3.608695,0.956521,4.652173,4.869565,3.47826,3.391304,4.521739,4.695652,4.73913,4.608695,4.695652,4.695652,Yes
209544,No,edb0235a,CGCH,Part Time,4.956522,4.863636,Yes,2,R40628,001A,SBFH,Elective,No,Masters1,2025,Spring,20251,2024-25,3.0,40.0,Prerequisites,,34.0,32.0,2.0,0.0,0.0,0.0,69.6999969482422,0.0,Yes,Building1,W,18:00:00,3.25,4.0,4.608695,4.782608,4.73913,3.608695,0.956521,4.652173,4.869565,3.47826,3.391304,4.521739,4.695652,4.73913,4.608695,4.695652,4.695652,No
209545,No,3c5eb40f,VUFA,,4.642424,4.433333,Yes,2,U54984,001,WIRK,Elective,No,Masters1,2025,Spring,20251,2024-25,1.5,60.0,,,55.0,54.0,0.0,0.0,0.0,1.0,63.6399993896484,0.0,Yes,Building1,W,14:20:00,3.25,10.0,4.257142,4.742857,4.571428,3.142857,0.971428,4.342857,4.6,3.857142,3.085714,3.857142,4.428571,4.571428,4.485714,4.2,4.657142,Yes
209545,Yes,74030e8f,VUFA,Part Time,4.635395,4.433333,Yes,2,U54984,001A,WIRK,Elective,No,Masters1,2025,Spring,20251,2024-25,1.5,60.0,,,55.0,54.0,0.0,0.0,0.0,1.0,63.6399993896484,0.0,Yes,Building1,W,14:20:00,3.25,10.0,4.257142,4.742857,4.571428,3.142857,0.971428,4.342857,4.6,3.857142,3.085714,3.857142,4.428571,4.571428,4.485714,4.2,4.657142,No
209546,No,d8eb656b,NZJO,Full Time,4.84375,4.665263,Yes,2,X04354,001A,TRXC,Elective,No,Masters1,2025,Spring,20251,2024-25,3.0,125.0,,,121.0,115.0,3.0,1.0,0.0,2.0,84.3000030517578,58.0,Yes,Building2,"T,W,R,F,S",09:00:00,8.0,3.0,4.441176,4.754901,4.509803,3.107843,0.990196,4.578431,4.745098,3.12745,3.774509,4.352941,4.490196,4.617647,4.588235,3.921568,4.686274,No
209546,No,8c4fa1f6,GYQP,Full Time,4.788734,4.665263,Yes,2,X04354,001,TRXC,Elective,No,Masters1,2025,Spring,20251,2024-25,3.0,125.0,,,121.0,115.0,3.0,1.0,0.0,2.0,84.3000030517578,58.0,Yes,Building2,"T,W,R,F,S",09:00:00,8.0,3.0,4.441176,4.754901,4.509803,3.107843,0.990196,4.578431,4.745098,3.12745,3.774509,4.352941,4.490196,4.617647,4.588235,3.921568,4.686274,Yes
209547,No,78135933,CGCH,Part Time,4.585989,4.512,Yes,2,X49316,001,SBFH,Elective,No,Masters1,2025,Spring,20251,2024-25,3.0,50.0,Prerequisites,,41.0,32.0,1.0,7.0,0.0,1.0,68.2900009155273,0.0,Yes,Building1,W,18:00:00,3.25,4.0,4.5,4.785714,4.571428,3.857142,1.0,4.392857,4.553571,2.857142,2.857142,4.035714,4.5,4.535714,4.464285,4.321428,4.535714,Yes
209547,No,9cb6123d,CGCH,Part Time,4.623077,4.512,Yes,2,X49316,001A,SBFH,Elective,No,Masters1,2025,Spring,20251,2024-25,3.0,50.0,Prerequisites,,41.0,32.0,1.0,7.0,0.0,1.0,68.2900009155273,0.0,Yes,Building1,W,18:00:00,3.25,4.0,4.5,4.785714,4.571428,3.857142,1.0,4.392857,4.553571,2.857142,2.857142,4.035714,4.5,4.535714,4.464285,4.321428,4.535714,No
209548,No,485b44df,VUFA,Full Time,4.148718,4.126829,No,1,G83767,001,WIRK,Elective,No,Masters1,2025,Spring,20251,2024-25,1.5,74.0,,,62.0,61.0,0.0,1.0,0.0,0.0,70.4899978637695,0.0,No,Building1,R,09:00:00,3.25,3.0,3.860465,4.418604,4.488372,3.44186,0.976744,4.046511,3.976744,2.930232,3.186046,3.790697,4.139534,4.279069,4.093023,3.860465,4.325581,Yes
209549,No,f511d9cb,NZJO,Part Time,4.140541,3.935135,No,1,K63190,001,TRXC,Elective,No,Masters1,2025,Spring,20251,2024-25,1.5,74.0,,,63.0,44.0,0.0,14.0,0.0,5.0,69.8399963378906,0.0,No,Building1,"T,R",16:10:00,1.5,14.0,4.090909,4.454545,4.5,3.318181,1.0,3.727272,4.0,3.386363,3.545454,3.65909,3.65909,3.90909,3.931818,3.886363,4.340909,Yes
209550,No,485b44df,VUFA,Full Time,3.816216,3.725714,No,1,G83767,002,WIRK,Elective,No,Masters1,2025,Spring,20251,2024-25,1.5,74.0,,,68.0,67.0,0.0,1.0,0.0,0.0,58.2099990844727,0.0,No,Building2,R,14:20:00,3.25,3.0,3.589743,3.846153,4.102564,2.692307,1.0,3.692307,3.794871,2.948717,3.076923,3.76923,3.564102,3.846153,3.717948,3.564102,4.0,Yes
209551,No,2818e5bd,CGCH,Full Time,4.407978,4.747368,Yes,2,L95870,001,SBFH,Elective,No,Masters1,2025,Spring,20251,2024-25,3.0,74.0,,Corequisite,72.0,64.0,1.0,4.0,1.0,2.0,80.5599975585938,0.0,Yes,Building2,R,09:00:00,3.25,8.0,4.396551,4.724137,4.603448,2.741379,0.982758,4.741379,4.422413,3.482758,3.362068,4.25862,4.551724,4.689655,4.568965,4.603448,4.637931,Yes
209551,No,f1dc4f75,CGCH,,4.753572,4.747368,Yes,2,L95870,001A,SBFH,Elective,No,Masters1,2025,Spring,20251,2024-25,3.0,74.0,,Corequisite,72.0,64.0,1.0,4.0,1.0,2.0,80.5599975585938,0.0,Yes,Building2,R,09:00:00,3.25,8.0,4.396551,4.724137,4.603448,2.741379,0.982758,4.741379,4.422413,3.482758,3.362068,4.25862,4.551724,4.689655,4.568965,4.603448,4.637931,No
209552,No,f511d9cb,NZJO,Part Time,4.069565,3.939131,No,1,K63190,002,TRXC,Elective,No,Masters1,2025,Spring,20251,2024-25,1.5,74.0,,,38.0,30.0,6.0,2.0,0.0,0.0,64.8600006103516,0.0,No,Building1,"T,R",18:00:00,1.5,14.0,4.041666,4.291666,4.333333,3.0,1.0,3.916666,4.041666,3.25,3.583333,3.916666,3.916666,3.958333,4.0,4.0,4.25,Yes
209553,No,5f0ef1f7,VUFA,Part Time,4.905263,4.817544,No,1,G83767,003,WIRK,Elective,No,Masters1,2025,Spring,20251,2024-25,1.5,74.0,,,73.0,64.0,6.0,2.0,0.0,1.0,81.0800018310547,0.0,No,Building1,M,18:00:00,3.25,3.0,4.283333,4.733333,4.483333,2.933333,1.016666,4.65,4.7,3.3,3.85,4.566666,4.566666,4.766666,4.516666,4.383333,4.7,Yes
209554,No,8edbeac8,XLGG,Full Time,4.3125,4.125,Yes,2,L93760,001,TRXC,Elective,No,Masters1,2025,Spring,20251,2024-25,3.0,24.0,,,23.0,23.0,0.0,0.0,0.0,0.0,69.5699996948242,0.0,Yes,Building1,M,14:20:00,3.25,3.0,3.875,4.4375,4.4375,3.1875,0.9375,4.125,4.3125,3.25,3.375,3.875,4.1875,4.25,4.125,3.9375,4.3125,Yes
209554,No,a66547ad,,Part Time,4.3125,4.125,Yes,2,L93760,001A,TRXC,Elective,No,Masters1,2025,Spring,20251,2024-25,3.0,24.0,,,23.0,23.0,0.0,0.0,0.0,0.0,69.5699996948242,0.0,Yes,Building1,M,14:20:00,3.25,3.0,3.875,4.4375,4.4375,3.1875,0.9375,4.125,4.3125,3.25,3.375,3.875,4.1875,4.25,4.125,3.9375,4.3125,No
209555,No,db9fa0d4,CGCH,Full Time,4.75,4.528205,No,1,B79646,001,SBFH,Elective,No,Masters1,2025,Spring,20251,2024-25,1.5,60.0,Prerequisites,,60.0,54.0,6.0,0.0,0.0,0.0,66.6699981689453,0.0,No,Building1,T,09:00:00,3.25,7.0,4.25,4.55,4.2,3.325,1.0,4.525,4.75,2.975,3.2,4.1,4.55,4.5,4.35,4.175,4.6,Yes
209556,No,795419b3,VUFA,Part Time,4.635294,4.303846,No,1,A77571,001,WIRK,Elective,No,Masters1,2025,Spring,20251,2024-25,3.0,74.0,Prerequisites,,72.0,64.0,6.0,2.0,0.0,0.0,76.3899993896484,0.0,No,Building1,T,18:00:00,3.25,4.0,4.090909,4.4,4.490909,3.50909,0.963636,4.236363,4.6,3.072727,3.018181,3.963636,4.4,4.472727,4.2,4.072727,4.6,Yes
209557,No,21d93e27,CGCH,Part Time,4.84375,4.786667,Yes,2,E07335,001,SBFH,Elective,No,Masters1,2025,Spring,20251,2024-25,1.5,74.0,Prerequisites,,35.0,32.0,2.0,1.0,0.0,0.0,94.120002746582,0.0,Yes,Building2,T,18:00:00,3.25,7.0,4.46875,4.5625,4.59375,3.0,0.96875,4.625,4.6875,3.625,3.84375,4.625,4.625,4.875,4.59375,4.75,4.71875,Yes
209557,No,f174d580,CGCH,Part Time,4.63625,4.786667,Yes,2,E07335,001A,SBFH,Elective,No,Masters1,2025,Spring,20251,2024-25,1.5,74.0,Prerequisites,,35.0,32.0,2.0,1.0,0.0,0.0,94.120002746582,0.0,Yes,Building2,T,18:00:00,3.25,7.0,4.46875,4.5625,4.59375,3.0,0.96875,4.625,4.6875,3.625,3.84375,4.625,4.625,4.875,4.59375,4.75,4.71875,No
209558,No,36d61998,VUFA,Full Time,4.35,4.183333,No,1,U88506,001,WIRK,Elective,No,Masters1,2025,Spring,20251,2024-25,1.5,50.0,,,18.0,13.0,0.0,5.0,0.0,0.0,77.7799987792969,0.0,No,Building1,"T,R",18:00:00,1.5,3.0,3.857142,4.285714,4.357142,2.857142,1.0,4.0,4.142857,2.785714,3.214285,3.857142,4.357142,4.285714,4.357142,4.357142,4.357142,No
209559,No,132c085c,VUFA,Part Time,4.072727,4.156522,No,1,F94903,001,WIRK,Elective,No,Masters1,2025,Spring,20251,2024-25,1.5,30.0,,,28.0,28.0,0.0,0.0,0.0,0.0,85.7099990844727,0.0,No,Building1,M,14:20:00,3.25,7.0,4.25,4.375,4.375,2.791666,1.0,4.083333,3.833333,3.541666,3.416666,4.083333,3.791666,3.958333,3.875,4.333333,3.75,Yes
209560,No,8edbeac8,XLGG,Full Time,4.492857,4.55,No,1,Z68330,001,TRXC,Elective,No,Masters1,2025,Spring,20251,2024-25,3.0,36.0,,Corequisite,36.0,34.0,2.0,0.0,0.0,0.0,91.6699981689453,0.0,No,Building1,T,14:20:00,3.25,3.0,4.272727,4.696969,4.666666,3.393939,1.0,4.545454,4.181818,3.060606,3.121212,4.272727,4.0,4.272727,4.272727,4.181818,4.30303,Yes
209561,No,7155ad5b,CGCH,Part Time,4.791489,4.741667,Yes,2,T14340,001,SBFH,Elective,No,Masters1,2025,Spring,20251,2024-25,1.5,55.0,Prerequisites,,53.0,47.0,3.0,3.0,0.0,0.0,92.4499969482422,0.0,Yes,Building1,T,18:00:00,3.25,4.0,4.32653,4.653061,4.530612,3.346938,1.0,4.734693,4.714285,3.755102,3.693877,4.571428,4.367346,4.55102,4.469387,4.387755,4.612244,Yes
209561,No,9314f59c,GYQP,Part Time,4.666435,4.741667,Yes,2,T14340,001A,SBFH,Elective,No,Masters1,2025,Spring,20251,2024-25,1.5,55.0,Prerequisites,,53.0,47.0,3.0,3.0,0.0,0.0,92.4499969482422,0.0,Yes,Building1,T,18:00:00,3.25,4.0,4.32653,4.653061,4.530612,3.346938,1.0,4.734693,4.714285,3.755102,3.693877,4.571428,4.367346,4.55102,4.469387,4.387755,4.612244,No
209562,No,e0934680,VUFA,Part Time,4.938461,4.876923,No,1,U32641,001,WIRK,Elective,No,Masters1,2025,Spring,20251,2024-25,1.5,74.0,,,72.0,66.0,1.0,4.0,0.0,1.0,91.5500030517578,0.0,No,Building1,"T,W,R",09:00:00,8.0,6.0,4.353846,4.846153,4.723076,3.338461,1.0,4.876923,4.938461,2.107692,3.553846,4.384615,4.523076,4.676923,4.6,3.553846,4.676923,Yes
209563,No,37d16a3b,KFZN,Full Time,4.971014,4.911765,No,1,L23345,001,KAFN,Elective,No,Masters1,2025,Spring,20251,2024-25,1.5,74.0,,,74.0,68.0,4.0,1.0,0.0,1.0,94.5899963378906,0.0,No,Building1,"T,W,R",09:00:00,8.0,11.0,4.457142,4.871428,4.842857,2.842857,1.028571,4.771428,4.9,2.871428,3.328571,4.7,4.814285,4.942857,4.8,3.885714,4.771428,Yes
209564,No,6f524189,CGCH,Part Time,4.770213,4.570213,No,1,U56328,001,SBFH,Elective,No,Masters1,2025,Spring,20251,2024-25,1.5,74.0,,,66.0,62.0,4.0,0.0,0.0,0.0,77.2699966430664,0.0,No,Building1,"T,W,R",09:00:00,8.0,4.0,4.254901,4.745098,4.647058,3.098039,1.0,4.470588,4.568627,3.372549,3.431372,4.274509,4.647058,4.705882,4.647058,4.039215,4.607843,Yes
209565,No,e42cecc9,VUFA,Full Time,4.641667,4.425532,No,1,T37978,001,WIRK,Elective,No,Masters1,2025,Spring,20251,2024-25,3.0,74.0,,,64.0,49.0,0.0,3.0,0.0,12.0,82.5400009155273,4.0,No,Building2,"T,W,R,F,S",09:00:00,8.0,21.0,4.326923,4.807692,4.634615,3.038461,1.173076,4.423076,4.51923,3.538461,3.730769,4.153846,4.557692,4.634615,4.634615,4.230769,4.384615,Yes
209566,No,11a4baed,KFZN,,4.033333,4.179167,No,1,L23345,002,KAFN,Elective,No,Masters1,2025,Spring,20251,2024-25,1.5,74.0,,,64.0,61.0,0.0,2.0,0.0,1.0,84.379997253418,0.0,No,Building1,M,09:00:00,3.25,11.0,3.851851,4.425925,4.537037,3.0,0.981481,4.055555,3.907407,2.962962,3.148148,3.851851,3.87037,3.907407,3.981481,3.703703,4.148148,Yes
209567,No,4412adb0,CGCH,Part Time,4.130159,4.167442,Yes,2,T37029,001,SBFH,Elective,No,Masters1,2025,Spring,20251,2024-25,1.5,74.0,,Corequisite,60.0,57.0,0.0,1.0,0.0,2.0,75.0,0.0,Yes,Building1,R,14:20:00,3.25,9.0,4.0,4.377777,4.488888,2.955555,0.977777,4.111111,4.277777,3.177777,3.222222,4.044444,4.288888,4.466666,4.177777,3.6,4.533333,Yes
209567,No,ea8dde21,CGCH,Part Time,4.632558,4.167442,Yes,2,T37029,001A,SBFH,Elective,No,Masters1,2025,Spring,20251,2024-25,1.5,74.0,,Corequisite,60.0,57.0,0.0,1.0,0.0,2.0,75.0,0.0,Yes,Building1,R,14:20:00,3.25,9.0,4.0,4.377777,4.488888,2.955555,0.977777,4.111111,4.277777,3.177777,3.222222,4.044444,4.288888,4.466666,4.177777,3.6,4.533333,No
209568,No,b8b7c818,VUFA,Full Time,4.675,4.491667,No,1,T37978,002,WIRK,Elective,No,Masters1,2025,Spring,20251,2024-25,3.0,74.0,,,73.0,28.0,0.0,11.0,0.0,34.0,37.5,0.0,No,Building1,R,09:00:00,3.25,21.0,4.074074,4.74074,4.777777,3.37037,1.37037,4.444444,4.444444,3.259259,3.37037,4.296296,4.518518,4.481481,4.518518,4.148148,4.555555,Yes
209569,No,9cbda488,CGCH,Full Time,4.353846,4.333333,No,1,L23345,003,KAFN,Elective,No,Masters1,2025,Spring,20251,2024-25,1.5,74.0,,,53.0,40.0,0.0,0.0,0.0,13.0,53.8499984741211,0.0,No,Building1,M,09:00:00,3.25,11.0,3.714285,4.142857,4.25,3.0,1.107142,4.178571,4.285714,2.642857,3.035714,4.214285,4.464285,4.464285,4.25,4.0,4.392857,Yes
209570,No,b8b7c818,VUFA,Full Time,4.62,4.446154,No,1,T37978,003,WIRK,Elective,No,Masters1,2025,Spring,20251,2024-25,3.0,74.0,,,60.0,30.0,1.0,16.0,0.0,13.0,74.5800018310547,0.0,No,Building1,R,14:20:00,3.25,21.0,4.022727,4.431818,4.363636,3.15909,1.090909,4.295454,4.477272,3.045454,3.0,4.227272,4.431818,4.5,4.386363,4.25,4.386363,Yes
209571,No,ddf5f614,ZQOR,Full Time,4.26,4.568421,No,1,Y04346,001,KAFN,Elective,Yes,Masters1,2025,Spring,20251,2024-25,3.0,30.0,,,30.0,30.0,0.0,0.0,0.0,0.0,73.3300018310547,0.0,No,Building1,"T,F",09:00:00,1.5,,4.181818,4.90909,4.636363,2.181818,1.0,4.545454,4.136363,2.272727,2.90909,4.045454,4.181818,4.090909,3.954545,3.590909,4.40909,Yes
209572,No,e5f50cbb,VUFA,Part Time,4.72381,4.424138,No,1,Q25184,001,WIRK,Elective,No,Masters1,2025,Spring,20251,2024-25,1.5,84.0,,,73.0,56.0,0.0,17.0,0.0,0.0,88.8899993896484,0.0,No,Building2,T,09:00:00,3.25,9.0,4.0,4.625,4.625,3.03125,0.953125,4.40625,4.6875,2.75,2.796875,3.90625,4.359375,4.515625,4.375,4.03125,4.546875,Yes
209573,No,08470d1d,ZQOR,Part Time,4.6,4.6,No,1,W14475,001,KAFN,Elective,Yes,Masters1,2025,Spring,20251,2024-25,3.0,30.0,,Corequisite,17.0,17.0,0.0,0.0,0.0,0.0,43.75,0.0,No,Building1,M,10:50:00,1.5,,4.857142,5.0,5.0,3.428571,1.0,4.571428,4.571428,2.714285,3.714285,3.857142,4.0,4.428571,4.285714,4.142857,4.428571,Yes
209574,No,8c5e8a1c,VUFA,Part Time,4.72,4.286487,No,1,V25058,001,WIRK,Elective,No,Masters1,2025,Spring,20251,2024-25,1.5,50.0,,,46.0,39.0,0.0,1.0,0.0,6.0,82.6100006103516,0.0,No,Building1,T,09:00:00,3.25,9.0,4.105263,4.5,4.342105,3.473684,1.131578,4.263157,4.578947,3.368421,3.131578,4.263157,4.394736,4.552631,4.368421,3.789473,4.631578,Yes
209575,No,a8a5288b,ZQOR,Full Time,4.88,4.758333,No,1,P25315,001,KAFN,Elective,No,Masters1,2025,Spring,20251,2024-25,3.0,30.0,,,30.0,30.0,0.0,0.0,0.0,0.0,86.6699981689453,0.0,No,Building1,"T,F",10:50:00,1.5,2.0,4.461538,4.846153,4.76923,2.538461,1.0,4.730769,4.692307,3.153846,3.0,4.26923,4.307692,4.76923,4.730769,4.076923,4.846153,Yes
209576,No,f2ab9d9d,VUFA,Part Time,3.788235,3.517972,No,1,J73875,001,WIRK,Elective,No,Masters1,2025,Spring,20251,2024-25,1.5,74.0,,,70.0,68.0,0.0,1.0,0.0,1.0,61.7599983215332,0.0,No,Building1,W,18:00:00,3.25,5.0,3.714285,4.5,4.404761,3.166666,1.0,3.428571,3.619047,1.857142,2.833333,3.190476,3.666666,3.857142,3.595238,3.190476,4.071428,Yes
209577,No,35ff4b79,USIE,,4.909091,4.954545,No,1,E37133,001,KAFN,Elective,No,Masters1,2025,Spring,20251,2024-25,3.0,32.0,,,32.0,32.0,0.0,0.0,0.0,0.0,68.75,0.0,No,Building1,M,09:00:00,1.5,1.0,4.681818,4.90909,4.727272,2.863636,1.0,4.954545,4.90909,2.818181,3.227272,4.772727,4.818181,4.818181,4.40909,4.5,4.863636,Yes
209578,No,3c5eb40f,VUFA,,4.738461,4.8,No,1,B47508,001,WIRK,Elective,No,Masters1,2025,Spring,20251,2024-25,3.0,32.0,Prerequisites,,32.0,20.0,0.0,4.0,0.0,8.0,87.5,0.0,No,Building2,"T,R",14:20:00,1.5,5.0,4.607142,4.75,4.5,4.035714,1.107142,4.785714,4.678571,3.785714,3.642857,4.607142,4.642857,4.678571,4.714285,4.714285,4.607142,Yes
209579,No,cdc4c1dd,NZJO,Part Time,4.672727,4.66087,No,1,C03321,001,KAFN,Elective,No,Masters1,2025,Spring,20251,2024-25,3.0,30.0,,,30.0,30.0,0.0,0.0,0.0,0.0,83.3300018310547,0.0,No,Building1,"M,F",09:00:00,1.5,1.0,4.6,4.68,4.76,2.4,1.0,4.56,4.52,3.28,3.4,4.12,4.36,4.72,4.44,3.96,4.4,Yes
209580,No,3c5eb40f,VUFA,,4.494737,4.266667,No,1,B47508,002,WIRK,Elective,No,Masters1,2025,Spring,20251,2024-25,3.0,36.0,Prerequisites,,36.0,20.0,5.0,3.0,0.0,8.0,63.8899993896484,0.0,No,Building2,T,18:00:00,3.25,5.0,4.086956,4.608695,4.434782,3.173913,1.130434,4.0,4.434782,3.782608,3.260869,4.086956,4.130434,4.434782,4.391304,4.347826,4.347826,Yes
209581,No,0e8bba51,ZQOR,Full Time,4.095652,4.66087,No,1,F45510,001,KAFN,Elective,No,Masters1,2025,Spring,20251,2024-25,3.0,30.0,,,30.0,30.0,0.0,0.0,0.0,0.0,83.3300018310547,0.0,No,Building1,T,10:50:00,1.5,1.0,4.0,4.84,4.88,3.0,1.0,4.6,4.0,2.4,2.84,4.4,4.08,3.72,3.92,3.48,4.72,Yes
209582,No,2ed50729,VUFA,,4.6,4.28,No,1,P04779,001,WIRK,Elective,No,Masters1,2025,Spring,20251,2024-25,1.5,50.0,,,18.0,11.0,1.0,2.0,0.0,4.0,89.4700012207031,0.0,No,Building1,"T,W,R",09:00:00,8.0,5.0,4.352941,4.823529,4.470588,3.17647,1.117647,4.17647,4.588235,3.823529,3.588235,4.058823,4.235294,4.411764,3.764705,4.0,4.529411,Yes
209583,No,db9fa0d4,CGCH,Full Time,4.44,4.163636,No,1,M77592,001,KAFN,Elective,No,Masters1,2025,Spring,20251,2024-25,3.0,31.0,,Corequisite,31.0,31.0,0.0,0.0,0.0,0.0,74.1900024414063,0.0,No,Building1,"W,F",09:00:00,6.833333,1.0,3.913043,4.695652,4.695652,2.956521,0.956521,4.130434,4.434782,2.260869,3.043478,3.782608,4.173913,4.217391,4.260869,3.73913,4.521739,Yes
209584,No,2ed50729,VUFA,,4.013793,3.958621,No,1,P04779,002,WIRK,Elective,No,Masters1,2025,Spring,20251,2024-25,1.5,74.0,,,43.0,19.0,1.0,15.0,0.0,8.0,78.5699996948242,0.0,No,Building2,M,18:00:00,3.25,5.0,4.0,4.454545,4.515151,3.30303,1.181818,3.727272,3.878787,3.30303,3.393939,3.818181,3.787878,3.878787,3.636363,4.242424,4.515151,Yes
209585,No,d8eb656b,NZJO,Full Time,4.685058,4.542169,No,1,Q13134,001,KAFN,Elective,No,Masters1,2025,Spring,20251,2024-25,1.5,125.0,,,120.0,115.0,0.0,2.0,0.0,3.0,77.6900024414063,0.0,No,Building2,W,14:20:00,3.25,3.0,4.074468,4.723404,4.627659,3.606382,0.978723,4.414893,4.574468,2.446808,2.989361,4.106382,4.297872,4.425531,4.414893,3.74468,4.563829,Yes
209586,No,3c5eb40f,VUFA,,4.71875,4.454839,No,1,U93849,001,WIRK,Elective,No,Masters1,2025,Spring,20251,2024-25,3.0,74.0,,,74.0,69.0,0.0,1.0,0.0,4.0,93.2399978637695,0.0,No,Building1,"T,R",10:50:00,1.5,14.0,4.188405,4.753623,4.449275,2.811594,1.028985,4.420289,4.681159,3.492753,3.173913,4.289855,4.376811,4.405797,4.47826,4.391304,4.420289,Yes
209589,No,e5f50cbb,VUFA,Part Time,4.610345,4.296429,No,1,U93849,002,WIRK,Elective,No,Masters1,2025,Spring,20251,2024-25,3.0,74.0,,,74.0,66.0,1.0,3.0,0.0,4.0,83.7799987792969,0.0,No,Building1,T,18:00:00,3.25,14.0,3.870967,4.548387,4.467741,3.048387,1.016129,4.177419,4.564516,2.758064,2.790322,4.032258,4.548387,4.516129,4.48387,3.82258,4.596774,Yes
209591,No,bc569381,VUFA,Part Time,3.948718,3.923077,No,1,U93849,003,WIRK,Elective,No,Masters1,2025,Spring,20251,2024-25,3.0,74.0,,,53.0,15.0,2.0,19.0,0.0,17.0,86.7900009155273,0.0,No,Building1,R,18:00:00,3.25,14.0,3.760869,4.152173,4.195652,3.391304,1.217391,3.695652,3.695652,2.804347,2.586956,3.152173,3.891304,3.869565,3.695652,3.47826,4.043478,Yes
209592,No,fed27360,USIE,Part Time,4.369935,4.234783,Yes,2,E39588,001,USIE,Elective,No,Masters1,2025,Spring,20251,2024-25,3.0,40.0,,,41.0,18.0,0.0,0.0,0.0,23.0,65.8499984741211,0.0,Yes,Building1,T,18:00:00,3.25,3.0,4.0,4.444444,4.185185,3.592592,1.518518,4.074074,4.333333,3.592592,3.074074,4.185185,4.555555,4.666666,4.592592,4.481481,4.703703,Yes
209592,No,11d2574d,USIE,Full Time,4.409091,4.234783,Yes,2,E39588,001A,USIE,Elective,No,Masters1,2025,Spring,20251,2024-25,3.0,40.0,,,41.0,18.0,0.0,0.0,0.0,23.0,65.8499984741211,0.0,Yes,Building1,T,18:00:00,3.25,3.0,4.0,4.444444,4.185185,3.592592,1.518518,4.074074,4.333333,3.592592,3.074074,4.185185,4.555555,4.666666,4.592592,4.481481,4.703703,No
209593,No,86629cfe,ZQOR,,4.860465,4.632558,No,1,Z43549,001,IGFY,Elective,No,Masters1,2025,Spring,20251,2024-25,1.5,68.0,,,75.0,74.0,0.0,0.0,0.0,1.0,61.3300018310547,0.0,No,Building1,"M,W",10:50:00,1.5,21.0,4.413043,4.891304,4.847826,3.304347,0.913043,4.521739,4.543478,3.73913,3.760869,4.521739,4.543478,4.413043,4.5,4.217391,4.521739,Yes
209594,No,65d33764,VUFA,Part Time,3.983784,3.988889,No,1,L19319,001,WIRK,Elective,No,Masters1,2025,Spring,20251,2024-25,1.5,74.0,,,62.0,57.0,2.0,0.0,0.0,3.0,68.8499984741211,0.0,No,Building1,T,18:00:00,3.25,2.0,4.0,4.571428,4.619047,2.928571,1.071428,3.857142,3.785714,2.428571,2.761904,4.0,4.071428,4.0,3.833333,3.666666,4.214285,Yes
209595,No,86629cfe,ZQOR,,4.796227,4.550943,No,1,Z43549,002,IGFY,Elective,No,Masters1,2025,Spring,20251,2024-25,1.5,68.0,,,74.0,74.0,0.0,0.0,0.0,0.0,74.3199996948242,0.0,No,Building1,"M,W",14:20:00,1.5,21.0,4.327272,4.890909,4.727272,3.218181,1.0,4.545454,4.745454,3.745454,3.763636,4.363636,4.381818,4.581818,4.50909,4.290909,4.472727,Yes
209596,No,dcc276a3,USIE,Full Time,4.56,4.346342,No,1,I78372,001,USIE,Elective,No,Masters1,2025,Spring,20251,2024-25,1.5,74.0,Prerequisites,,65.0,52.0,0.0,12.0,0.0,1.0,67.6900024414063,0.0,No,Building2,M,14:20:00,3.25,11.0,4.204545,4.613636,4.295454,2.863636,1.022727,4.181818,4.477272,3.113636,3.363636,4.15909,4.40909,4.522727,4.340909,3.818181,4.545454,Yes
209597,No,9a31e399,VUFA,Part Time,4.1,3.881081,No,1,A79474,001,WIRK,Elective,No,Masters1,2025,Spring,20251,2024-25,1.5,74.0,,,63.0,61.0,0.0,1.0,0.0,1.0,60.3199996948242,0.0,No,Building1,"M,W",09:00:00,1.5,1.0,3.68421,4.342105,4.131578,2.815789,0.947368,3.868421,3.973684,2.921052,2.736842,3.68421,3.894736,4.18421,3.473684,2.973684,4.210526,Yes
209598,No,2b26fa8a,ZQOR,Full Time,4.466667,4.369231,No,1,Z43549,003,IGFY,Elective,No,Masters1,2025,Spring,20251,2024-25,1.5,68.0,,,36.0,35.0,0.0,0.0,0.0,1.0,75.0,0.0,No,Building1,"M,W",16:10:00,1.5,21.0,4.444444,4.222222,4.37037,3.259259,0.962962,4.333333,4.259259,3.666666,3.333333,3.925925,4.518518,4.518518,4.37037,4.111111,4.592592,Yes
209599,No,dcc276a3,USIE,Full Time,4.38,4.302564,No,1,I78372,002,USIE,Elective,No,Masters1,2025,Spring,20251,2024-25,1.5,74.0,Prerequisites,,62.0,60.0,0.0,0.0,0.0,2.0,67.7399978637695,0.0,No,Building1,T,09:00:00,3.25,11.0,4.261904,4.571428,4.380952,3.047619,1.023809,4.214285,4.309523,3.047619,3.071428,3.833333,4.261904,4.380952,4.166666,3.619047,4.642857,Yes
209600,No,efee091f,VUFA,Part Time,4.6,4.6625,No,1,M82329,001,WIRK,Elective,Yes,Masters1,2025,Spring,20251,2024-25,1.5,24.0,,,23.0,22.0,1.0,0.0,0.0,0.0,73.9100036621094,0.0,No,Building1,"T,W,R",08:30:00,9.5,,4.588235,4.764705,4.529411,3.470588,0.882352,4.647058,4.588235,4.705882,3.941176,4.294117,4.352941,4.117647,4.058823,4.17647,4.352941,Yes
209601,No,3bb7aeca,ZQOR,Full Time,4.860869,4.657778,No,1,Q44513,004,IGFY,Elective,No,Masters1,2025,Spring,20251,2024-25,3.0,50.0,,,49.0,49.0,0.0,0.0,0.0,0.0,95.9199981689453,0.0,No,Building1,T,09:00:00,3.25,58.0,4.276595,4.553191,4.382978,3.382978,0.978723,4.553191,4.851063,3.361702,2.74468,4.531914,4.702127,4.87234,4.787234,4.382978,4.659574,Yes
209602,No,dcc276a3,USIE,Full Time,4.275,4.134694,No,1,I78372,003,USIE,Elective,No,Masters1,2025,Spring,20251,2024-25,1.5,74.0,Prerequisites,,72.0,68.0,0.0,4.0,0.0,0.0,70.4199981689453,0.0,No,Building1,T,14:20:00,3.25,11.0,4.04,4.46,4.46,2.58,0.98,4.12,4.22,3.18,3.06,3.8,4.22,4.26,3.9,3.6,4.52,Yes
209603,No,a1fcefd2,VUFA,Part Time,3.397505,3.505708,No,1,X70669,001,WIRK,Elective,No,Masters1,2025,Spring,20251,2024-25,1.5,74.0,,,70.0,50.0,0.0,20.0,0.0,0.0,82.6100006103516,0.0,No,Building1,M,14:20:00,3.25,1.0,3.263157,3.877192,4.070175,3.070175,0.964912,3.333333,3.245614,2.736842,2.842105,3.22807,3.157894,3.280701,3.0,3.0,3.736842,Yes
209604,No,3bb7aeca,ZQOR,Full Time,4.785366,4.66,No,1,Q44513,005,IGFY,Elective,No,Masters1,2025,Spring,20251,2024-25,3.0,50.0,,,50.0,50.0,0.0,0.0,0.0,0.0,88.0,0.0,No,Building1,T,14:20:00,3.25,58.0,4.363636,4.795454,4.75,3.25,0.977272,4.613636,4.636363,3.136363,2.795454,4.545454,4.545454,4.65909,4.636363,4.40909,4.65909,Yes
209605,No,35ff4b79,USIE,,4.709091,4.56,No,1,E44373,001,USIE,Elective,No,Masters1,2025,Spring,20251,2024-25,3.0,65.0,,Corequisite,58.0,58.0,0.0,0.0,0.0,0.0,82.7600021362305,0.0,No,Building2,M,14:20:00,3.25,32.0,4.25,4.604166,4.520833,3.145833,0.979166,4.458333,4.5,3.020833,3.083333,4.333333,4.416666,4.354166,4.354166,3.791666,4.208333,Yes
209606,No,c898515a,VUFA,Part Time,4.316667,4.316667,No,1,Y05287,001,WIRK,Elective,No,Masters1,2025,Spring,20251,2024-25,1.5,40.0,,,41.0,40.0,1.0,0.0,0.0,0.0,62.5,0.0,No,Building1,W,14:20:00,3.25,4.0,4.44,4.64,4.68,3.28,1.0,4.24,4.28,3.04,3.24,3.96,4.2,4.24,4.12,4.12,4.36,Yes
209607,No,3bb7aeca,ZQOR,Full Time,4.921052,4.868421,No,1,Q44513,006,IGFY,Elective,No,Masters1,2025,Spring,20251,2024-25,3.0,50.0,,,49.0,48.0,0.0,0.0,0.0,1.0,79.5899963378906,0.0,No,Building1,W,09:00:00,3.25,58.0,4.307692,4.846153,4.743589,3.282051,1.0,4.743589,4.794871,3.076923,2.974358,4.333333,4.76923,4.794871,4.717948,4.461538,4.692307,Yes
209608,No,35ff4b79,USIE,,4.657143,4.5375,No,1,E44373,002,USIE,Elective,No,Masters1,2025,Spring,20251,2024-25,3.0,65.0,,Corequisite,63.0,63.0,0.0,0.0,0.0,0.0,80.9499969482422,0.0,No,Building2,T,09:00:00,3.25,32.0,4.372549,4.745098,4.62745,3.117647,1.0,4.509803,4.647058,3.019607,2.980392,4.294117,4.509803,4.431372,4.431372,3.784313,4.333333,Yes
209609,No,354eb1c6,VUFA,Full Time,4.410526,4.354546,No,1,K57828,001,WIRK,Elective,No,Masters1,2025,Spring,20251,2024-25,1.5,74.0,,,60.0,49.0,0.0,3.0,0.0,8.0,75.0,0.0,No,Building1,"T,R",14:20:00,1.5,12.0,4.2,4.533333,4.555555,3.044444,1.133333,4.333333,4.288888,3.466666,3.2,4.133333,4.266666,4.133333,4.222222,4.177777,4.244444,Yes
209610,No,39c0cb52,ZQOR,Part Time,4.441667,4.28,No,1,Q44513,007,IGFY,Elective,No,Masters1,2025,Spring,20251,2024-25,3.0,50.0,,,42.0,41.0,0.0,1.0,0.0,0.0,59.5200004577637,0.0,No,Building1,W,14:20:00,3.25,58.0,4.2,4.44,4.24,2.84,0.88,4.28,4.4,2.76,2.92,4.12,4.48,4.4,4.4,4.36,4.56,Yes
209611,No,35ff4b79,USIE,,4.62439,4.45641,No,1,E44373,003,USIE,Elective,No,Masters1,2025,Spring,20251,2024-25,3.0,65.0,,Corequisite,66.0,66.0,0.0,0.0,0.0,0.0,63.6399993896484,0.0,No,Building2,T,14:20:00,3.25,32.0,3.904761,4.595238,4.523809,3.119047,1.0,4.428571,4.619047,3.023809,3.119047,4.095238,4.333333,4.428571,4.357142,3.857142,4.261904,Yes
209612,No,a94d01e7,VUFA,Full Time,4.711864,4.459649,No,1,U67341,001,WIRK,Elective,No,Masters1,2025,Spring,20251,2024-25,3.0,74.0,,,71.0,31.0,0.0,0.0,0.0,40.0,91.4300003051758,0.0,No,Building1,R,09:00:00,3.25,1.0,4.0625,4.453125,4.3125,3.453125,1.484375,4.34375,4.59375,2.953125,2.890625,4.296875,4.40625,4.609375,4.40625,3.5,4.5625,Yes
209613,No,39c0cb52,ZQOR,Part Time,4.710345,4.675862,No,1,Q44513,008,IGFY,Elective,No,Masters1,2025,Spring,20251,2024-25,3.0,50.0,,,39.0,37.0,0.0,1.0,0.0,1.0,76.9199981689453,0.0,No,Building1,R,09:00:00,3.25,58.0,4.433333,4.866666,4.833333,3.266666,0.933333,4.666666,4.666666,3.166666,3.0,4.433333,4.433333,4.7,4.7,4.533333,4.833333,Yes
209614,No,35ff4b79,USIE,,4.745833,4.495833,No,1,E44373,004,USIE,Elective,No,Masters1,2025,Spring,20251,2024-25,3.0,65.0,,Corequisite,61.0,61.0,0.0,0.0,0.0,0.0,85.25,0.0,No,Building2,W,09:00:00,3.25,32.0,4.192307,4.711538,4.653846,2.961538,1.0,4.346153,4.596153,3.192307,2.961538,4.211538,4.384615,4.51923,4.423076,3.634615,4.538461,Yes
209615,No,36d61998,VUFA,Full Time,4.123077,4.0,No,1,T00856,001,WIRK,Elective,No,Masters1,2025,Spring,20251,2024-25,3.0,74.0,,,73.0,61.0,0.0,8.0,0.0,4.0,76.7099990844727,0.0,No,Building1,"T,R",14:20:00,3.25,5.0,4.0,4.196428,4.267857,3.232142,1.017857,3.946428,4.071428,2.660714,3.178571,3.75,4.035714,4.071428,4.089285,4.035714,4.25,Yes
209616,No,39c0cb52,ZQOR,Part Time,4.221428,4.364286,No,1,Q44513,009,IGFY,Elective,No,Masters1,2025,Spring,20251,2024-25,3.0,50.0,,,40.0,40.0,0.0,0.0,0.0,0.0,75.0,0.0,No,Building1,R,14:20:00,3.25,58.0,4.033333,4.6,4.7,3.1,1.0,4.3,4.133333,3.0,2.933333,4.166666,4.233333,4.266666,4.4,4.2,4.2,Yes
209617,No,35ff4b79,USIE,,4.585185,4.537931,No,1,E44373,005,USIE,Elective,No,Masters1,2025,Spring,20251,2024-25,3.0,65.0,,Corequisite,61.0,61.0,0.0,0.0,0.0,0.0,49.1800003051758,0.0,No,Building2,W,14:20:00,3.25,32.0,4.2,4.7,4.6,3.166666,1.0,4.533333,4.566666,3.233333,3.1,4.433333,4.466666,4.466666,4.3,3.866666,4.333333,Yes
209618,No,ce8f8233,VUFA,Full Time,4.76,4.488889,No,1,G48390,001,WIRK,Elective,No,Masters1,2025,Spring,20251,2024-25,3.0,54.0,,,52.0,50.0,0.0,0.0,0.0,2.0,71.1500015258789,0.0,No,Building2,W,09:00:00,3.25,11.0,4.108108,4.729729,4.621621,2.864864,1.0,4.486486,4.621621,3.594594,3.189189,4.216216,4.54054,4.675675,4.621621,4.432432,4.729729,Yes
209619,No,00c8a86b,ZQOR,Full Time,4.339535,4.213953,No,1,U57158,001,IGFY,Elective,No,Masters1,2025,Spring,20251,2024-25,3.0,74.0,,,52.0,51.0,0.0,0.0,0.0,1.0,88.2399978637695,0.0,No,Building2,T,09:00:00,3.25,6.0,4.044444,4.644444,4.311111,3.422222,1.022222,4.177777,4.222222,2.955555,2.911111,4.133333,4.444444,4.422222,4.377777,3.688888,4.488888,Yes
209620,No,4df386e8,USIE,Part Time,4.606896,4.353333,No,1,A74614,001,USIE,Elective,No,Masters1,2025,Spring,20251,2024-25,1.5,50.0,Prerequisites,,43.0,27.0,0.0,3.0,0.0,13.0,72.0899963378906,0.0,No,Building1,T,09:00:00,3.25,16.0,4.0,4.580645,4.387096,3.870967,1.096774,4.32258,4.419354,3.290322,3.290322,4.032258,4.129032,4.290322,4.129032,4.0,4.32258,Yes
209621,No,ce8f8233,VUFA,Full Time,4.813793,4.641379,No,1,G48390,001,WIRK,Elective,No,Masters1,2025,Spring,20251,2024-25,3.0,54.0,,,52.0,50.0,0.0,0.0,0.0,2.0,78.9499969482422,0.0,No,Building2,W,09:00:00,3.25,11.0,4.4,4.766666,4.733333,3.3,1.0,4.633333,4.8,3.5,3.3,4.3,4.7,4.766666,4.566666,4.566666,4.766666,Yes
209622,No,00c8a86b,ZQOR,Full Time,4.166667,3.98421,No,1,U57158,002,IGFY,Elective,No,Masters1,2025,Spring,20251,2024-25,3.0,74.0,,,65.0,60.0,0.0,0.0,0.0,5.0,72.3099975585938,0.0,No,Building2,T,14:20:00,3.25,6.0,4.0,4.425531,4.468085,3.382978,1.063829,3.851063,4.063829,2.80851,2.893617,3.702127,4.340425,4.319148,4.361702,3.893617,4.531914,Yes
209623,No,777b54c1,USIE,,4.607843,4.581132,No,1,I36688,001,USIE,Elective,No,Masters1,2025,Spring,20251,2024-25,1.5,74.0,,,60.0,38.0,0.0,0.0,0.0,22.0,94.9199981689453,0.0,No,Building2,M,09:00:00,3.25,1.0,4.232142,4.482142,4.446428,2.964285,1.303571,4.535714,4.589285,3.946428,3.482142,4.196428,4.482142,4.464285,4.482142,4.303571,4.392857,Yes
209624,No,0c7ae29a,VUFA,Full Time,4.727273,4.659091,No,1,T73232,001,WIRK,Elective,No,Masters1,2025,Spring,20251,2024-25,3.0,50.0,,,46.0,28.0,2.0,6.0,0.0,10.0,95.7399978637695,8.0,No,Building2,"T,W,R,F,S",09:00:00,8.0,10.0,4.044444,4.666666,4.511111,3.066666,1.2,4.555555,4.622222,3.355555,3.311111,4.355555,4.377777,4.488888,4.444444,4.177777,4.577777,Yes
209625,No,20df2d5a,ZQOR,Part Time,4.169231,3.991667,No,1,Q88265,003,IGFY,Elective,No,Masters1,2025,Spring,20251,2024-25,3.0,74.0,,,73.0,66.0,4.0,0.0,0.0,3.0,77.4599990844727,0.0,No,Building1,W,18:00:00,3.25,19.0,3.945454,4.345454,4.381818,3.0,0.963636,3.836363,4.127272,2.854545,2.854545,3.672727,4.072727,4.163636,4.0,3.545454,4.236363,Yes
209626,No,a67ffac5,USIE,Part Time,4.422857,4.188889,No,1,C63645,001,USIE,Elective,No,Masters1,2025,Spring,20251,2024-25,1.5,74.0,,,55.0,45.0,0.0,1.0,0.0,9.0,72.7300033569336,0.0,No,Building2,T,09:00:00,3.25,9.0,3.975,4.425,4.475,2.925,1.1,4.025,4.2,2.925,2.9,3.925,4.125,4.475,4.175,3.725,4.125,Yes
209627,No,0c7ae29a,VUFA,Full Time,4.46087,4.395918,No,1,O53254,001,WIRK,Elective,No,Masters1,2025,Spring,20251,2024-25,1.5,74.0,,,65.0,40.0,0.0,4.0,0.0,21.0,84.129997253418,0.0,No,Building2,"T,R",10:50:00,1.5,1.0,3.943396,4.075471,4.018867,2.754716,1.245283,4.301886,4.339622,3.415094,3.35849,4.018867,4.113207,4.207547,4.094339,3.90566,4.188679,Yes
209628,No,795419b3,VUFA,Part Time,4.771429,4.663636,Yes,2,E66065,001,IGFY,Elective,No,Masters1,2025,Spring,20251,2024-25,3.0,25.0,Prerequisites,,25.0,21.0,2.0,0.0,0.0,2.0,92.0,0.0,Yes,Building1,T,14:20:00,3.25,10.0,4.521739,4.782608,4.782608,3.347826,1.0,4.652173,4.695652,3.434782,3.434782,4.260869,4.652173,4.826086,4.73913,4.73913,4.782608,Yes
209628,No,b52692d4,ZQOR,Part Time,4.69544,4.663636,Yes,2,E66065,001A,IGFY,Elective,No,Masters1,2025,Spring,20251,2024-25,3.0,25.0,Prerequisites,,25.0,21.0,2.0,0.0,0.0,2.0,92.0,0.0,Yes,Building1,T,14:20:00,3.25,10.0,4.521739,4.782608,4.782608,3.347826,1.0,4.652173,4.695652,3.434782,3.434782,4.260869,4.652173,4.826086,4.73913,4.73913,4.782608,No
209629,No,f46cdadb,USIE,Part Time,4.435294,4.68,No,1,H42208,001,USIE,Elective,No,Masters1,2025,Spring,20251,2024-25,3.0,50.0,,,50.0,44.0,5.0,1.0,0.0,0.0,76.0,29.0,No,Building1,"T,W,R,F,S",09:00:00,8.0,4.0,4.315789,4.552631,4.526315,2.868421,1.0,4.631578,4.315789,3.526315,3.947368,4.368421,3.973684,4.263157,4.421052,4.026315,4.342105,Yes
209630,No,8b24f98b,VUFA,Part Time,4.31579,4.31579,No,1,K45212,001,WIRK,Elective,No,Masters1,2025,Spring,20251,2024-25,3.0,28.0,,,20.0,17.0,0.0,2.0,0.0,1.0,95.0,0.0,No,Building1,R,14:20:00,3.25,5.0,4.105263,4.68421,4.315789,3.578947,1.0,4.315789,4.315789,3.894736,3.263157,4.210526,4.473684,4.578947,4.368421,4.736842,4.578947,Yes
209631,No,adaea479,USIE,,4.325195,4.188461,Yes,2,J61435,001,USIE,Elective,No,Masters1,2025,Spring,20251,2024-25,1.5,74.0,,,72.0,71.0,0.0,0.0,0.0,1.0,77.4599990844727,0.0,Yes,Building1,"M,F",10:00:00,7.583333,4.0,4.145454,4.545454,4.327272,3.054545,1.0,4.127272,4.3,3.181818,3.2,3.690909,4.127272,4.30909,4.181818,4.036363,4.454545,Yes
209631,No,91bdacb3,USIE,,4.4,4.188461,Yes,2,J61435,001A,USIE,Elective,No,Masters1,2025,Spring,20251,2024-25,1.5,74.0,,,72.0,71.0,0.0,0.0,0.0,1.0,77.4599990844727,0.0,Yes,Building1,"M,F",10:00:00,7.583333,4.0,4.145454,4.545454,4.327272,3.054545,1.0,4.127272,4.3,3.181818,3.2,3.690909,4.127272,4.30909,4.181818,4.036363,4.454545,No
209632,No,ba223305,YICC,Full Time,4.628572,4.689655,No,1,Q08967,001,WIRK,Elective,No,Masters1,2025,Spring,20251,2024-25,3.0,35.0,,,35.0,35.0,0.0,0.0,0.0,0.0,82.8600006103516,34.0,No,Building2,"T,W,R,F,S",09:00:00,8.0,3.0,4.310344,4.724137,4.724137,3.75862,1.0,4.689655,4.620689,2.620689,3.37931,4.310344,3.862068,4.413793,4.241379,3.655172,4.310344,Yes
209633,No,adb6bf4c,ZQOR,Part Time,4.412245,4.507692,No,1,S08097,001,IGFY,Elective,No,Masters1,2025,Spring,20251,2024-25,1.5,74.0,,,73.0,71.0,2.0,0.0,0.0,0.0,76.7099990844727,0.0,No,Building2,"T,R",10:50:00,1.5,6.0,4.107142,4.482142,4.553571,2.964285,0.982142,4.446428,4.339285,3.589285,3.321428,4.0,4.232142,4.339285,4.285714,4.107142,4.410714,Yes
209634,No,224ecde3,VUFA,Part Time,4.374074,4.156863,Yes,2,N16012,001,WIRK,Elective,No,Masters1,2025,Spring,20251,2024-25,1.5,74.0,,,65.0,62.0,1.0,0.0,0.0,2.0,88.8899993896484,0.0,Yes,Building1,M,18:00:00,3.25,5.0,4.053571,4.678571,4.732142,3.339285,1.0,4.053571,4.303571,3.142857,3.375,4.035714,4.428571,4.482142,4.321428,4.178571,4.607142,Yes
209634,No,393e8c68,VUFA,Part Time,4.336883,4.156863,Yes,2,N16012,001A,WIRK,Elective,No,Masters1,2025,Spring,20251,2024-25,1.5,74.0,,,65.0,62.0,1.0,0.0,0.0,2.0,88.8899993896484,0.0,Yes,Building1,M,18:00:00,3.25,5.0,4.053571,4.678571,4.732142,3.339285,1.0,4.053571,4.303571,3.142857,3.375,4.035714,4.428571,4.482142,4.321428,4.178571,4.607142,No
209635,No,2c7bac1c,ZQOR,Full Time,4.495238,4.4,No,1,I67464,001,IGFY,Elective,No,Masters1,2025,Spring,20251,2024-25,3.0,74.0,,,58.0,37.0,6.0,2.0,0.0,13.0,87.9300003051758,0.0,No,Building1,T,18:00:00,3.25,7.0,4.058823,4.647058,4.705882,3.568627,1.17647,4.235294,4.352941,2.705882,2.764705,3.764705,4.45098,4.490196,4.274509,4.156862,4.509803,Yes
209636,No,0859a977,USIE,Part Time,4.816667,4.733333,No,1,A96256,H01,USIE,Elective,No,Masters1,2025,Spring,20251,2024-25,1.5,74.0,,,73.0,56.0,3.0,14.0,0.0,0.0,82.1900024414063,0.0,No,Building1,R,18:00:00,1.5,10.0,4.466666,4.783333,4.7,3.35,1.0,4.733333,4.816666,3.366666,3.266666,4.35,4.6,4.75,4.733333,4.45,4.75,Yes
209637,No,08470d1d,ZQOR,Part Time,4.321739,4.165217,No,1,M20044,001,IGFY,Elective,No,Masters1,2025,Spring,20251,2024-25,3.0,60.0,,,51.0,49.0,0.0,0.0,0.0,2.0,54.0,0.0,No,Building1,T,14:20:00,3.25,6.0,4.074074,4.333333,4.481481,3.111111,1.037037,3.814814,4.074074,2.925925,2.851851,4.074074,4.111111,4.111111,3.703703,3.333333,4.259259,Yes
209638,No,f46cdadb,USIE,Part Time,4.322581,4.42069,No,1,X99789,001,USIE,Elective,No,Masters1,2025,Spring,20251,2024-25,3.0,50.0,,,37.0,25.0,0.0,12.0,0.0,0.0,83.7799987792969,0.0,No,Building2,W,14:20:00,3.25,3.0,4.387096,4.548387,4.419354,3.32258,0.967741,4.419354,4.32258,3.967741,3.774193,4.16129,4.064516,4.258064,4.258064,4.032258,4.387096,Yes
209639,No,3004a88d,ZQOR,Full Time,4.76,4.552941,No,1,G31839,001,IGFY,Elective,No,Masters1,2025,Spring,20251,2024-25,3.0,50.0,,,40.0,39.0,0.0,0.0,0.0,1.0,92.5,0.0,No,Building2,"M,W",14:20:00,1.5,6.0,4.351351,4.702702,4.675675,3.324324,0.972972,4.486486,4.567567,2.891891,2.945945,4.135135,4.567567,4.729729,4.594594,4.297297,4.81081,Yes
209640,No,80d3762e,USIE,Part Time,4.548718,4.386046,No,1,U63457,001,USIE,Elective,No,Masters1,2025,Spring,20251,2024-25,1.5,74.0,,,65.0,46.0,0.0,0.0,1.0,18.0,68.75,0.0,No,Building1,W,14:20:00,3.25,4.0,4.204545,4.5,4.431818,3.590909,1.15909,4.340909,4.386363,2.886363,3.045454,4.045454,4.136363,4.386363,4.431818,4.431818,4.545454,Yes
209641,No,3004a88d,ZQOR,Full Time,4.838889,4.708571,No,1,G31839,002,IGFY,Elective,No,Masters1,2025,Spring,20251,2024-25,3.0,50.0,,,46.0,46.0,0.0,0.0,0.0,0.0,84.4400024414063,0.0,No,Building2,"M,W",16:10:00,1.5,6.0,4.447368,4.868421,4.815789,3.157894,0.973684,4.657894,4.763157,2.973684,3.0,4.289473,4.68421,4.789473,4.710526,4.578947,4.5,Yes
209642,No,bcd01aef,USIE,Part Time,4.027778,4.258537,No,1,P92884,001,USIE,Elective,No,Masters1,2025,Spring,20251,2024-25,1.5,74.0,,,62.0,60.0,1.0,1.0,0.0,0.0,67.7399978637695,0.0,No,Building1,T,18:00:00,3.25,12.0,4.333333,4.571428,4.523809,2.309523,1.0,4.238095,3.785714,3.904761,4.047619,4.119047,3.738095,4.095238,3.95238,4.380952,4.309523,Yes
209643,No,3004a88d,ZQOR,Full Time,4.533333,4.288889,No,1,G31839,003,IGFY,Elective,No,Masters1,2025,Spring,20251,2024-25,3.0,50.0,,,46.0,44.0,2.0,0.0,0.0,0.0,86.9599990844727,0.0,No,Building2,"M,W",18:00:00,1.5,6.0,4.1,4.675,4.5,3.275,0.95,4.15,4.3,3.05,2.625,3.95,4.575,4.625,4.45,4.4,4.775,Yes
209644,No,0859a977,USIE,Part Time,4.694445,4.564706,No,1,P92884,002,USIE,Elective,No,Masters1,2025,Spring,20251,2024-25,1.5,74.0,,,52.0,38.0,1.0,13.0,0.0,0.0,69.2300033569336,0.0,No,Building1,R,18:00:00,3.25,12.0,4.25,4.638888,4.694444,3.333333,0.916666,4.555555,4.694444,3.25,3.444444,3.944444,4.138888,4.138888,4.083333,3.888888,4.194444,Yes
209645,No,08470d1d,ZQOR,Part Time,4.410526,4.171429,Yes,2,O14109,001,IGFY,Elective,Yes,Masters1,2025,Spring,20251,2024-25,3.0,50.0,,,33.0,29.0,0.0,0.0,0.0,4.0,66.6699981689453,0.0,Yes,Building1,M,14:20:00,3.25,,3.818181,4.363636,4.318181,2.681818,1.181818,4.090909,4.25,2.636363,2.818181,4.0,4.272727,4.318181,4.136363,4.090909,4.318181,Yes
209645,Yes,1956461e,ZQOR,Part Time,4.314546,4.171429,Yes,2,O14109,001A,IGFY,Elective,Yes,Masters1,2025,Spring,20251,2024-25,3.0,50.0,,,33.0,29.0,0.0,0.0,0.0,4.0,66.6699981689453,0.0,Yes,Building1,M,14:20:00,3.25,,3.818181,4.363636,4.318181,2.681818,1.181818,4.090909,4.25,2.636363,2.818181,4.0,4.272727,4.318181,4.136363,4.090909,4.318181,No
209647,No,1133483b,USIE,Full Time,4.28,4.22,No,1,C19879,001,USIE,Elective,No,Masters1,2025,Spring,20251,2024-25,1.5,74.0,,,52.0,43.0,1.0,1.0,0.0,7.0,84.3099975585938,0.0,No,Building2,R,14:20:00,3.25,1.0,4.069767,4.418604,4.348837,3.046511,1.069767,4.139534,4.116279,2.976744,3.093023,4.069767,4.16279,4.279069,4.232558,3.930232,4.325581,Yes
209648,No,62729069,ZQOR,Part Time,4.336902,4.328205,Yes,2,T49989,001,IGFY,Elective,No,Masters1,2025,Spring,20251,2024-25,1.5,74.0,,,62.0,56.0,0.0,1.0,0.0,5.0,67.7399978637695,0.0,Yes,Building1,"T,R",10:50:00,1.5,4.0,4.166666,4.45238,4.5,3.595238,1.023809,4.214285,4.154761,3.071428,3.166666,3.880952,4.0,4.190476,4.261904,3.619047,4.190476,Yes
209648,No,b1bb2f8c,ZQOR,Part Time,4.338461,4.328205,Yes,2,T49989,001A,IGFY,Elective,No,Masters1,2025,Spring,20251,2024-25,1.5,74.0,,,62.0,56.0,0.0,1.0,0.0,5.0,67.7399978637695,0.0,Yes,Building1,"T,R",10:50:00,1.5,4.0,4.166666,4.45238,4.5,3.595238,1.023809,4.214285,4.154761,3.071428,3.166666,3.880952,4.0,4.190476,4.261904,3.619047,4.190476,No
209650,No,db9fa0d4,CGCH,Full Time,4.793103,4.637037,No,1,X37454,001,IGFY,Elective,No,Masters1,2025,Spring,20251,2024-25,1.5,36.0,,Corequisite,35.0,35.0,0.0,0.0,0.0,0.0,82.8600006103516,0.0,No,Building1,W,09:00:00,3.25,54.0,4.137931,4.896551,4.724137,3.103448,1.0,4.551724,4.793103,2.75862,2.896551,4.241379,4.75862,4.896551,4.793103,4.793103,4.896551,Yes
209652,No,2b86262a,ZQOR,Part Time,4.495238,4.495652,No,1,X37454,002,IGFY,Elective,No,Masters1,2025,Spring,20251,2024-25,1.5,36.0,,Corequisite,34.0,34.0,0.0,0.0,0.0,0.0,79.4100036621094,0.0,No,Building1,W,14:20:00,3.25,54.0,4.333333,4.851851,4.814814,3.555555,0.962962,4.444444,4.111111,2.777777,2.925925,4.259259,4.703703,4.592592,4.555555,4.37037,4.777777,No
209653,No,640ca4b8,ZQOR,Part Time,4.7,4.661539,No,1,X37454,003,IGFY,Elective,No,Masters1,2025,Spring,20251,2024-25,1.5,36.0,,Corequisite,36.0,36.0,0.0,0.0,0.0,0.0,77.7799987792969,0.0,No,Building1,M,14:20:00,3.25,54.0,4.25,4.785714,4.714285,3.678571,0.964285,4.642857,4.642857,3.214285,3.035714,4.214285,4.678571,4.785714,4.785714,4.714285,4.75,Yes
209654,No,640ca4b8,ZQOR,Part Time,4.635294,4.733333,No,1,X37454,004,IGFY,Elective,No,Masters1,2025,Spring,20251,2024-25,1.5,36.0,,Corequisite,33.0,33.0,0.0,0.0,0.0,0.0,60.6100006103516,0.0,No,Building1,M,18:00:00,3.25,54.0,4.2,4.5,4.65,4.1,0.85,4.6,4.5,3.3,2.9,3.65,4.35,4.5,4.4,4.5,4.5,Yes
209655,No,a5a0fa6c,ZQOR,Full Time,4.469565,4.504,No,1,X37454,005,IGFY,Elective,No,Masters1,2025,Spring,20251,2024-25,1.5,36.0,,Corequisite,31.0,30.0,0.0,0.0,1.0,0.0,86.6699981689453,0.0,No,Building1,T,09:00:00,3.25,54.0,3.884615,4.5,4.307692,3.038461,1.0,4.5,4.461538,3.153846,3.423076,4.230769,4.5,4.538461,4.384615,4.538461,4.461538,Yes
209656,No,a5a0fa6c,ZQOR,Full Time,3.947826,4.152,No,1,X37454,006,IGFY,Elective,No,Masters1,2025,Spring,20251,2024-25,1.5,36.0,,Corequisite,32.0,32.0,0.0,0.0,0.0,0.0,87.5,0.0,No,Building1,T,14:20:00,3.25,54.0,3.75,4.25,4.428571,2.928571,0.964285,4.0,3.571428,3.142857,2.892857,3.75,4.071428,4.142857,3.857142,4.214285,4.357142,Yes
209657,No,abf6b261,GYQP,Part Time,4.578948,4.421622,No,1,H90785,001,SBFH,Elective,No,Masters1,2025,Spring,20251,2024-25,1.5,74.0,Prerequisites,,58.0,55.0,0.0,2.0,0.0,1.0,76.7900009155273,0.0,No,Building1,M,14:20:00,3.25,3.0,4.16279,4.44186,4.604651,3.069767,0.953488,4.348837,4.511627,3.767441,3.88372,4.255813,4.255813,4.325581,4.325581,4.674418,4.395348,Yes
209658,No,a5a0fa6c,ZQOR,Full Time,4.257143,4.471428,No,1,X37454,007,IGFY,Elective,No,Masters1,2025,Spring,20251,2024-25,1.5,36.0,,Corequisite,24.0,24.0,0.0,0.0,0.0,0.0,68.1800003051758,0.0,No,Building1,T,18:00:00,3.25,54.0,4.2,4.533333,4.466666,3.2,1.0,4.466666,4.2,3.133333,3.066666,3.866666,4.266666,4.4,4.333333,4.4,4.533333,Yes
209659,No,225b5fed,CGCH,Full Time,4.441026,4.2,No,1,O60984,001,SBFH,Elective,No,Masters1,2025,Spring,20251,2024-25,3.0,74.0,Prerequisites,,68.0,67.0,0.0,0.0,0.0,1.0,70.5899963378906,0.0,No,Building2,"M,W",09:00:00,1.5,57.0,4.104166,4.395833,4.625,2.708333,0.979166,4.020833,4.145833,3.416666,3.354166,4.0,4.125,4.375,4.3125,3.645833,4.5625,Yes
209660,No,f8710654,ZQOR,Part Time,4.309091,4.257143,No,1,P20112,001,IGFY,Elective,No,Masters1,2025,Spring,20251,2024-25,1.5,40.0,,,27.0,26.0,0.0,0.0,0.0,1.0,96.1500015258789,0.0,No,Building1,R,14:20:00,3.25,4.0,4.32,4.68,4.8,3.16,0.96,4.04,4.16,3.2,3.0,3.76,3.96,4.16,3.68,3.76,4.2,Yes
209661,No,225b5fed,CGCH,Full Time,4.577273,4.395652,No,1,O60984,002,SBFH,Elective,No,Masters1,2025,Spring,20251,2024-25,3.0,74.0,Prerequisites,,74.0,73.0,0.0,0.0,0.0,1.0,66.2200012207031,0.0,No,Building2,"M,W",10:50:00,1.5,57.0,4.020408,4.55102,4.612244,2.653061,0.938775,4.265306,4.469387,3.469387,3.306122,3.918367,4.040816,4.265306,4.10204,3.938775,4.489795,Yes
209662,No,dc30543f,ZQOR,Part Time,4.744828,4.721428,No,1,L73451,001,IGFY,Elective,No,Masters1,2025,Spring,20251,2024-25,1.5,74.0,,,43.0,29.0,3.0,0.0,0.0,11.0,75.0,0.0,No,Building2,R,18:00:00,3.25,3.0,4.2,4.8,4.7,3.333333,1.2,4.666666,4.733333,3.0,3.666666,4.2,4.666666,4.7,4.666666,4.533333,4.633333,Yes
209663,No,225b5fed,CGCH,Full Time,4.539286,4.414035,No,1,O60984,003,SBFH,Elective,No,Masters1,2025,Spring,20251,2024-25,3.0,74.0,Prerequisites,,73.0,65.0,0.0,6.0,0.0,2.0,86.3000030517578,0.0,No,Building2,"M,W",14:20:00,1.5,57.0,4.031746,4.428571,4.523809,3.047619,0.968253,4.349206,4.492063,3.460317,3.206349,4.079365,4.301587,4.539682,4.428571,4.015873,4.603174,Yes
209665,No,6872ba4a,CGCH,Full Time,4.34902,4.388,No,1,O60984,004,SBFH,Elective,No,Masters1,2025,Spring,20251,2024-25,3.0,74.0,Prerequisites,,72.0,64.0,0.0,0.0,1.0,7.0,75.0,0.0,No,Building1,"M,W",16:10:00,1.5,57.0,3.87037,4.425925,4.37037,3.148148,1.055555,4.296296,4.277777,3.129629,3.111111,4.111111,4.166666,4.166666,4.24074,3.925925,4.333333,Yes
209666,No,4a824882,ZQOR,Part Time,4.54,4.104762,No,1,T61937,001,IGFY,Elective,No,Masters1,2025,Spring,20251,2024-25,1.5,74.0,,,43.0,32.0,1.0,0.0,0.0,10.0,53.4900016784668,0.0,No,Building1,"T,R",18:00:00,1.5,7.0,4.217391,4.391304,4.47826,3.260869,1.043478,4.043478,4.47826,2.956521,2.869565,4.130434,4.434782,4.565217,4.391304,4.043478,4.695652,Yes
209667,No,2f803d7c,CGCH,,4.784375,4.5,No,1,O60984,005,SBFH,Elective,No,Masters1,2025,Spring,20251,2024-25,3.0,74.0,Prerequisites,,74.0,71.0,0.0,0.0,0.0,3.0,90.5400009155273,0.0,No,Building1,"T,R",09:00:00,1.5,57.0,4.283582,4.716417,4.61194,2.83582,0.985074,4.477611,4.701492,3.656716,3.761194,4.268656,4.208955,4.477611,4.41791,4.014925,4.507462,Yes
209668,No,c5fc3880,VUFA,Part Time,4.4,4.194118,No,1,K53164,001,IGFY,Elective,No,Masters1,2025,Spring,20251,2024-25,1.5,74.0,,,47.0,46.0,0.0,1.0,0.0,0.0,77.7799987792969,0.0,No,Building1,W,14:20:00,3.25,6.0,3.8,4.371428,4.371428,3.142857,1.0,4.171428,4.4,3.457142,2.942857,3.885714,4.171428,4.342857,4.114285,3.914285,4.4,Yes
209669,No,2f803d7c,CGCH,,4.660317,4.51228,No,1,O60984,006,SBFH,Elective,No,Masters1,2025,Spring,20251,2024-25,3.0,74.0,Prerequisites,,74.0,74.0,0.0,0.0,0.0,0.0,87.8399963378906,0.0,No,Building1,"T,R",10:50:00,1.5,57.0,4.230769,4.723076,4.753846,2.907692,0.96923,4.430769,4.56923,3.76923,3.56923,4.107692,4.507692,4.584615,4.415384,3.861538,4.676923,Yes
209670,No,24b941bb,ZQOR,Part Time,4.638462,4.561539,No,1,B01344,001,IGFY,Elective,No,Masters1,2025,Spring,20251,2024-25,1.5,40.0,,,32.0,32.0,0.0,0.0,0.0,0.0,90.629997253418,0.0,No,Building1,R,14:20:00,3.25,4.0,4.103448,4.75862,4.724137,3.137931,0.965517,4.241379,4.310344,2.931034,3.172413,4.068965,4.482758,4.551724,4.482758,4.482758,4.620689,Yes
209671,No,b925a0e4,CGCH,Full Time,4.70625,4.490323,No,1,D49006,001,SBFH,Elective,No,Masters1,2025,Spring,20251,2024-25,3.0,74.0,Prerequisites,Corequisite,60.0,17.0,0.0,23.0,0.0,20.0,55.0,0.0,No,Building2,"M,W",09:00:00,1.5,17.0,3.969696,4.333333,4.515151,3.515151,1.30303,4.424242,4.696969,3.0,2.818181,4.030303,4.333333,4.545454,4.484848,4.121212,4.484848,Yes
209672,No,1f932881,ZQOR,Part Time,4.453333,4.49697,No,1,T81933,001,IGFY,Elective,No,Masters1,2025,Spring,20251,2024-25,1.5,74.0,,,69.0,60.0,5.0,0.0,0.0,4.0,55.8800010681152,0.0,No,Building1,T,09:00:00,3.25,4.0,4.18421,4.763157,4.789473,3.342105,0.947368,4.342105,4.157894,2.394736,3.105263,4.078947,4.263157,4.236842,4.263157,3.973684,4.421052,No
209673,No,b925a0e4,CGCH,Full Time,4.669565,4.419048,No,1,D49006,002,SBFH,Elective,No,Masters1,2025,Spring,20251,2024-25,3.0,74.0,Prerequisites,Corequisite,74.0,68.0,0.0,0.0,0.0,6.0,67.5699996948242,0.0,No,Building2,"M,W",10:50:00,1.5,17.0,4.12,4.48,4.62,3.28,1.06,4.24,4.54,3.26,3.1,4.34,4.46,4.68,4.6,4.06,4.44,Yes
209674,No,a31d5c9c,ZQOR,Full Time,4.554545,4.554545,No,1,T72385,001,IGFY,Elective,No,Masters1,2025,Spring,20251,2024-25,3.0,50.0,,,36.0,35.0,0.0,0.0,0.0,1.0,66.6699981689453,0.0,No,Building2,"T,R",14:20:00,1.5,1.0,4.125,4.666666,4.708333,3.583333,1.0,4.541666,4.416666,3.208333,2.875,4.166666,4.458333,4.5,4.583333,4.333333,4.541666,Yes
209675,No,76c98501,CGCH,,4.55,4.522222,No,1,T54607,001,SBFH,Elective,No,Masters1,2025,Spring,20251,2024-25,1.5,74.0,Prerequisites,,65.0,46.0,1.0,10.0,1.0,7.0,61.5400009155273,0.0,No,Building1,"M,W",10:50:00,1.5,5.0,4.25,4.55,4.525,3.225,0.95,4.4,4.425,3.275,3.45,4.15,4.2,4.375,4.375,4.275,4.325,Yes
209676,No,88753b93,ZQOR,Full Time,4.948276,4.722807,No,1,N57760,001,IGFY,Elective,No,Masters1,2025,Spring,20251,2024-25,3.0,74.0,,,74.0,74.0,0.0,0.0,0.0,0.0,79.7300033569336,0.0,No,Building2,"T,R",10:50:00,1.5,11.0,4.38983,4.881355,4.779661,3.406779,1.0,4.711864,4.864406,3.152542,3.288135,4.542372,4.847457,4.949152,4.779661,4.881355,4.966101,Yes
209677,No,1b7cba7c,CGCH,Part Time,3.534188,3.778195,No,1,H48373,001,SBFH,Elective,No,Masters1,2025,Spring,20251,2024-25,1.5,40.0,Prerequisites,,29.0,26.0,1.0,2.0,0.0,0.0,65.5199966430664,0.0,No,Building1,M,18:00:00,3.25,2.0,4.052631,4.473684,4.105263,3.421052,1.0,3.578947,3.210526,3.894736,3.105263,3.421052,3.578947,3.210526,3.421052,3.0,3.473684,Yes
209678,No,d51358a4,CGCH,Part Time,4.74,4.721739,No,1,Y49023,001,SBFH,Elective,No,Masters1,2025,Spring,20251,2024-25,3.0,50.0,Prerequisites,,33.0,22.0,2.0,2.0,0.0,7.0,75.0,0.0,No,Building2,R,14:20:00,3.25,4.0,4.041666,4.5,4.5,2.458333,1.125,4.583333,4.375,2.833333,3.333333,4.208333,3.916666,4.375,4.166666,3.666666,4.458333,Yes
209680,No,96256d7a,CGCH,,4.266667,4.504762,No,1,Y86609,001,SBFH,Elective,No,Masters1,2025,Spring,20251,2024-25,1.5,25.0,Prerequisites,Corequisite,23.0,22.0,0.0,0.0,0.0,1.0,95.6500015258789,0.0,No,Building2,T,14:20:00,1.166666,1.0,4.272727,4.636363,4.681818,4.181818,0.954545,4.40909,4.181818,3.5,3.090909,4.045454,3.863636,3.90909,4.136363,3.727272,3.90909,Yes
209681,No,0c45289c,AFQO,,4.220513,4.115,No,1,A05341,001,SBFH,Elective,No,Masters1,2025,Spring,20251,2024-25,3.0,65.0,,Corequisite,66.0,64.0,1.0,1.0,0.0,0.0,72.3099975585938,0.0,No,Building1,R,09:00:00,3.25,20.0,4.042553,4.340425,4.361702,3.127659,0.978723,3.914893,3.893617,3.531914,3.319148,4.127659,4.085106,4.127659,3.80851,3.765957,4.425531,Yes
209682,No,c78707cb,CGCH,Part Time,4.773077,4.605941,No,1,A05341,002,SBFH,Elective,No,Masters1,2025,Spring,20251,2024-25,3.0,135.0,,Corequisite,135.0,120.0,0.0,11.0,0.0,4.0,81.3399963378906,0.0,No,Building2,R,14:20:00,3.25,20.0,4.12844,4.669724,4.577981,3.504587,0.963302,4.541284,4.688073,2.816513,3.100917,4.229357,4.394495,4.513761,4.376146,4.155963,4.504587,Yes
209683,No,abf6b261,GYQP,Part Time,4.738983,4.585185,No,1,J77500,001,SBFH,Elective,No,Masters1,2025,Spring,20251,2024-25,3.0,74.0,Prerequisites,,66.0,61.0,2.0,0.0,0.0,3.0,92.4199981689453,12.0,No,Building2,"T,W,R,F,S",09:00:00,8.0,4.0,4.57377,4.901639,4.786885,3.0,1.016393,4.442622,4.655737,4.311475,4.262295,4.377049,4.081967,4.491803,4.278688,4.163934,4.508196,Yes
209684,No,96256d7a,CGCH,,4.17931,4.17931,No,1,F70044,001,SBFH,Elective,No,Masters1,2025,Spring,20251,2024-25,1.5,74.0,Prerequisites,Corequisite,53.0,44.0,9.0,0.0,0.0,0.0,59.6199989318848,0.0,No,Building1,M,18:00:00,3.25,11.0,4.064516,4.32258,4.387096,3.806451,1.0,4.096774,4.064516,3.741935,3.16129,3.870967,4.129032,4.032258,4.0,3.935483,4.387096,Yes
209685,No,601ee8d9,CGCH,Full Time,4.72,4.604348,No,1,T42714,001,SBFH,Elective,No,Masters1,2025,Spring,20251,2024-25,3.0,73.0,,Corequisite,67.0,62.0,0.0,4.0,0.0,1.0,74.2399978637695,0.0,No,Building1,"T,R",09:00:00,1.5,25.0,4.265306,4.714285,4.673469,2.510204,1.0,4.591836,4.693877,3.918367,3.653061,4.428571,4.530612,4.510204,4.469387,4.224489,4.469387,Yes
209686,No,601ee8d9,CGCH,Full Time,4.844444,4.826087,No,1,T42714,002,SBFH,Elective,No,Masters1,2025,Spring,20251,2024-25,3.0,74.0,,Corequisite,66.0,58.0,1.0,6.0,0.0,1.0,71.2099990844727,0.0,No,Building1,"T,R",10:50:00,1.5,25.0,4.446808,4.74468,4.765957,2.957446,0.914893,4.723404,4.638297,3.914893,3.553191,4.382978,4.531914,4.595744,4.531914,4.340425,4.468085,Yes
209687,No,601ee8d9,CGCH,Full Time,4.529032,4.525,No,1,T42714,003,SBFH,Elective,No,Masters1,2025,Spring,20251,2024-25,3.0,74.0,,Corequisite,58.0,53.0,0.0,4.0,0.0,1.0,62.0699996948242,0.0,No,Building1,"T,R",14:20:00,1.5,25.0,4.277777,4.638888,4.472222,2.666666,0.944444,4.361111,4.333333,3.722222,3.305555,4.305555,4.25,4.333333,4.083333,3.722222,4.416666,Yes
209690,No,c01c5699,QAHF,Full Time,4.236,4.301887,No,1,O00432,060,QAHF,Elective,No,MSPHD,2025,Spring,20251,2024-25,3.0,74.0,,,66.0,15.0,0.0,49.0,1.0,1.0,81.8199996948242,0.0,No,Building1,"M,W",10:50:00,1.5,12.0,4.111111,4.203703,4.259259,3.685185,0.925925,4.222222,4.111111,3.092592,3.333333,3.925925,3.944444,4.148148,4.185185,4.074074,4.222222,Yes
209691,No,c01c5699,QAHF,Full Time,4.857143,4.714286,No,1,I83155,001,QAHF,Elective,No,MSPHD,2025,Spring,20251,2024-25,3.0,20.0,,,8.0,0.0,0.0,0.0,6.0,2.0,87.5,0.0,No,Building1,R,14:20:00,3.25,2.0,5.0,5.0,5.0,3.857142,1.285714,4.714285,4.857142,3.428571,3.142857,4.571428,4.714285,5.0,4.714285,4.714285,4.714285,No
209692,No,daa21d45,QAHF,Full Time,4.365714,4.217647,No,1,G42687,001,QAHF,Elective,No,MSPHD,2025,Spring,20251,2024-25,3.0,74.0,,,54.0,0.0,0.0,54.0,0.0,0.0,72.2200012207031,0.0,No,Building2,M,14:20:00,3.25,4.0,4.205128,4.435897,4.384615,3.820512,0.871794,3.948717,4.128205,3.384615,3.076923,3.564102,3.897435,4.102564,4.076923,3.923076,4.0,Yes
209693,No,11a4baed,KFZN,,4.75,4.75,No,1,I14751,001,TRXC,Elective,Yes,Masters2,2025,Spring,20251,2024-25,1.5,50.0,Prerequisites,,6.0,1.0,5.0,0.0,0.0,0.0,66.6699981689453,0.0,No,Building1,S,08:30:00,10.25,,4.75,4.75,5.0,3.0,1.0,4.75,4.75,4.0,3.25,4.5,4.75,5.0,4.75,4.75,4.75,Yes
209694,No,54871f7d,NZJO,,4.733333,4.511111,No,1,E03990,001,TRXC,Elective,No,Masters2,2025,Spring,20251,2024-25,3.0,50.0,,,13.0,0.0,13.0,0.0,0.0,0.0,76.9199981689453,0.0,No,Building1,"F, S",08:30:00,10.25,11.0,4.3,4.8,4.8,3.1,1.0,4.4,4.7,3.4,3.3,4.5,4.6,4.5,4.2,4.2,4.9,Yes
209695,No,0432450b,NZJO,Full Time,4.2,4.452631,No,1,L22178,001,TRXC,Elective,No,Masters2,2025,Spring,20251,2024-25,3.0,74.0,,,22.0,2.0,18.0,0.0,0.0,2.0,90.9100036621094,0.0,No,Building1,S,08:30:00,10.25,1.0,4.45,4.55,4.7,3.6,1.0,4.35,4.2,3.45,3.7,4.45,3.85,4.3,3.9,4.0,4.0,Yes
209696,No,bfe76817,NZJO,Full Time,4.133333,4.3,No,1,N97921,001,TRXC,Elective,No,Masters2,2025,Spring,20251,2024-25,3.0,74.0,,,15.0,6.0,9.0,0.0,0.0,0.0,86.6699981689453,0.0,No,Building1,"F, S",08:30:00,10.25,2.0,4.461538,4.461538,4.538461,3.230769,0.923076,4.230769,4.076923,3.692307,2.692307,4.0,4.076923,4.230769,4.076923,3.692307,4.230769,Yes
209697,No,b40ef717,NZJO,Full Time,4.5,4.5,No,1,G27757,001,TRXC,Elective,No,MSPHD,2025,Spring,20251,2024-25,1.5,25.0,,,9.0,0.0,0.0,4.0,4.0,1.0,44.439998626709,0.0,No,Building2,"M,W",10:50:00,1.5,4.0,4.5,5.0,5.0,3.75,1.0,4.5,4.5,2.75,3.5,4.5,4.25,4.0,4.5,4.0,4.5,No
209698,No,b40ef717,NZJO,Full Time,4.4,4.4,No,1,R13428,001,TRXC,Elective,No,MSPHD,2025,Spring,20251,2024-25,1.5,25.0,,,8.0,0.0,0.0,4.0,3.0,1.0,62.5,0.0,No,Building2,"M,W",10:50:00,1.5,4.0,4.4,4.4,4.4,2.4,1.0,4.4,4.4,3.4,3.4,4.6,4.4,4.4,4.4,3.6,4.4,No
209699,No,35ff4b79,USIE,,4.648148,4.581481,No,1,E98831,001,USIE,Elective,No,Masters2,2025,Spring,20251,2024-25,3.0,65.0,,Corequisite,65.0,2.0,63.0,0.0,0.0,0.0,90.7699966430664,0.0,No,Building1,"F, S",08:30:00,10.25,8.0,4.271186,4.491525,4.237288,2.762711,0.966101,4.474576,4.610169,3.135593,3.084745,4.338983,4.118644,4.38983,4.033898,3.576271,4.050847,Yes
209700,No,35ff4b79,USIE,,4.869565,4.782609,No,1,E98831,002,USIE,Elective,No,Masters2,2025,Spring,20251,2024-25,3.0,65.0,,Corequisite,33.0,2.0,31.0,0.0,0.0,0.0,67.6500015258789,0.0,No,Building1,S,08:30:00,10.25,8.0,4.173913,4.608695,4.652173,3.304347,1.0,4.782608,4.869565,3.086956,2.913043,4.608695,4.521739,4.73913,4.434782,4.130434,4.652173,Yes
209701,No,35ff4b79,USIE,,4.573684,4.444445,No,1,E44373,060,USIE,Elective,No,MSPHD,2025,Spring,20251,2024-25,3.0,65.0,,Corequisite,63.0,31.0,0.0,0.0,0.0,32.0,73.6800003051758,0.0,No,Building2,R,09:00:00,3.25,32.0,4.214285,4.666666,4.428571,3.071428,1.690476,4.238095,4.404761,2.785714,2.857142,4.071428,4.214285,4.333333,4.214285,3.619047,4.166666,Yes
209702,No,6f375008,USIE,Part Time,4.615385,4.446154,No,1,S31809,061,USIE,Elective,No,MSPHD,2025,Spring,20251,2024-25,3.0,50.0,,,47.0,0.0,0.0,0.0,0.0,47.0,57.4500007629395,0.0,No,Building1,R,14:20:00,3.25,8.0,4.37037,4.703703,4.74074,3.629629,1.777777,4.37037,4.444444,2.962962,2.814814,4.148148,4.333333,4.148148,4.296296,4.074074,4.333333,No
209703,No,638b34fa,USIE,Full Time,4.333333,4.571429,No,1,V61656,001,USIE,Elective,No,MSPHD,2025,Spring,20251,2024-25,5.0,25.0,,,8.0,0.0,0.0,1.0,6.0,1.0,87.5,0.0,No,Building1,M,09:00:00,3.25,4.0,4.857142,5.0,5.0,3.285714,1.142857,4.571428,3.714285,5.0,4.571428,4.142857,3.857142,4.714285,4.571428,3.857142,4.714285,Yes
209704,No,19a6f603,USIE,Full Time,4.866667,4.8,No,1,L37553,001,USIE,Elective,No,MSPHD,2025,Spring,20251,2024-25,3.0,25.0,,,15.0,0.0,0.0,1.0,9.0,5.0,100.0,0.0,No,Building2,T,14:20:00,3.25,2.0,3.533333,5.0,5.0,3.133333,1.6,4.8,4.866666,3.4,3.666666,4.266666,4.4,4.533333,4.4,3.733333,4.6,Yes
209705,No,dcc276a3,USIE,Full Time,4.7,4.457143,No,1,X13424,001,USIE,Elective,No,MSPHD,2025,Spring,20251,2024-25,3.0,25.0,,,19.0,0.0,0.0,1.0,4.0,14.0,47.3699989318848,0.0,No,Building1,R,09:00:00,3.25,2.0,4.0,4.555555,4.555555,3.666666,1.555555,4.444444,4.666666,2.555555,3.111111,3.777777,4.777777,4.888888,4.777777,4.777777,4.888888,Yes
209706,No,6872ba4a,CGCH,Full Time,4.066667,4.115151,No,1,N88827,002,SBFH,Elective,No,Masters2,2025,Spring,20251,2024-25,3.0,74.0,Prerequisites,,45.0,0.0,42.0,0.0,0.0,3.0,80.0,0.0,No,Building1,S,08:30:00,10.25,20.0,4.055555,4.527777,4.472222,3.527777,1.0,4.055555,3.833333,3.138888,2.944444,3.75,3.944444,3.888888,4.027777,3.888888,4.527777,Yes
209707,No,0c45289c,AFQO,,4.212903,4.006452,No,1,K20735,001,SBFH,Elective,No,Masters2,2025,Spring,20251,2024-25,3.0,65.0,,Corequisite,49.0,3.0,44.0,2.0,0.0,0.0,67.3499984741211,0.0,No,Building1,"F, S",08:30:00,10.25,7.0,4.242424,4.696969,4.484848,2.30303,0.969696,3.969696,4.060606,3.757575,3.424242,3.90909,3.696969,4.090909,3.454545,3.454545,4.393939,Yes
209708,No,4c95a9ab,CGCH,Part Time,4.9,4.888889,No,1,X71499,001,SBFH,Elective,No,Masters2,2025,Spring,20251,2024-25,1.5,60.0,Prerequisites,,13.0,5.0,7.0,1.0,0.0,0.0,76.9199981689453,0.0,No,Building1,S,08:30:00,10.25,1.0,4.2,4.4,3.8,2.9,0.9,4.4,4.9,3.2,3.1,4.3,4.8,4.9,4.7,4.6,4.8,Yes
209709,No,cdd82482,GYQP,Part Time,4.614286,4.733333,No,1,M69635,001,SBFH,Elective,No,Masters2,2025,Spring,20251,2024-25,3.0,36.0,,Corequisite,23.0,6.0,17.0,0.0,0.0,0.0,68.1800003051758,0.0,No,Building1,"F, S",08:30:00,10.25,7.0,4.533333,4.733333,4.733333,3.333333,0.933333,4.733333,4.6,4.266666,2.866666,4.533333,4.4,4.4,4.333333,3.2,4.4,Yes
209710,No,443b55ec,CGCH,Full Time,5.0,4.846154,No,1,L65413,001,SBFH,Elective,No,MSPHD,2025,Spring,20251,2024-25,3.0,30.0,,,25.0,0.0,0.0,17.0,7.0,1.0,52.0,0.0,No,Building1,W,16:30:00,3.0,1.0,4.230769,4.76923,4.76923,3.538461,0.923076,4.846153,5.0,3.153846,3.153846,4.230769,4.76923,4.846153,4.692307,4.76923,4.384615,Yes
209711,No,105c9de1,CGCH,Full Time,4.007692,4.107692,No,1,J14775,001,SBFH,Elective,No,MSPHD,2025,Spring,20251,2024-25,1.5,60.0,,,53.0,0.0,0.0,45.0,7.0,1.0,53.7000007629395,0.0,No,Building2,R,09:00:00,3.25,4.0,4.344827,4.448275,4.482758,2.965517,1.034482,3.965517,3.75862,4.275862,4.344827,3.724137,3.37931,3.689655,3.482758,3.896551,4.068965,Yes
209712,No,b925a0e4,CGCH,Full Time,4.577143,4.52,No,1,D52595,001,SBFH,Elective,No,MSPHD,2025,Spring,20251,2024-25,1.5,60.0,,,57.0,0.0,0.0,46.0,8.0,3.0,64.9100036621094,0.0,No,Building1,T,09:00:00,3.25,4.0,3.81081,4.378378,4.135135,3.513513,1.027027,4.432432,4.486486,2.837837,3.135135,4.189189,4.216216,4.351351,4.135135,3.837837,4.108108,Yes
209713,No,b925a0e4,CGCH,Full Time,5.0,4.916667,No,1,Y07591,001,SBFH,Elective,No,MSPHD,2025,Spring,20251,2024-25,3.0,25.0,,,13.0,0.0,0.0,1.0,6.0,6.0,92.3099975585938,0.0,No,Building1,T,14:20:00,3.25,4.0,4.583333,4.833333,4.833333,3.25,1.416666,4.916666,5.0,2.416666,2.833333,4.25,4.833333,4.833333,4.833333,4.666666,4.833333,Yes
209714,No,105c9de1,CGCH,Full Time,4.26,4.36,No,1,C49728,001,SBFH,Elective,No,MSPHD,2025,Spring,20251,2024-25,1.5,50.0,,,12.0,0.0,0.0,6.0,6.0,0.0,91.6699981689453,0.0,No,Building2,R,09:00:00,3.25,1.0,4.363636,4.636363,4.636363,3.454545,1.0,4.181818,4.090909,4.0,4.090909,3.363636,3.727272,3.90909,3.90909,3.545454,3.636363,Yes
209715,No,f7321d1c,CGCH,Full Time,4.445455,4.419048,No,1,C47684,001,SBFH,Elective,No,MSPHD,2025,Spring,20251,2024-25,1.5,50.0,,,33.0,0.0,0.0,32.0,1.0,0.0,75.7600021362305,0.0,No,Building2,F,14:20:00,3.25,2.0,4.24,4.24,4.28,3.2,0.92,4.2,4.44,3.52,3.52,4.04,3.92,3.92,3.96,3.88,4.0,Yes
209716,No,dc67a3ab,CGCH,Part Time,3.914286,4.1625,No,1,P30777,001,SBFH,Elective,No,MSPHD,2025,Spring,20251,2024-25,1.5,60.0,,,40.0,0.0,1.0,37.0,1.0,1.0,43.5900001525879,0.0,No,Building1,W,09:00:00,3.25,1.0,4.470588,4.529411,4.529411,3.588235,1.0,4.117647,3.823529,4.705882,3.705882,3.882352,3.529411,3.705882,3.17647,3.17647,3.588235,Yes
209719,No,dfd9a0ed,ZQOR,,4.733333,4.634783,No,1,Y88728,001,IGFY,Elective,No,Masters2,2025,Spring,20251,2024-25,3.0,50.0,,,40.0,0.0,40.0,0.0,0.0,0.0,62.5,0.0,No,Building1,S,08:30:00,10.25,22.0,4.52,4.84,4.68,3.48,1.0,4.4,4.72,3.0,3.08,4.64,4.72,4.76,4.8,4.64,4.76,Yes
209720,No,dfd9a0ed,ZQOR,,4.48,4.476191,No,1,Y88728,002,IGFY,Elective,No,Masters2,2025,Spring,20251,2024-25,3.0,50.0,,,29.0,0.0,29.0,0.0,0.0,0.0,72.4100036621094,0.0,No,Building1,S,08:30:00,10.25,22.0,3.95238,4.095238,4.333333,3.285714,0.95238,4.47619,4.47619,3.047619,3.095238,4.47619,4.47619,4.619047,4.428571,4.47619,4.428571,Yes
209721,No,00c8a86b,ZQOR,Full Time,4.173913,3.99,No,1,F74226,001,IGFY,Elective,No,Masters2,2025,Spring,20251,2024-25,3.0,74.0,,,38.0,2.0,35.0,0.0,0.0,1.0,60.5299987792969,0.0,No,Building1,"F, S",08:30:00,10.25,2.0,3.826086,4.217391,4.347826,3.0,1.043478,3.913043,4.173913,3.043478,3.130434,3.73913,4.130434,4.043478,4.173913,4.0,4.652173,Yes
209722,No,a1f188f8,ZQOR,Part Time,4.753846,4.8,No,1,Y54923,001,IGFY,Elective,No,Masters2,2025,Spring,20251,2024-25,1.5,36.0,,,29.0,0.0,29.0,0.0,0.0,0.0,96.5500030517578,0.0,No,Building1,"F, S",08:30:00,10.25,18.0,4.25,4.678571,4.75,3.214285,0.964285,4.75,4.571428,3.142857,3.571428,4.5,4.571428,4.678571,4.535714,4.428571,4.321428,Yes
209725,No,4d5af9cb,ZQOR,Part Time,4.878572,4.740351,No,1,B23438,001,IGFY,Elective,No,Masters2,2025,Spring,20251,2024-25,3.0,74.0,,,71.0,0.0,71.0,0.0,0.0,0.0,83.0999984741211,1.0,No,Building1,"F, S",08:30:00,10.25,2.0,4.338983,4.644067,4.406779,3.423728,0.966101,4.661016,4.711864,2.898305,3.288135,4.305084,4.677966,4.79661,4.59322,4.254237,4.779661,Yes
209726,No,31ce692e,ZQOR,Full Time,4.328571,4.430769,No,1,B79101,001,IGFY,Elective,No,Masters2,2025,Spring,20251,2024-25,1.5,74.0,,,15.0,2.0,13.0,0.0,0.0,0.0,100.0,0.0,No,Building1,S,08:30:00,10.25,6.0,4.266666,4.733333,4.6,3.0,0.933333,4.066666,4.266666,2.933333,3.133333,4.133333,4.0,4.266666,4.133333,4.0,4.4,Yes
209727,Yes,c04f75f6,ZQOR,,4.54,4.51875,No,1,Q44513,002,IGFY,Elective,No,Masters1,2025,Spring,20251,2024-25,3.0,50.0,,,36.0,24.0,0.0,1.0,0.0,11.0,94.2900009155273,0.0,No,Building1,M,09:00:00,3.25,58.0,3.818181,4.727272,4.454545,2.757575,1.272727,4.515151,4.363636,2.60606,2.969696,4.333333,4.393939,4.545454,4.545454,4.333333,4.424242,Yes
209728,Yes,c04f75f6,ZQOR,,4.741177,4.564706,No,1,Q44513,003,IGFY,Elective,No,Masters1,2025,Spring,20251,2024-25,3.0,49.0,,,21.0,7.0,0.0,3.0,0.0,11.0,85.7099990844727,0.0,No,Building1,R,18:00:00,3.25,58.0,4.388888,4.222222,4.722222,3.388888,1.388888,4.5,4.666666,2.888888,2.777777,4.222222,4.722222,4.777777,4.777777,4.5,4.777777,Yes
209730,No,3bb7aeca,ZQOR,Full Time,5.0,5.0,No,1,W74002,001,IGFY,Elective,No,MSPHD,2025,Spring,20251,2024-25,3.0,0.0,,,7.0,0.0,0.0,0.0,6.0,1.0,42.8600006103516,0.0,No,Building1,M,14:20:00,3.25,1.0,4.333333,5.0,5.0,2.666666,1.333333,5.0,5.0,3.0,3.0,4.333333,4.666666,5.0,5.0,5.0,5.0,No
209731,No,91485667,VUFA,Full Time,4.471428,4.542857,No,1,L16718,001,WIRK,Elective,No,Masters2,2025,Spring,20251,2024-25,3.0,50.0,,,16.0,1.0,13.0,2.0,0.0,0.0,93.75,0.0,No,Building1,S,08:30:00,10.25,4.0,4.533333,4.333333,4.666666,2.666666,1.0,4.533333,4.466666,4.333333,3.4,4.333333,4.333333,4.333333,4.0,4.4,4.6,Yes
209732,No,ce03109b,VUFA,Part Time,4.333333,4.111111,No,1,J10369,001,WIRK,Elective,No,Masters2,2025,Spring,20251,2024-25,1.5,74.0,,,15.0,3.0,12.0,0.0,0.0,0.0,60.0,0.0,No,Building1,S,08:30:00,10.25,2.0,3.888888,4.555555,4.111111,3.222222,1.0,4.111111,4.333333,2.888888,3.111111,4.222222,4.222222,4.333333,3.888888,3.888888,4.666666,Yes
209733,No,a94d01e7,VUFA,Full Time,5.0,4.666667,No,1,C24263,001,WIRK,Elective,No,Masters2,2025,Spring,20251,2024-25,3.0,25.0,,,9.0,0.0,9.0,0.0,0.0,0.0,90.0,0.0,No,Building1,"F, S",08:30:00,10.25,1.0,4.333333,4.888888,4.777777,3.333333,1.0,4.666666,5.0,3.222222,3.111111,4.555555,4.666666,4.777777,4.555555,4.555555,4.222222,Yes
209734,No,485b44df,VUFA,Full Time,4.44,4.107692,No,1,G83767,060,WIRK,Elective,No,MSPHD,2025,Spring,20251,2024-25,1.5,74.0,,,69.0,27.0,0.0,25.0,0.0,17.0,76.8099975585938,0.0,No,Building1,W,09:00:00,3.25,3.0,3.849056,4.301886,4.150943,3.301886,1.113207,4.094339,4.415094,2.943396,3.113207,3.81132,4.113207,4.339622,4.169811,4.056603,4.415094,Yes
209736,No,6426fae9,VUFA,,4.432558,4.334783,No,1,X64171,060,WIRK,Elective,Yes,MSPHD,2025,Spring,20251,2024-25,1.5,74.0,Prerequisites,,70.0,22.0,0.0,29.0,0.0,19.0,73.9100036621094,0.0,No,Building2,T,18:00:00,3.0,,3.862745,4.431372,4.17647,3.45098,1.235294,4.17647,4.137254,3.078431,3.137254,3.882352,3.960784,4.039215,3.882352,3.823529,4.0,Yes
209737,No,8a06b1c0,VUFA,Full Time,5.0,5.0,No,1,W08826,001,WIRK,Elective,No,MSPHD,2025,Spring,20251,2024-25,1.5,25.0,,,4.0,0.0,0.0,0.0,4.0,0.0,75.0,0.0,No,Building1,M,14:20:00,3.25,2.0,4.333333,5.0,5.0,3.666666,1.0,5.0,5.0,3.0,3.333333,5.0,5.0,5.0,5.0,5.0,5.0,Yes
209738,No,ba223305,YICC,Full Time,5.0,5.0,No,1,G72089,001,WIRK,Elective,No,MSPHD,2025,Spring,20251,2024-25,3.0,25.0,,,8.0,0.0,0.0,2.0,3.0,3.0,100.0,0.0,No,Building1,W,14:20:00,3.25,4.0,4.875,4.25,4.875,3.0,1.25,4.375,5.0,3.5,3.5,4.75,4.875,4.875,4.75,5.0,4.875,Yes
209739,No,9da21744,VUFA,Part Time,3.84,4.195238,No,1,S02007,001,WIRK,Elective,No,MSPHD,2025,Spring,20251,2024-25,1.5,74.0,,,53.0,6.0,1.0,30.0,0.0,16.0,83.0199966430664,0.0,No,Building1,T,18:00:00,3.0,5.0,4.40909,4.363636,4.431818,2.931818,1.204545,4.15909,3.636363,4.045454,4.204545,3.681818,3.704545,4.045454,3.545454,3.15909,3.681818,Yes
209740,No,9da21744,VUFA,Part Time,4.24,4.633333,No,1,Q27744,001,WIRK,Elective,No,MSPHD,2025,Spring,20251,2024-25,1.5,74.0,,,44.0,6.0,1.0,26.0,0.0,11.0,88.6399993896484,0.0,No,Building1,T,18:00:00,3.0,4.0,4.333333,4.51282,4.51282,3.179487,1.153846,4.564102,4.128205,4.025641,4.25641,4.153846,4.0,4.282051,4.0,3.51282,4.179487,Yes
209741,No,0c7ae29a,VUFA,Full Time,4.766667,4.633333,No,1,U56235,001,WIRK,Elective,No,MSPHD,2025,Spring,20251,2024-25,1.5,60.0,,,38.0,0.0,0.0,21.0,0.0,17.0,78.9499969482422,0.0,No,Building2,"T,R",09:00:00,1.5,7.0,3.6,4.433333,4.266666,3.533333,1.333333,4.633333,4.766666,3.2,3.1,4.1,4.366666,4.433333,4.4,4.166666,4.6,Yes
209748,Yes,b22c4ec0,CGCH,Part Time,4.524324,4.305263,No,1,A11607,001,SBFH,Elective,Yes,Masters1,2025,Spring,20251,2024-25,1.5,50.0,Prerequisites,,45.0,36.0,2.0,5.0,0.0,2.0,91.1100006103516,0.0,No,Building1,M,18:00:00,3.25,,3.780487,4.487804,4.390243,3.292682,1.0,4.07317,4.487804,2.634146,3.07317,4.04878,4.243902,4.341463,4.146341,3.951219,4.414634,Yes
209789,No,354eb1c6,VUFA,Full Time,4.556757,4.55,No,1,K57828,060,WIRK,Elective,No,MSPHD,2025,Spring,20251,2024-25,1.5,74.0,,,63.0,0.0,0.0,28.0,0.0,35.0,64.5199966430664,0.0,No,Building1,"T,R",16:10:00,1.5,12.0,3.925,4.45,4.4,3.5,1.425,4.425,4.325,3.425,3.25,4.1,4.275,4.35,4.325,4.25,4.4,Yes
209794,Yes,3f2e1bae,CGCH,Full Time,4.85,4.455319,No,1,O60984,007,SBFH,Elective,No,Masters1,2025,Spring,20251,2024-25,3.0,74.0,Prerequisites,,63.0,54.0,1.0,2.0,0.0,6.0,87.0999984741211,0.0,No,Building1,"T,R",14:20:00,1.5,57.0,4.092592,4.444444,4.333333,3.037037,1.018518,4.166666,4.796296,3.462962,3.5,4.24074,4.277777,4.666666,4.333333,4.037037,4.666666,Yes
209795,Yes,3f2e1bae,CGCH,Full Time,4.761905,4.53,No,1,O60984,008,SBFH,Elective,No,Masters1,2025,Spring,20251,2024-25,3.0,74.0,Prerequisites,,26.0,24.0,0.0,0.0,0.0,2.0,80.7699966430664,0.0,No,Building1,"T,R",16:10:00,1.5,57.0,3.714285,4.666666,4.666666,3.142857,1.095238,4.523809,4.761904,3.333333,3.380952,4.380952,4.666666,4.761904,4.666666,4.190476,4.857142,Yes
209796,Yes,3f2e1bae,CGCH,Full Time,4.8,4.8,No,1,L94135,001,SBFH,Elective,No,MSPHD,2025,Spring,20251,2024-25,1.5,50.0,,,7.0,0.0,1.0,4.0,1.0,1.0,71.4300003051758,0.0,No,Building1,M,18:00:00,3.25,4.0,3.6,4.6,4.6,3.4,1.0,4.8,4.8,3.0,3.4,4.8,4.4,4.6,4.4,4.6,4.4,Yes
209799,Yes,af211849,ZQOR,Full Time,3.689167,3.785366,No,1,Q88265,001,IGFY,Elective,No,Masters1,2025,Spring,20251,2024-25,3.0,50.0,,,50.0,45.0,0.0,0.0,0.0,5.0,96.0,0.0,No,Building2,M,09:00:00,3.25,19.0,3.854166,4.395833,4.4375,2.75,1.104166,3.6875,3.583333,3.020833,2.875,3.6875,3.6875,3.833333,3.770833,3.979166,4.291666,Yes
209800,Yes,af211849,ZQOR,Full Time,4.4,4.309091,No,1,Q88265,002,IGFY,Elective,No,Masters1,2025,Spring,20251,2024-25,3.0,50.0,,,37.0,33.0,0.0,3.0,0.0,1.0,94.5899963378906,0.0,No,Building2,M,14:20:00,3.25,19.0,4.142857,4.342857,4.771428,3.371428,1.0,4.257142,4.371428,3.057142,2.885714,3.971428,4.4,4.457142,4.4,4.371428,4.485714,Yes
209810,No,6f375008,USIE,Part Time,4.307693,4.307693,No,1,S31809,060,USIE,Elective,No,MSPHD,2025,Spring,20251,2024-25,3.0,50.0,,,29.0,0.0,0.0,0.0,0.0,29.0,44.8300018310547,0.0,No,Building1,R,09:00:00,3.25,8.0,3.846153,4.692307,4.538461,3.615384,1.692307,4.307692,4.307692,3.307692,3.230769,4.384615,4.230769,4.384615,4.384615,4.230769,4.461538,No
210603,No,76f057fd,USIE,Part Time,4.327778,4.470588,No,1,R33778,060,USIE,Elective,No,MSPHD,2025,Spring,20251,2024-25,3.0,74.0,,,69.0,0.0,0.0,3.0,0.0,66.0,56.5200004577637,0.0,No,Building2,"M,W",18:00:00,1.5,4.0,4.25641,4.205128,4.25641,3.461538,1.897435,4.333333,4.179487,2.923076,3.25641,3.897435,3.923076,4.0,4.076923,3.897435,3.717948,Yes
211043,No,638b34fa,USIE,Full Time,4.34043,4.267924,Yes,6,L59828,002,USIE,Elective,No,Masters1,2025,Spring,20251,2024-25,1.5,74.0,,,71.0,59.0,1.0,5.0,0.0,6.0,83.0999984741211,0.0,Yes,Building2,W,14:20:00,3.25,8.0,4.067796,4.322033,4.254237,3.254237,1.033898,3.949152,3.954802,3.033898,3.254237,3.762711,4.016949,4.033898,3.932203,3.847457,4.033898,Yes
211043,No,0a270635,USIE,Full Time,4.537255,4.267924,Yes,6,L59828,002A,USIE,Elective,No,Masters1,2025,Spring,20251,2024-25,1.5,74.0,,,71.0,59.0,1.0,5.0,0.0,6.0,83.0999984741211,0.0,Yes,Building2,W,14:20:00,3.25,8.0,4.067796,4.322033,4.254237,3.254237,1.033898,3.949152,3.954802,3.033898,3.254237,3.762711,4.016949,4.033898,3.932203,3.847457,4.033898,No
211043,No,f499bf33,USIE,Full Time,4.762963,4.267924,Yes,6,L59828,002B,USIE,Elective,No,Masters1,2025,Spring,20251,2024-25,1.5,74.0,,,71.0,59.0,1.0,5.0,0.0,6.0,83.0999984741211,0.0,Yes,Building2,W,14:20:00,3.25,8.0,4.067796,4.322033,4.254237,3.254237,1.033898,3.949152,3.954802,3.033898,3.254237,3.762711,4.016949,4.033898,3.932203,3.847457,4.033898,No
211043,No,de05c262,USIE,Full Time,4.408696,4.267924,Yes,6,L59828,002C,USIE,Elective,No,Masters1,2025,Spring,20251,2024-25,1.5,74.0,,,71.0,59.0,1.0,5.0,0.0,6.0,83.0999984741211,0.0,Yes,Building2,W,14:20:00,3.25,8.0,4.067796,4.322033,4.254237,3.254237,1.033898,3.949152,3.954802,3.033898,3.254237,3.762711,4.016949,4.033898,3.932203,3.847457,4.033898,No
211043,No,f3b2a2e4,USIE,Full Time,4.393658,4.267924,Yes,6,L59828,002D,USIE,Elective,No,Masters1,2025,Spring,20251,2024-25,1.5,74.0,,,71.0,59.0,1.0,5.0,0.0,6.0,83.0999984741211,0.0,Yes,Building2,W,14:20:00,3.25,8.0,4.067796,4.322033,4.254237,3.254237,1.033898,3.949152,3.954802,3.033898,3.254237,3.762711,4.016949,4.033898,3.932203,3.847457,4.033898,No
211043,No,1133483b,USIE,Full Time,4.020259,4.267924,Yes,6,L59828,002E,USIE,Elective,No,Masters1,2025,Spring,20251,2024-25,1.5,74.0,,,71.0,59.0,1.0,5.0,0.0,6.0,83.0999984741211,0.0,Yes,Building2,W,14:20:00,3.25,8.0,4.067796,4.322033,4.254237,3.254237,1.033898,3.949152,3.954802,3.033898,3.254237,3.762711,4.016949,4.033898,3.932203,3.847457,4.033898,No
211118,No,022a93bc,USIE,Full Time,4.353333,4.075862,Yes,5,S68646,001,SBFH,Elective,No,MSPHD,2025,Spring,20251,2024-25,3.0,50.0,,,48.0,0.0,0.0,48.0,0.0,0.0,66.6699981689453,0.0,Yes,Building2,F,09:00:00,3.25,4.0,4.125,4.15625,4.28125,3.46875,1.0,3.8125,4.05,3.5625,3.15625,3.8125,3.90625,3.90625,3.90625,3.84375,3.9375,Yes
211118,No,f7321d1c,CGCH,Full Time,4.287794,4.075862,Yes,5,S68646,001A,SBFH,Elective,No,MSPHD,2025,Spring,20251,2024-25,3.0,50.0,,,48.0,0.0,0.0,48.0,0.0,0.0,66.6699981689453,0.0,Yes,Building2,F,09:00:00,3.25,4.0,4.125,4.15625,4.28125,3.46875,1.0,3.8125,4.05,3.5625,3.15625,3.8125,3.90625,3.90625,3.90625,3.84375,3.9375,No
211118,No,96256d7a,CGCH,,4.328571,4.075862,Yes,5,S68646,001B,SBFH,Elective,No,MSPHD,2025,Spring,20251,2024-25,3.0,50.0,,,48.0,0.0,0.0,48.0,0.0,0.0,66.6699981689453,0.0,Yes,Building2,F,09:00:00,3.25,4.0,4.125,4.15625,4.28125,3.46875,1.0,3.8125,4.05,3.5625,3.15625,3.8125,3.90625,3.90625,3.90625,3.84375,3.9375,No
211118,No,de03dd37,OGPX,Full Time,4.287794,4.075862,Yes,5,S68646,001C,SBFH,Elective,No,MSPHD,2025,Spring,20251,2024-25,3.0,50.0,,,48.0,0.0,0.0,48.0,0.0,0.0,66.6699981689453,0.0,Yes,Building2,F,09:00:00,3.25,4.0,4.125,4.15625,4.28125,3.46875,1.0,3.8125,4.05,3.5625,3.15625,3.8125,3.90625,3.90625,3.90625,3.84375,3.9375,No
211118,No,43f47120,CGCH,Full Time,4.353333,4.075862,Yes,5,S68646,001D,SBFH,Elective,No,MSPHD,2025,Spring,20251,2024-25,3.0,50.0,,,48.0,0.0,0.0,48.0,0.0,0.0,66.6699981689453,0.0,Yes,Building2,F,09:00:00,3.25,4.0,4.125,4.15625,4.28125,3.46875,1.0,3.8125,4.05,3.5625,3.15625,3.8125,3.90625,3.90625,3.90625,3.84375,3.9375,No
211120,Yes,eda218b1,CGCH,Part Time,4.581818,4.447619,No,1,N84325,001,SBFH,Elective,No,MSPHD,2025,Spring,20251,2024-25,3.0,20.0,,,31.0,0.0,0.0,31.0,0.0,0.0,80.6500015258789,0.0,No,Building1,M,09:00:00,3.25,1.0,4.24,4.4,4.4,3.84,0.96,4.24,4.4,3.52,2.96,3.88,4.36,4.36,4.28,4.08,4.4,Yes
211524,No,105c9de1,CGCH,Full Time,3.65,3.947826,No,1,N88827,300,SBFH,Elective,No,Masters2,2025,Spring,20251,2024-25,3.0,74.0,Prerequisites,,39.0,0.0,39.0,0.0,0.0,0.0,66.6699981689453,0.0,No,Building2,"U, M, W, F, S",08:30:00,7.5,20.0,4.115384,4.423076,4.76923,2.615384,1.115384,3.846153,3.461538,3.76923,4.576923,3.576923,2.923076,3.307692,3.115384,3.230769,4.0,Yes
211536,No,4158e2cf,ZQOR,Part Time,4.184,4.356522,No,1,Y88728,300,IGFY,Elective,No,Masters2,2025,Spring,20251,2024-25,3.0,50.0,,,40.0,0.0,40.0,0.0,0.0,0.0,67.5,0.0,No,Building2,"T, W, R, F, S",08:30:00,7.5,22.0,4.074074,4.555555,4.629629,3.333333,1.111111,3.962962,4.0,3.333333,3.296296,3.962962,4.259259,4.296296,4.259259,4.185185,4.37037,No
212046,No,638b34fa,USIE,Full Time,4.388727,4.323404,Yes,6,L59828,001,USIE,Elective,No,Masters1,2025,Spring,20251,2024-25,1.5,74.0,,,70.0,52.0,0.0,8.0,0.0,10.0,71.4300003051758,0.0,Yes,Building2,W,09:00:00,3.25,8.0,3.9,4.24,4.2,3.22,1.1,4.2,4.233333,2.96,3.16,4.0,4.44,4.44,4.4,4.06,4.48,Yes
212046,No,0a270635,USIE,Full Time,4.369096,4.323404,Yes,6,L59828,001A,USIE,Elective,No,Masters1,2025,Spring,20251,2024-25,1.5,74.0,,,70.0,52.0,0.0,8.0,0.0,10.0,71.4300003051758,0.0,Yes,Building2,W,09:00:00,3.25,8.0,3.9,4.24,4.2,3.22,1.1,4.2,4.233333,2.96,3.16,4.0,4.44,4.44,4.4,4.06,4.48,No
212046,No,022a93bc,USIE,Full Time,4.165792,4.323404,Yes,6,L59828,001B,USIE,Elective,No,Masters1,2025,Spring,20251,2024-25,1.5,74.0,,,70.0,52.0,0.0,8.0,0.0,10.0,71.4300003051758,0.0,Yes,Building2,W,09:00:00,3.25,8.0,3.9,4.24,4.2,3.22,1.1,4.2,4.233333,2.96,3.16,4.0,4.44,4.44,4.4,4.06,4.48,No
212046,No,f499bf33,USIE,Full Time,4.713044,4.323404,Yes,6,L59828,001C,USIE,Elective,No,Masters1,2025,Spring,20251,2024-25,1.5,74.0,,,70.0,52.0,0.0,8.0,0.0,10.0,71.4300003051758,0.0,Yes,Building2,W,09:00:00,3.25,8.0,3.9,4.24,4.2,3.22,1.1,4.2,4.233333,2.96,3.16,4.0,4.44,4.44,4.4,4.06,4.48,No
212046,No,de05c262,USIE,Full Time,4.52,4.323404,Yes,6,L59828,001D,USIE,Elective,No,Masters1,2025,Spring,20251,2024-25,1.5,74.0,,,70.0,52.0,0.0,8.0,0.0,10.0,71.4300003051758,0.0,Yes,Building2,W,09:00:00,3.25,8.0,3.9,4.24,4.2,3.22,1.1,4.2,4.233333,2.96,3.16,4.0,4.44,4.44,4.4,4.06,4.48,No
212046,No,f3b2a2e4,USIE,Full Time,4.328085,4.323404,Yes,6,L59828,001E,USIE,Elective,No,Masters1,2025,Spring,20251,2024-25,1.5,74.0,,,70.0,52.0,0.0,8.0,0.0,10.0,71.4300003051758,0.0,Yes,Building2,W,09:00:00,3.25,8.0,3.9,4.24,4.2,3.22,1.1,4.2,4.233333,2.96,3.16,4.0,4.44,4.44,4.4,4.06,4.48,No
212050,Yes,92a9d2a0,CGCH,Part Time,4.809524,4.68,No,1,T02977,001,SBFH,Elective,No,Masters1,2025,Spring,20251,2024-25,3.0,32.0,Prerequisites,,25.0,23.0,2.0,0.0,0.0,0.0,84.0,0.0,No,Building1,M,18:00:00,3.25,6.0,4.428571,4.619047,4.666666,4.047619,1.0,4.666666,4.809523,3.380952,3.238095,4.428571,4.619047,4.619047,4.523809,4.285714,4.857142,Yes
212051,Yes,d9878ce7,CGCH,Part Time,4.775,4.736363,No,1,X00985,001,SBFH,Elective,No,Masters1,2025,Spring,20251,2024-25,1.5,50.0,Prerequisites,,34.0,31.0,1.0,2.0,0.0,0.0,73.5299987792969,0.0,No,Building1,W,09:00:00,3.25,2.0,4.48,4.6,4.52,3.2,1.0,4.52,4.76,3.76,3.56,4.32,4.48,4.64,4.52,4.44,4.76,Yes
212053,Yes,42278605,VUFA,Part Time,4.758333,4.513043,No,1,O79370,001,WIRK,Elective,No,Masters1,2025,Spring,20251,2024-25,1.5,50.0,,,37.0,37.0,0.0,0.0,0.0,0.0,70.2699966430664,0.0,No,Building1,M,14:20:00,3.25,9.0,4.423076,4.76923,4.461538,2.884615,1.0,4.423076,4.653846,2.807692,3.0,4.5,4.807692,4.807692,4.730769,4.576923,4.730769,Yes
212055,No,1133483b,USIE,Full Time,4.4625,4.417143,No,1,C19879,060,USIE,Elective,No,MSPHD,2025,Spring,20251,2024-25,1.5,60.0,,,38.0,17.0,0.0,2.0,0.0,19.0,94.7399978637695,0.0,No,Building2,T,09:00:00,3.25,1.0,4.055555,4.194444,4.333333,3.277777,1.5,4.416666,4.305555,2.944444,3.0,4.027777,4.333333,4.333333,4.166666,3.694444,4.416666,Yes
212095,No,098d2f12,VUFA,Full Time,5.0,5.0,No,1,A99185,001,WIRK,Elective,No,MSPHD,2025,Spring,20251,2024-25,1.5,25.0,,,9.0,0.0,0.0,0.0,8.0,1.0,44.439998626709,0.0,No,Building1,M,14:20:00,3.25,27.0,5.0,5.0,3.75,4.0,1.0,5.0,5.0,3.25,4.25,4.25,4.5,4.5,4.5,4.5,4.75,No
212104,No,9322b968,CGCH,Full Time,4.133333,4.666667,No,1,T56321,001,SBFH,Elective,No,MSPHD,2025,Spring,20251,2024-25,1.5,25.0,,,11.0,0.0,0.0,1.0,10.0,0.0,81.8199996948242,0.0,No,Building2,R,14:20:00,3.25,9.0,4.555555,4.888888,4.888888,3.888888,1.0,4.666666,3.111111,3.888888,2.666666,3.888888,3.222222,3.333333,3.111111,3.222222,3.222222,No
212191,No,dcc276a3,USIE,Full Time,4.72381,4.652174,No,1,Y76366,060,USIE,Elective,No,MSPHD,2025,Spring,20251,2024-25,1.5,50.0,,,38.0,0.0,0.0,3.0,0.0,35.0,60.5299987792969,0.0,No,Building2,M,09:00:00,3.25,1.0,4.173913,4.73913,4.47826,3.695652,1.782608,4.652173,4.695652,3.217391,3.043478,4.130434,4.043478,4.086956,4.043478,4.043478,4.130434,Yes
212194,No,35ff4b79,USIE,,4.593939,4.617647,No,1,E44373,060,USIE,Elective,No,MSPHD,2025,Spring,20251,2024-25,3.0,65.0,,Corequisite,63.0,31.0,0.0,0.0,0.0,32.0,61.9000015258789,0.0,Yes,Building2,R,09:00:00,3.25,32.0,4.282051,4.435897,4.538461,2.923076,1.358974,4.487179,4.461538,2.897435,3.179487,4.25641,4.435897,4.358974,4.435897,3.948717,4.358974,Yes
212194,No,35ff4b79,USIE,,4.593939,4.617647,No,1,E44373,062,USIE,Elective,No,MSPHD,2025,Spring,20251,2024-25,3.0,65.0,,Corequisite,57.0,11.0,0.0,0.0,0.0,46.0,61.9000015258789,0.0,Yes,Building2,R,14:20:00,3.25,32.0,4.282051,4.435897,4.538461,2.923076,1.358974,4.487179,4.461538,2.897435,3.179487,4.25641,4.435897,4.358974,4.435897,3.948717,4.358974,Yes
196405,No,0a270635,USIE,Full Time,4.485714,4.317073,Yes,3,D41847,001,USIE,Elective,No,Masters1,2024,Fall,20243,2024-25,3.0,60.0,,,50.0,27.0,4.0,0.0,0.0,19.0,92.0,0.0,Yes,Building1,T,18:00:00,3.25,3.0,4.217391,4.586956,4.47826,3.23913,1.391304,4.173913,4.217391,3.673913,3.260869,3.956521,4.304347,4.608695,4.347826,4.521739,4.565217,Yes
196405,No,d3bdca79,USIE,Part Time,4.426316,4.317073,Yes,3,D41847,001A,USIE,Elective,No,Masters1,2024,Fall,20243,2024-25,3.0,60.0,,,50.0,27.0,4.0,0.0,0.0,19.0,92.0,0.0,Yes,Building1,T,18:00:00,3.25,3.0,4.217391,4.586956,4.47826,3.23913,1.391304,4.173913,4.217391,3.673913,3.260869,3.956521,4.304347,4.608695,4.347826,4.521739,4.565217,No
196405,No,ea904c4f,,,4.259353,4.317073,Yes,3,D41847,001B,USIE,Elective,No,Masters1,2024,Fall,20243,2024-25,3.0,60.0,,,50.0,27.0,4.0,0.0,0.0,19.0,92.0,0.0,Yes,Building1,T,18:00:00,3.25,3.0,4.217391,4.586956,4.47826,3.23913,1.391304,4.173913,4.217391,3.673913,3.260869,3.956521,4.304347,4.608695,4.347826,4.521739,4.565217,No
196474,No,f499bf33,USIE,Full Time,4.670833,4.54375,No,1,V77177,001,ESEJ,Elective,No,Masters1,2024,Fall,20243,2024-25,3.0,150.0,,,148.0,0.0,0.0,0.0,0.0,148.0,74.3199996948242,4.0,No,Building2,R,17:40:00,2.75,17.0,3.790909,4.590909,4.372727,3.190909,1.854545,4.345454,4.518181,2.854545,3.5,4.090909,4.054545,4.318181,4.036363,3.545454,4.345454,No
199270,No,b3a47ed1,QAHF,Full Time,4.889286,4.682143,No,1,C78116,001,QAHF,Core,No,Masters2,2024,Fall,20243,2024-25,3.0,74.0,,,59.0,0.0,59.0,0.0,0.0,0.0,100.0,0.0,No,Building1,"M, T, W, R, F, S",08:30:00,10.25,20.0,4.508474,4.898305,4.644067,2.576271,1.0,4.559322,4.830508,3.677966,3.135593,4.423728,4.355932,4.59322,4.38983,3.966101,4.576271,Yes
199271,No,6fad4ee1,GYQP,Part Time,5.0,5.0,No,1,V13963,003,SBFH,Elective,No,Masters1,2024,Fall,20243,2024-25,3.0,10.0,Prerequisites,,10.0,10.0,0.0,0.0,0.0,0.0,90.0,0.0,No,Building1,T,14:20:00,3.25,25.0,4.555555,5.0,5.0,3.555555,0.888888,5.0,5.0,4.555555,3.777777,5.0,5.0,4.777777,5.0,4.666666,5.0,No
199272,No,37d16a3b,KFZN,Full Time,4.906667,4.85,No,1,J77644,002,IGFY,Elective,No,Masters1,2024,Fall,20243,2024-25,3.0,18.0,,,19.0,19.0,0.0,0.0,0.0,0.0,89.4700012207031,0.0,No,off-campus,M,14:20:00,3.25,8.0,4.882352,4.941176,4.882352,3.235294,1.0,4.823529,4.588235,3.411764,3.764705,4.529411,4.647058,4.529411,4.705882,4.058823,4.823529,Yes
199273,No,a4dfa72c,CGCH,Part Time,5.0,4.9,Yes,2,V13963,004,SBFH,Elective,No,Masters1,2024,Fall,20243,2024-25,3.0,10.0,Prerequisites,,10.0,10.0,0.0,0.0,0.0,0.0,100.0,0.0,Yes,Building1,"M,F",18:00:00,3.25,25.0,4.7,5.0,4.9,3.8,1.0,4.9,4.95,4.4,3.6,4.9,4.8,5.0,4.9,5.0,5.0,No
199273,No,cff1a4de,CGCH,Part Time,4.9,4.9,Yes,2,V13963,004A,SBFH,Elective,No,Masters1,2024,Fall,20243,2024-25,3.0,10.0,Prerequisites,,10.0,10.0,0.0,0.0,0.0,0.0,100.0,0.0,Yes,Building1,"M,F",18:00:00,3.25,25.0,4.7,5.0,4.9,3.8,1.0,4.9,4.95,4.4,3.6,4.9,4.8,5.0,4.9,5.0,5.0,No
199274,No,b3a47ed1,QAHF,Full Time,4.930909,4.755556,No,1,C78116,002,QAHF,Core,No,Masters2,2024,Fall,20243,2024-25,3.0,74.0,,,57.0,0.0,57.0,0.0,0.0,0.0,100.0,0.0,No,Building1,"M, T, W, R, F, S",08:30:00,10.25,20.0,4.421052,4.842105,4.789473,2.543859,0.982456,4.701754,4.894736,3.771929,3.368421,4.421052,4.561403,4.649122,4.561403,4.245614,4.701754,Yes
199275,No,638b34fa,USIE,Full Time,4.807143,4.618518,No,1,A61877,001,USIE,Core,No,Masters2,2024,Fall,20243,2024-25,3.0,74.0,,,60.0,0.0,60.0,0.0,0.0,0.0,96.6699981689453,0.0,No,Building1,"M, T, F, S",08:30:00,10.25,19.0,4.275862,4.724137,4.672413,2.568965,0.982758,4.568965,4.793103,3.172413,3.189655,4.189655,4.327586,4.448275,4.482758,4.103448,4.620689,Yes
199276,No,68fa8635,ZQOR,Part Time,4.666667,4.53,Yes,2,P28252,001,IGFY,Elective,No,Masters1,2024,Fall,20243,2024-25,1.5,38.0,,,28.0,28.0,0.0,0.0,0.0,0.0,75.0,0.0,Yes,Building1,"M,T,U",08:30:00,9.0,10.0,4.571428,4.47619,4.523809,3.523809,1.0,4.523809,4.666666,2.857142,3.238095,3.809523,4.619047,4.619047,4.571428,4.47619,4.761904,Yes
199276,No,2b7e8a00,YICC,,4.68,4.53,Yes,2,P28252,001A,IGFY,Elective,No,Masters1,2024,Fall,20243,2024-25,1.5,38.0,,,28.0,28.0,0.0,0.0,0.0,0.0,75.0,0.0,Yes,Building1,"M,T,U",08:30:00,9.0,10.0,4.571428,4.47619,4.523809,3.523809,1.0,4.523809,4.666666,2.857142,3.238095,3.809523,4.619047,4.619047,4.571428,4.47619,4.761904,No
199277,No,8eb2993a,CGCH,Part Time,4.888889,4.9,No,1,K94210,001,SBFH,Elective,No,Masters1,2024,Fall,20243,2024-25,3.0,12.0,Prerequisites,,11.0,11.0,0.0,0.0,0.0,0.0,100.0,0.0,No,Building1,T,18:30:00,3.0,10.0,4.9,5.0,5.0,3.8,1.0,4.9,4.4,4.9,3.9,5.0,4.7,4.9,4.6,4.2,4.9,Yes
199278,No,5b4c544d,QAHF,Full Time,4.750877,4.637288,No,1,B80262,001,QAHF,Core,No,Masters1,2024,Fall,20243,2024-25,3.0,74.0,,,69.0,67.0,0.0,0.0,0.0,2.0,86.9599990844727,0.0,No,Building1,"T,R",10:50:00,1.5,49.0,4.333333,4.833333,4.85,2.583333,1.033333,4.633333,4.7,3.383333,3.366666,4.266666,4.183333,4.516666,4.416666,3.883333,4.733333,Yes
199279,No,af9fe9b8,CGCH,Part Time,5.0,5.0,Yes,3,Z17880,001,SBFH,Elective,No,Masters1,2024,Fall,20243,2024-25,3.0,10.0,Prerequisites,,10.0,10.0,0.0,0.0,0.0,0.0,70.0,0.0,Yes,Building1,W,14:20:00,3.25,4.0,4.0,4.428571,4.428571,4.142857,1.0,5.0,4.95238,4.142857,3.571428,4.857142,5.0,5.0,5.0,5.0,5.0,No
199279,No,d3986455,CGCH,Part Time,4.857143,5.0,Yes,3,Z17880,001A,SBFH,Elective,No,Masters1,2024,Fall,20243,2024-25,3.0,10.0,Prerequisites,,10.0,10.0,0.0,0.0,0.0,0.0,70.0,0.0,Yes,Building1,W,14:20:00,3.25,4.0,4.0,4.428571,4.428571,4.142857,1.0,5.0,4.95238,4.142857,3.571428,4.857142,5.0,5.0,5.0,5.0,5.0,No
199279,No,3ab0723a,CGCH,Part Time,5.0,5.0,Yes,3,Z17880,001B,SBFH,Elective,No,Masters1,2024,Fall,20243,2024-25,3.0,10.0,Prerequisites,,10.0,10.0,0.0,0.0,0.0,0.0,70.0,0.0,Yes,Building1,W,14:20:00,3.25,4.0,4.0,4.428571,4.428571,4.142857,1.0,5.0,4.95238,4.142857,3.571428,4.857142,5.0,5.0,5.0,5.0,5.0,No
199280,No,68fa8635,ZQOR,Part Time,4.722222,4.588235,Yes,2,P28252,002,IGFY,Elective,No,Masters1,2024,Fall,20243,2024-25,1.5,38.0,,,25.0,25.0,0.0,0.0,0.0,0.0,72.0,0.0,Yes,Building1,"W,R,F",08:30:00,9.0,10.0,4.722222,4.777777,4.722222,3.555555,1.0,4.333333,4.611111,2.722222,3.5,4.5,4.444444,4.777777,4.777777,4.555555,4.666666,Yes
199280,No,2b7e8a00,YICC,,4.764706,4.588235,Yes,2,P28252,002A,IGFY,Elective,No,Masters1,2024,Fall,20243,2024-25,1.5,38.0,,,25.0,25.0,0.0,0.0,0.0,0.0,72.0,0.0,Yes,Building1,"W,R,F",08:30:00,9.0,10.0,4.722222,4.777777,4.722222,3.555555,1.0,4.333333,4.611111,2.722222,3.5,4.5,4.444444,4.777777,4.777777,4.555555,4.666666,No
199281,No,a158f98d,QAHF,Full Time,4.172973,4.390244,No,1,B80262,002,QAHF,Core,No,Masters1,2024,Fall,20243,2024-25,3.0,74.0,,,70.0,66.0,0.0,0.0,0.0,4.0,58.5699996948242,0.0,No,Building1,"T,R",14:20:00,1.5,49.0,4.02439,4.146341,4.195121,2.365853,1.04878,4.390243,4.09756,3.682926,3.414634,3.804878,3.853658,3.756097,3.902439,3.585365,4.02439,Yes
199282,No,467a182e,QAHF,Full Time,4.888889,4.683333,No,1,B80262,003,QAHF,Core,No,Masters1,2024,Fall,20243,2024-25,3.0,74.0,,,72.0,69.0,0.0,0.0,0.0,3.0,51.3899993896484,0.0,No,Building1,"T,R",10:50:00,1.5,49.0,4.135135,4.648648,4.567567,2.81081,1.054054,4.675675,4.756756,3.324324,3.162162,4.081081,4.702702,4.783783,4.729729,4.324324,4.864864,Yes
199283,No,4b95ef5e,ZQOR,,4.045161,4.1,No,1,E05949,001,IGFY,Elective,No,Masters1,2024,Fall,20243,2024-25,3.0,54.0,,,50.0,48.0,1.0,0.0,1.0,0.0,70.0,0.0,No,Building2,T,14:20:00,3.25,2.0,3.685714,3.971428,4.114285,3.114285,0.914285,3.942857,3.914285,2.8,2.542857,3.771428,4.0,4.057142,4.085714,4.2,4.171428,Yes
199284,No,64a7a069,CGCH,Part Time,4.359091,4.214286,No,1,W78144,001,SBFH,Elective,No,Masters1,2024,Fall,20243,2024-25,3.0,74.0,,Corequisite,60.0,54.0,4.0,2.0,0.0,0.0,77.0500030517578,0.0,No,Building2,T,18:00:00,3.25,1.0,4.063829,4.510638,4.489361,3.255319,0.93617,4.085106,4.255319,2.914893,3.191489,3.93617,4.042553,4.212765,4.042553,3.914893,4.212765,Yes
199285,No,467a182e,QAHF,Full Time,4.787755,4.647059,No,1,B80262,004,QAHF,Core,No,Masters1,2024,Fall,20243,2024-25,3.0,74.0,,,70.0,68.0,0.0,0.0,0.0,2.0,72.8600006103516,0.0,No,Building1,"T,R",09:00:00,1.5,49.0,4.078431,4.588235,4.784313,2.156862,1.039215,4.647058,4.686274,3.509803,3.372549,4.333333,4.705882,4.764705,4.568627,4.274509,4.843137,Yes
199286,No,e1e06ccf,ZQOR,Part Time,4.293103,4.189655,No,1,J32944,001,IGFY,Elective,No,Masters1,2024,Fall,20243,2024-25,3.0,74.0,,,74.0,61.0,2.0,0.0,0.0,11.0,79.7300033569336,36.0,No,Building1,W,14:20:00,3.25,7.0,3.847457,4.254237,4.322033,3.406779,1.118644,4.118644,4.220338,2.949152,2.98305,3.98305,4.18644,4.423728,4.372881,4.067796,4.372881,Yes
199287,No,443b55ec,CGCH,Full Time,4.52,4.0,No,1,V79677,001,SBFH,Elective,No,Masters1,2024,Fall,20243,2024-25,3.0,13.0,Prerequisites,,11.0,9.0,0.0,1.0,0.0,1.0,54.5499992370605,8.0,No,Building1,R,16:20:00,1.833333,13.0,4.0,4.5,4.5,2.5,1.0,4.0,4.5,3.833333,3.0,3.833333,4.333333,4.333333,3.666666,4.5,4.5,No
199288,No,993fe747,QAHF,Full Time,4.946429,4.774546,No,1,B80262,005,QAHF,Core,No,Masters1,2024,Fall,20243,2024-25,3.0,74.0,,,70.0,68.0,0.0,0.0,0.0,2.0,80.0,0.0,No,Building1,"T,R",16:10:00,1.5,49.0,4.589285,4.946428,4.892857,2.785714,1.035714,4.767857,4.946428,3.589285,3.160714,4.428571,4.642857,4.821428,4.535714,4.214285,4.857142,Yes
199289,No,638b34fa,USIE,Full Time,4.666667,4.512,No,1,A61877,002,USIE,Core,No,Masters2,2024,Fall,20243,2024-25,3.0,74.0,,,57.0,0.0,57.0,0.0,0.0,0.0,98.25,0.0,No,Building1,"M, T, F, S",08:30:00,10.25,19.0,4.196428,4.875,4.732142,2.696428,1.0,4.464285,4.607142,3.142857,3.107142,3.982142,4.446428,4.589285,4.446428,4.125,4.571428,Yes
199290,No,8edbeac8,XLGG,Full Time,4.325424,4.310714,No,1,A43330,001,SBFH,Elective,No,Masters1,2024,Fall,20243,2024-25,3.0,74.0,,Corequisite,74.0,73.0,0.0,1.0,0.0,0.0,83.7799987792969,27.0,No,Building1,T,14:20:00,3.25,4.0,4.080645,4.403225,4.354838,3.48387,0.967741,4.096774,4.225806,3.177419,2.967741,4.064516,4.032258,4.080645,3.967741,3.693548,4.16129,Yes
199291,No,467a182e,QAHF,Full Time,4.835556,4.648889,No,1,B80262,006,QAHF,Core,No,Masters1,2024,Fall,20243,2024-25,3.0,74.0,,,72.0,70.0,0.0,0.0,0.0,2.0,65.2799987792969,0.0,No,Building1,"T,R",14:20:00,1.5,49.0,4.127659,4.531914,4.425531,2.468085,1.0,4.638297,4.723404,3.531914,3.170212,4.319148,4.595744,4.553191,4.361702,4.0,4.74468,Yes
199292,No,11d2574d,USIE,Full Time,3.84,3.9,No,1,I97516,300,USIE,Core,No,Masters2,2024,Fall,20243,2024-25,1.5,74.0,,,44.0,0.0,44.0,0.0,0.0,0.0,68.1800003051758,0.0,No,Building2,"M, R, S",13:10:00,6.333333,20.0,3.966666,4.633333,4.566666,2.9,1.1,3.766666,3.633333,3.333333,3.4,3.633333,3.5,3.5,3.266666,3.266666,3.8,Yes
199293,No,db9fa0d4,CGCH,Full Time,4.813158,4.658667,Yes,2,R96472,001,SBFH,Elective,No,Masters1,2024,Fall,20243,2024-25,1.5,120.0,,Corequisite,111.0,108.0,2.0,0.0,0.0,1.0,72.0699996948242,17.0,Yes,Building2,"M,T,W",09:00:00,8.0,27.0,4.1,4.5625,4.3125,2.5,0.9875,4.575,4.5,2.775,3.275,4.375,4.55,4.65,4.5875,3.8375,4.6875,Yes
199293,Yes,c6cd4108,CGCH,Part Time,4.411232,4.658667,Yes,2,R96472,001A,SBFH,Elective,No,Masters1,2024,Fall,20243,2024-25,1.5,120.0,,Corequisite,111.0,108.0,2.0,0.0,0.0,1.0,72.0699996948242,17.0,Yes,Building2,"M,T,W",09:00:00,8.0,27.0,4.1,4.5625,4.3125,2.5,0.9875,4.575,4.5,2.775,3.275,4.375,4.55,4.65,4.5875,3.8375,4.6875,No
199294,No,f06d5cf6,ZQOR,Full Time,5.0,5.0,No,1,D68091,001,IGFY,Elective,No,MSPHD,2024,Fall,20243,2024-25,3.0,20.0,,,8.0,0.0,0.0,0.0,7.0,1.0,100.0,0.0,No,Building1,R,14:20:00,3.25,2.0,4.125,5.0,4.875,3.125,1.125,4.375,5.0,3.5,3.25,4.625,4.875,5.0,4.875,5.0,5.0,No
199295,No,a158f98d,QAHF,Full Time,3.973913,4.453061,No,1,B80262,007,QAHF,Core,No,Masters1,2024,Fall,20243,2024-25,3.0,74.0,,,68.0,66.0,0.0,0.0,0.0,2.0,75.0,0.0,No,Building1,"T,R",09:00:00,1.5,49.0,4.098039,4.058823,4.313725,2.568627,1.019607,4.45098,3.784313,3.62745,3.509803,4.019607,3.960784,3.705882,3.843137,3.72549,4.294117,Yes
199296,No,a2579e1d,USIE,Part Time,4.555555,4.292308,No,1,E78524,001,USIE,Core,No,Masters1,2024,Fall,20243,2024-25,1.5,74.0,,,62.0,62.0,0.0,0.0,0.0,0.0,93.6500015258789,0.0,No,Building1,"T,R",16:10:00,1.5,48.0,4.067796,4.627118,4.644067,2.898305,0.98305,4.118644,4.508474,3.508474,3.288135,3.864406,4.118644,4.220338,4.033898,3.491525,3.966101,Yes
199297,No,7a4f7ca4,CGCH,Part Time,4.416,4.342857,No,1,R96472,002,SBFH,Elective,No,Masters1,2024,Fall,20243,2024-25,1.5,60.0,,Corequisite,57.0,49.0,7.0,1.0,0.0,0.0,52.6300010681152,34.0,No,Building1,W,18:00:00,3.25,27.0,4.133333,4.733333,4.233333,2.966666,1.0,4.166666,4.2,3.333333,3.333333,4.2,4.4,4.366666,4.433333,3.733333,4.6,Yes
199298,No,254659ca,VUFA,Full Time,5.0,5.0,No,1,O09261,001,IGFY,Elective,No,MSPHD,2024,Fall,20243,2024-25,1.5,12.0,,,6.0,0.0,0.0,1.0,5.0,0.0,83.3300018310547,0.0,No,Building2,"M,F",12:45:00,3.25,4.0,3.4,5.0,5.0,3.8,1.0,5.0,5.0,4.0,3.2,4.6,5.0,5.0,5.0,5.0,5.0,No
199299,No,993fe747,QAHF,Full Time,4.918182,4.759375,No,1,B80262,008,QAHF,Core,No,Masters1,2024,Fall,20243,2024-25,3.0,74.0,,,72.0,70.0,0.0,0.0,0.0,2.0,93.0599975585938,0.0,No,Building1,"T,R",14:20:00,1.5,49.0,4.477611,4.895522,4.656716,2.970149,1.014925,4.582089,4.880597,3.447761,3.253731,4.373134,4.746268,4.761194,4.731343,4.328358,4.925373,Yes
199300,No,a2579e1d,USIE,Part Time,4.7,4.478571,No,1,E78524,002,USIE,Core,No,Masters1,2024,Fall,20243,2024-25,1.5,74.0,,,63.0,61.0,0.0,0.0,0.0,2.0,95.2399978637695,0.0,No,Building1,"T,R",09:00:00,1.5,48.0,4.183333,4.7,4.566666,3.15,1.033333,4.366666,4.7,3.583333,3.6,4.183333,4.233333,4.366666,4.116666,3.8,4.35,Yes
199302,No,0e8bba51,ZQOR,Full Time,5.0,5.0,Yes,2,U38803,001,IGFY,Elective,No,MSPHD,2024,Fall,20243,2024-25,3.0,20.0,,,8.0,0.0,0.0,0.0,7.0,1.0,75.0,0.0,Yes,Building2,T,16:00:00,3.0,2.0,4.333333,4.833333,4.666666,3.333333,1.0,5.0,5.0,3.5,3.5,4.5,4.833333,4.833333,4.833333,4.833333,4.833333,No
199302,No,c0bbc6ad,ZQOR,Full Time,5.0,5.0,Yes,2,U38803,001A,IGFY,Elective,No,MSPHD,2024,Fall,20243,2024-25,3.0,20.0,,,8.0,0.0,0.0,0.0,7.0,1.0,75.0,0.0,Yes,Building2,T,16:00:00,3.0,2.0,4.333333,4.833333,4.666666,3.333333,1.0,5.0,5.0,3.5,3.5,4.5,4.833333,4.833333,4.833333,4.833333,4.833333,No
199303,No,a158f98d,QAHF,Full Time,4.538462,4.576923,No,1,B80262,009,QAHF,Core,No,Masters1,2024,Fall,20243,2024-25,3.0,74.0,,,70.0,67.0,0.0,0.0,0.0,3.0,81.4300003051758,0.0,No,Building1,"T,R",10:50:00,1.5,49.0,4.192982,4.543859,4.491228,2.596491,1.0,4.508771,4.45614,3.614035,3.280701,3.982456,4.368421,4.157894,4.333333,4.105263,4.543859,Yes
199304,No,a2579e1d,USIE,Part Time,4.542857,4.45,No,1,E78524,003,USIE,Core,No,Masters1,2024,Fall,20243,2024-25,1.5,74.0,,,66.0,64.0,0.0,0.0,0.0,2.0,83.3300018310547,0.0,No,Building1,"T,R",14:20:00,1.5,48.0,4.218181,4.563636,4.581818,2.963636,0.981818,4.345454,4.472727,3.436363,3.6,4.018181,4.345454,4.327272,4.363636,3.781818,4.454545,Yes
199305,No,5b4c544d,QAHF,Full Time,4.575,4.523077,No,1,B80262,010,QAHF,Core,No,Masters1,2024,Fall,20243,2024-25,3.0,74.0,,,71.0,70.0,0.0,0.0,0.0,1.0,76.0599975585938,0.0,No,Building1,"T,R",09:00:00,1.5,49.0,4.074074,4.74074,4.796296,2.407407,1.018518,4.481481,4.5,3.555555,3.462962,4.259259,3.888888,4.092592,4.388888,3.611111,4.722222,Yes
199306,No,8c4fa1f6,GYQP,Full Time,4.575758,4.305882,No,1,Q90559,001,SBFH,Elective,No,Masters1,2024,Fall,20243,2024-25,3.0,40.0,Prerequisites,,40.0,40.0,0.0,0.0,0.0,0.0,95.0,0.0,No,Building1,"M,T,W,R,F",09:00:00,8.0,3.0,4.18421,4.815789,4.868421,3.631578,1.026315,4.210526,4.552631,3.157894,3.473684,4.131578,4.394736,4.421052,4.315789,4.236842,4.552631,No
199307,No,449f7285,USIE,Full Time,4.417544,4.318033,No,1,E78524,004,USIE,Core,No,Masters1,2024,Fall,20243,2024-25,1.5,74.0,,,65.0,64.0,0.0,0.0,0.0,1.0,100.0,0.0,No,Building1,"M,W,F",14:20:00,1.5,48.0,4.2,4.661538,4.646153,2.938461,1.015384,4.230769,4.384615,3.415384,3.123076,3.953846,4.292307,4.16923,4.2,3.815384,4.384615,Yes
199308,No,daa2f322,ZQOR,Full Time,5.0,5.0,No,1,C39133,001,IGFY,Elective,No,MSPHD,2024,Fall,20243,2024-25,3.0,20.0,,,4.0,0.0,0.0,0.0,4.0,0.0,100.0,0.0,No,off-campus,R,09:00:00,3.25,4.0,3.25,5.0,5.0,3.75,1.0,5.0,5.0,2.25,3.0,3.75,5.0,5.0,5.0,5.0,5.0,No
199309,No,8370fb1e,CGCH,Part Time,4.557143,4.469231,No,1,Z17902,001,SBFH,Elective,No,Masters1,2024,Fall,20243,2024-25,1.5,74.0,Prerequisites,,37.0,31.0,6.0,0.0,0.0,0.0,78.379997253418,0.0,No,Building1,T,18:00:00,3.25,6.0,4.206896,4.310344,4.275862,2.827586,0.931034,4.310344,4.551724,3.689655,3.517241,4.448275,4.310344,4.37931,4.344827,4.344827,4.655172,Yes
199310,No,24cc2a51,QAHF,Part Time,4.128302,4.173585,No,1,C26850,001,QAHF,Elective,No,Masters1,2024,Fall,20243,2024-25,3.0,74.0,Prerequisites,,70.0,55.0,2.0,5.0,0.0,8.0,82.8600006103516,10.0,No,Building2,W,18:00:00,3.25,18.0,3.862068,4.017241,4.206896,3.241379,1.017241,3.913793,3.931034,3.327586,3.0,3.793103,3.87931,3.982758,3.87931,3.965517,4.155172,Yes
199311,No,101ac616,USIE,Part Time,4.041861,4.245454,No,1,E78524,005,USIE,Core,No,Masters1,2024,Fall,20243,2024-25,1.5,74.0,,,64.0,64.0,0.0,0.0,0.0,0.0,73.4400024414063,0.0,No,Building1,"M,W,F",14:20:00,1.5,48.0,4.319148,4.021276,4.361702,3.021276,1.0,4.170212,3.851063,3.595744,3.510638,3.702127,3.74468,4.063829,3.87234,3.702127,3.957446,Yes
199312,No,26f46dca,VUFA,Full Time,4.084848,4.230303,Yes,2,R22062,001A,WIRK,Core,No,Masters2,2024,Fall,20243,2024-25,3.0,74.0,,,46.0,0.0,46.0,0.0,0.0,0.0,75.5599975585938,0.0,Yes,Building1,"U, F, S",08:30:00,10.25,20.0,4.147058,4.588235,4.617647,3.323529,1.0,4.205882,4.147058,3.058823,3.235294,4.058823,4.705882,4.705882,4.647058,4.5,4.764705,No
199312,No,ba223305,YICC,Full Time,4.526667,4.230303,Yes,2,R22062,001,WIRK,Core,No,Masters2,2024,Fall,20243,2024-25,3.0,74.0,,,46.0,0.0,46.0,0.0,0.0,0.0,75.5599975585938,0.0,Yes,Building1,"U, F, S",08:30:00,10.25,20.0,4.147058,4.588235,4.617647,3.323529,1.0,4.205882,4.147058,3.058823,3.235294,4.058823,4.705882,4.705882,4.647058,4.5,4.764705,Yes
199313,No,2818e5bd,CGCH,Full Time,4.480322,4.629091,Yes,2,L95870,001,SBFH,Elective,No,Masters1,2024,Fall,20243,2024-25,3.0,74.0,,Corequisite,63.0,59.0,0.0,0.0,0.0,4.0,87.5,0.0,Yes,Building1,R,09:00:00,3.25,7.0,4.285714,4.660714,4.696428,2.928571,1.053571,4.625,4.607142,3.446428,3.285714,4.232142,4.660714,4.785714,4.714285,4.553571,4.732142,Yes
199313,No,f1dc4f75,CGCH,,4.8,4.629091,Yes,2,L95870,001A,SBFH,Elective,No,Masters1,2024,Fall,20243,2024-25,3.0,74.0,,Corequisite,63.0,59.0,0.0,0.0,0.0,4.0,87.5,0.0,Yes,Building1,R,09:00:00,3.25,7.0,4.285714,4.660714,4.696428,2.928571,1.053571,4.625,4.607142,3.446428,3.285714,4.232142,4.660714,4.785714,4.714285,4.553571,4.732142,No
199314,No,daa21d45,QAHF,Full Time,4.328571,4.376191,No,1,Y62074,001,QAHF,Elective,No,MSPHD,2024,Fall,20243,2024-25,3.0,74.0,,,69.0,54.0,10.0,3.0,0.0,2.0,66.1800003051758,4.0,No,Building1,"M,F",18:00:00,3.25,4.0,4.155555,4.288888,4.444444,3.022222,0.955555,4.288888,4.266666,4.111111,3.755555,4.2,4.133333,4.266666,4.111111,3.711111,4.333333,Yes
199315,No,101ac616,USIE,Part Time,3.643888,4.036,No,1,E78524,006,USIE,Core,No,Masters1,2024,Fall,20243,2024-25,1.5,74.0,,,65.0,65.0,0.0,0.0,0.0,0.0,83.0800018310547,0.0,No,Building1,"M,W,F",10:50:00,1.5,48.0,4.111111,4.314814,4.425925,3.129629,1.0,3.925925,3.481481,3.462962,3.574074,3.962962,3.648148,3.796296,3.759259,3.277777,3.87037,Yes
199316,No,daa21d45,QAHF,Full Time,4.1125,4.31282,No,1,Y62074,060,QAHF,Elective,No,MSPHD,2024,Fall,20243,2024-25,3.0,60.0,,,60.0,5.0,0.0,55.0,0.0,0.0,68.3300018310547,15.0,No,Building2,W,09:00:00,3.25,4.0,4.365853,4.439024,4.609756,4.0,0.975609,4.243902,3.634146,3.634146,3.317073,4.0,4.02439,3.975609,4.02439,3.731707,4.146341,Yes
199317,No,26f46dca,VUFA,Full Time,4.263008,4.342105,Yes,2,R22062,002A,WIRK,Core,No,Masters2,2024,Fall,20243,2024-25,3.0,74.0,,,50.0,0.0,50.0,0.0,0.0,0.0,76.0,0.0,Yes,Building1,"U, F, S",08:30:00,10.25,20.0,4.315789,4.473684,4.026315,2.68421,0.973684,4.342105,4.513157,3.105263,3.105263,4.131578,4.605263,4.736842,4.526315,4.052631,4.68421,No
199317,No,ba223305,YICC,Full Time,4.868421,4.342105,Yes,2,R22062,002,WIRK,Core,No,Masters2,2024,Fall,20243,2024-25,3.0,74.0,,,50.0,0.0,50.0,0.0,0.0,0.0,76.0,0.0,Yes,Building1,"U, F, S",08:30:00,10.25,20.0,4.315789,4.473684,4.026315,2.68421,0.973684,4.342105,4.513157,3.105263,3.105263,4.131578,4.605263,4.736842,4.526315,4.052631,4.68421,Yes
199318,No,a2579e1d,USIE,Part Time,4.887097,4.62,No,1,E78524,007,USIE,Core,No,Masters1,2024,Fall,20243,2024-25,1.5,74.0,,,64.0,62.0,0.0,0.0,0.0,2.0,96.879997253418,0.0,No,Building1,"T,R",10:50:00,1.5,48.0,4.274193,4.887096,4.725806,2.774193,0.967741,4.612903,4.887096,3.338709,3.225806,4.290322,4.725806,4.629032,4.66129,4.370967,4.516129,Yes
199319,No,2f803d7c,CGCH,,4.579167,4.3375,No,1,T91213,001,SBFH,Elective,No,Masters1,2024,Fall,20243,2024-25,3.0,74.0,,Corequisite,72.0,72.0,0.0,0.0,0.0,0.0,71.2300033569336,15.0,No,Building1,"M,W,F",10:50:00,1.5,7.0,4.230769,4.576923,4.557692,3.307692,0.961538,4.096153,4.442307,3.403846,3.346153,4.057692,4.25,4.384615,4.25,4.115384,4.442307,Yes
199320,No,aa19cb12,QAHF,Part Time,4.533333,4.35,No,1,O02178,001,QAHF,Elective,No,Masters1,2024,Fall,20243,2024-25,1.5,74.0,,,69.0,65.0,0.0,4.0,0.0,0.0,58.8199996948242,1.0,No,Building1,"M,F",14:20:00,3.25,4.0,4.075,4.625,4.525,3.275,0.925,4.0,4.3,2.825,3.2,3.875,4.25,4.225,4.05,3.725,4.5,Yes
199321,No,449f7285,USIE,Full Time,4.434616,4.318644,No,1,E78524,008,USIE,Core,No,Masters1,2024,Fall,20243,2024-25,1.5,74.0,,,65.0,65.0,0.0,0.0,0.0,0.0,96.9199981689453,0.0,No,Building1,"M,W,F",10:50:00,1.5,48.0,4.063492,4.698412,4.507936,2.95238,0.984126,4.206349,4.396825,3.428571,3.111111,3.825396,4.380952,4.285714,4.253968,3.619047,4.523809,Yes
199323,No,7357616a,VUFA,Full Time,4.73,4.589474,No,1,Z05606,001,WIRK,Elective,No,Masters2,2024,Fall,20243,2024-25,3.0,50.0,,,29.0,0.0,27.0,0.0,0.0,2.0,72.4100036621094,0.0,No,Building1,"F, S",08:30:00,10.25,10.0,4.47619,4.857142,4.619047,2.761904,1.047619,4.571428,4.714285,3.190476,3.285714,4.428571,4.714285,4.714285,4.333333,4.333333,4.761904,Yes
199324,No,c2ffc26f,QAHF,Full Time,4.357143,4.234146,No,1,A65413,001,QAHF,Elective,No,Masters1,2024,Fall,20243,2024-25,1.5,54.0,,,50.0,49.0,1.0,0.0,0.0,0.0,84.0,5.0,No,Building1,T,09:00:00,3.25,3.0,4.071428,4.45238,4.47619,2.785714,1.0,4.214285,4.357142,2.928571,3.071428,3.928571,4.238095,4.309523,4.214285,3.428571,4.333333,Yes
199325,No,449f7285,USIE,Full Time,4.418182,4.4,No,1,E78524,009,USIE,Core,No,Masters1,2024,Fall,20243,2024-25,1.5,74.0,,,63.0,62.0,0.0,0.0,0.0,1.0,95.2399978637695,0.0,No,Building1,"M,W,F",09:00:00,1.5,48.0,4.0,4.5,4.4,2.833333,1.0,4.35,4.366666,3.316666,2.85,4.083333,4.183333,4.3,4.083333,3.55,4.283333,Yes
199326,No,a2210794,ZQOR,Part Time,4.755,4.444445,No,1,J36463,001,SBFH,Elective,No,Masters1,2024,Fall,20243,2024-25,1.5,74.0,Prerequisites,,45.0,42.0,1.0,0.0,0.0,2.0,93.3300018310547,0.0,No,Building2,"W,R,F",09:00:00,9.0,3.0,4.333333,4.690476,4.666666,3.142857,1.0,4.309523,4.738095,3.738095,3.428571,4.380952,4.5,4.738095,4.5,3.857142,4.714285,Yes
199327,No,5df4a6f8,VUFA,Full Time,4.48421,4.273684,No,1,O74792,001,WIRK,Elective,No,Masters2,2024,Fall,20243,2024-25,1.5,74.0,,,25.0,4.0,13.0,5.0,0.0,3.0,84.0,0.0,No,Building1,S,08:30:00,10.25,2.0,4.285714,4.619047,4.571428,3.47619,1.0,4.142857,4.333333,3.047619,3.047619,4.142857,4.238095,4.333333,4.333333,4.238095,4.380952,Yes
199328,No,440cea27,QAHF,Full Time,4.786956,4.671111,No,1,J76973,001,QAHF,Elective,No,MSPHD,2024,Fall,20243,2024-25,3.0,60.0,,,56.0,0.0,0.0,55.0,1.0,0.0,87.5,0.0,No,Building2,"M,F",14:20:00,3.25,4.0,4.122448,4.489795,4.489795,3.653061,0.959183,4.428571,4.612244,2.55102,3.040816,4.387755,4.469387,4.55102,4.306122,4.061224,4.55102,Yes
199329,No,449f7285,USIE,Full Time,4.461818,4.308772,No,1,E78524,010,USIE,Core,No,Masters1,2024,Fall,20243,2024-25,1.5,74.0,,,66.0,65.0,0.0,0.0,0.0,1.0,89.3899993896484,0.0,No,Building1,"M,W,F",16:10:00,1.5,48.0,4.220338,4.830508,4.576271,3.0,1.0,4.203389,4.440677,3.59322,3.135593,3.932203,4.220338,4.457627,4.135593,3.644067,4.610169,Yes
199330,No,e5a6e743,CGCH,Part Time,5.0,4.875,No,1,W49294,001,SBFH,Elective,No,Masters1,2024,Fall,20243,2024-25,3.0,40.0,Prerequisites,,40.0,40.0,0.0,0.0,0.0,0.0,80.0,0.0,No,Building1,"M,F",14:20:00,3.25,3.0,4.40625,4.96875,4.96875,3.25,0.96875,4.875,5.0,3.34375,3.5625,4.59375,4.96875,4.96875,5.0,5.0,5.0,No
199331,No,3c5eb40f,VUFA,,4.619355,4.296774,Yes,2,K88082,001,WIRK,Elective,No,Masters2,2024,Fall,20243,2024-25,3.0,74.0,,,42.0,8.0,11.0,14.0,0.0,9.0,78.5699996948242,0.0,Yes,Building1,"F, S",08:30:00,10.25,3.0,3.969696,4.545454,4.30303,3.090909,1.212121,4.212121,3.893939,3.272727,3.151515,4.151515,4.545454,4.575757,4.454545,4.30303,4.545454,Yes
199331,No,5bc91029,VUFA,Part Time,3.818381,4.296774,Yes,2,K88082,001A,WIRK,Elective,No,Masters2,2024,Fall,20243,2024-25,3.0,74.0,,,42.0,8.0,11.0,14.0,0.0,9.0,78.5699996948242,0.0,Yes,Building1,"F, S",08:30:00,10.25,3.0,3.969696,4.545454,4.30303,3.090909,1.212121,4.212121,3.893939,3.272727,3.151515,4.151515,4.545454,4.575757,4.454545,4.30303,4.545454,No
199332,No,f499bf33,USIE,Full Time,5.0,4.68,No,1,Z82144,001,USIE,Core,No,Masters1,2024,Fall,20243,2024-25,3.0,50.0,,,26.0,26.0,0.0,0.0,0.0,0.0,80.7699966430664,0.0,No,Building2,R,14:20:00,3.25,1.0,4.095238,4.714285,4.761904,2.95238,1.047619,4.619047,5.0,2.857142,3.761904,4.428571,4.047619,4.714285,4.571428,3.619047,4.666666,Yes
199333,No,4412adb0,CGCH,Part Time,4.052941,4.187755,Yes,2,T37029,001,SBFH,Elective,No,Masters1,2024,Fall,20243,2024-25,1.5,74.0,,Corequisite,69.0,69.0,0.0,0.0,0.0,0.0,77.6100006103516,0.0,Yes,Building2,R,14:20:00,3.25,8.0,3.961538,4.634615,4.576923,2.730769,1.0,4.076923,4.25,2.961538,3.01923,3.865384,4.365384,4.480769,4.288461,3.596153,4.442307,Yes
199333,No,ea8dde21,CGCH,Part Time,4.513043,4.187755,Yes,2,T37029,001A,SBFH,Elective,No,Masters1,2024,Fall,20243,2024-25,1.5,74.0,,Corequisite,69.0,69.0,0.0,0.0,0.0,0.0,77.6100006103516,0.0,Yes,Building2,R,14:20:00,3.25,8.0,3.961538,4.634615,4.576923,2.730769,1.0,4.076923,4.25,2.961538,3.01923,3.865384,4.365384,4.480769,4.288461,3.596153,4.442307,No
199334,No,f499bf33,USIE,Full Time,4.944186,4.757143,No,1,O65055,001,USIE,Elective,Yes,Masters2,2024,Fall,20243,2024-25,1.5,74.0,,,53.0,8.0,36.0,4.0,0.0,5.0,84.9100036621094,0.0,No,Building1,"F, S",08:30:00,10.25,,4.022222,4.777777,4.844444,2.911111,1.044444,4.622222,4.777777,2.8,3.511111,4.244444,4.688888,4.777777,4.755555,4.288888,4.733333,Yes
199336,No,3949797c,VUFA,Full Time,4.64375,4.406897,No,1,R54737,100,WIRK,Elective,No,Masters2,2024,Fall,20243,2024-25,3.0,68.0,,,46.0,13.0,29.0,0.0,0.0,4.0,61.1100006103516,0.0,No,Building2,"M,T,W,R,F",09:00:00,8.0,6.0,4.060606,4.787878,4.848484,3.363636,1.030303,4.272727,4.636363,3.30303,3.090909,4.181818,4.424242,4.727272,4.666666,4.272727,4.636363,Yes
199337,No,35ff4b79,USIE,,4.833333,4.682353,No,1,R76960,001,USIE,Elective,No,Masters2,2024,Fall,20243,2024-25,3.0,65.0,,Corequisite,29.0,2.0,27.0,0.0,0.0,0.0,62.0699996948242,0.0,No,Building1,"F, S",08:30:00,10.25,7.0,4.555555,4.777777,4.777777,3.111111,1.0,4.666666,4.833333,3.277777,3.388888,4.5,4.611111,4.833333,4.444444,4.0,4.666666,Yes
199338,No,0502df87,OGPX,Full Time,4.710526,4.589744,No,1,L86872,001,SBFH,Elective,No,MSPHD,2024,Fall,20243,2024-25,3.0,60.0,,,61.0,0.0,0.0,55.0,6.0,0.0,72.129997253418,1.0,No,Building2,"T,R",09:00:00,1.5,4.0,4.318181,4.75,4.613636,3.295454,1.0,4.545454,4.522727,3.727272,3.727272,4.113636,4.340909,4.431818,4.227272,3.886363,4.386363,Yes
199339,No,f499bf33,USIE,Full Time,4.941176,4.838461,No,1,V62498,001,USIE,Elective,No,Masters2,2024,Fall,20243,2024-25,1.5,74.0,,,67.0,8.0,43.0,5.0,0.0,11.0,80.5999984741211,0.0,No,Building1,"F, S",08:30:00,10.25,12.0,4.277777,4.87037,4.703703,3.166666,1.166666,4.74074,4.666666,2.981481,3.629629,4.425925,4.629629,4.777777,4.629629,4.222222,4.759259,Yes
199340,No,0502df87,OGPX,Full Time,4.657143,4.657143,No,1,F45991,001,SBFH,Elective,No,MSPHD,2024,Fall,20243,2024-25,1.5,50.0,,,12.0,0.0,0.0,1.0,8.0,3.0,66.6699981689453,0.0,No,Building2,"T,R",10:50:00,1.5,2.0,3.875,4.625,4.125,3.25,1.125,4.625,4.625,3.125,3.5,4.75,4.125,4.375,4.5,4.25,4.625,Yes
199341,No,8a06b1c0,VUFA,Full Time,4.714286,4.714286,No,1,J61848,001,WIRK,Elective,Yes,Masters2,2024,Fall,20243,2024-25,1.5,74.0,,,8.0,0.0,8.0,0.0,0.0,0.0,87.5,0.0,No,Building1,S,08:30:00,10.25,,4.428571,4.428571,4.428571,2.857142,1.0,4.714285,4.714285,3.142857,3.0,4.428571,4.142857,4.285714,4.142857,4.285714,4.285714,Yes
199342,No,f499bf33,USIE,Full Time,4.875,4.534513,No,1,I78372,001,USIE,Elective,No,Masters1,2024,Fall,20243,2024-25,1.5,150.0,Prerequisites,,149.0,148.0,0.0,1.0,0.0,0.0,81.0800018310547,55.0,No,Building2,W,14:20:00,3.25,10.0,4.116666,4.741666,4.558333,2.875,0.991666,4.408333,4.875,2.958333,3.275,4.183333,4.5,4.658333,4.558333,3.7,4.583333,Yes
199343,No,f7321d1c,CGCH,Full Time,4.738461,4.846154,No,1,F41340,001,SBFH,Elective,No,MSPHD,2024,Fall,20243,2024-25,3.0,25.0,,,16.0,0.0,0.0,9.0,5.0,2.0,87.5,0.0,No,Building2,F,14:20:00,3.25,4.0,4.714285,4.857142,4.785714,3.785714,1.071428,4.5,4.642857,4.5,4.142857,4.214285,4.285714,4.642857,4.357142,4.5,4.642857,Yes
199344,No,ce03109b,VUFA,Part Time,4.544681,4.2125,No,1,G83767,001,WIRK,Elective,No,Masters1,2024,Fall,20243,2024-25,1.5,74.0,,,73.0,73.0,0.0,0.0,0.0,0.0,68.4899978637695,69.0,No,Building2,W,09:00:00,3.25,2.0,3.98,4.32,4.3,2.76,0.96,4.18,4.36,3.0,3.18,4.0,4.3,4.46,4.14,3.62,4.4,Yes
199345,No,35ff4b79,USIE,,4.552,4.334615,No,1,K89238,001,USIE,Elective,No,Masters1,2024,Fall,20243,2024-25,3.0,67.0,,Corequisite,67.0,67.0,0.0,0.0,0.0,0.0,83.5800018310547,24.0,No,Building2,W,09:00:00,3.25,16.0,4.178571,4.535714,4.589285,3.142857,0.982142,4.267857,4.464285,3.160714,2.857142,3.982142,4.0,4.071428,3.875,3.767857,4.0,Yes
199346,No,fc5c087a,CGCH,Part Time,4.675,4.326667,No,1,U46484,001,SBFH,Elective,No,MSPHD,2024,Fall,20243,2024-25,3.0,74.0,,,49.0,0.0,0.0,49.0,0.0,0.0,69.3899993896484,0.0,No,Building2,F,09:00:00,3.25,4.0,4.588235,4.823529,4.794117,3.67647,0.911764,4.088235,4.529411,3.382352,3.294117,3.705882,4.529411,4.470588,4.323529,4.088235,4.470588,Yes
199347,No,35ff4b79,USIE,,4.654167,4.212,No,1,K89238,002,USIE,Elective,No,Masters1,2024,Fall,20243,2024-25,3.0,67.0,,Corequisite,66.0,66.0,0.0,0.0,0.0,0.0,80.0,4.0,No,Building2,W,14:20:00,3.25,16.0,4.038461,4.615384,4.288461,2.865384,0.980769,4.115384,4.596153,3.153846,2.980769,4.134615,4.307692,4.480769,4.211538,4.076923,4.442307,Yes
199348,No,7357616a,VUFA,Full Time,4.838461,4.761539,No,1,T37978,001,WIRK,Elective,No,Masters1,2024,Fall,20243,2024-25,3.0,74.0,,,62.0,41.0,2.0,1.0,0.0,18.0,85.4800033569336,0.0,No,Building1,"M,T,W,R,F",09:00:00,8.0,18.0,4.339622,4.773584,4.584905,3.35849,1.169811,4.754716,4.830188,3.339622,3.320754,4.660377,4.81132,4.90566,4.735849,4.547169,4.698113,Yes
199349,No,8a9995d9,USIE,Full Time,3.717647,3.762162,No,1,C57202,001,SBFH,Elective,No,MSPHD,2024,Fall,20243,2024-25,3.0,74.0,,,60.0,0.0,0.0,47.0,11.0,2.0,65.0,0.0,No,Building1,W,18:00:00,3.0,4.0,3.717948,4.025641,3.820512,3.666666,1.051282,3.692307,3.538461,3.205128,3.384615,3.487179,3.461538,3.743589,3.461538,3.102564,3.743589,Yes
199350,No,e42cecc9,VUFA,Full Time,4.186364,4.047619,No,1,T37978,002,WIRK,Elective,No,Masters1,2024,Fall,20243,2024-25,3.0,74.0,,,65.0,51.0,0.0,0.0,0.0,14.0,72.3099975585938,0.0,No,Building2,"M,F",09:00:00,3.25,18.0,4.042553,4.468085,4.382978,3.085106,1.234042,3.914893,4.042553,3.404255,2.829787,4.042553,4.127659,4.361702,4.255319,3.829787,4.148936,Yes
199351,No,35ff4b79,USIE,,4.64,4.642553,No,1,K89238,061,USIE,Elective,No,Masters1,2024,Fall,20243,2024-25,3.0,67.0,,Corequisite,66.0,7.0,0.0,0.0,0.0,59.0,74.2399978637695,0.0,No,Building2,R,14:20:00,3.25,16.0,4.204081,4.714285,4.673469,3.693877,1.734693,4.612244,4.530612,3.061224,2.877551,4.306122,4.55102,4.612244,4.612244,4.040816,4.204081,Yes
199352,No,adadc168,CGCH,Full Time,4.304,4.264,No,1,R19259,001,SBFH,Elective,No,MSPHD,2024,Fall,20243,2024-25,1.5,50.0,,,47.0,0.0,0.0,47.0,0.0,0.0,55.3199996948242,0.0,No,Building1,"M,W,F",14:20:00,1.5,4.0,4.038461,4.76923,4.76923,2.884615,1.0,4.192307,4.230769,4.230769,3.884615,3.730769,3.884615,4.115384,3.653846,3.423076,4.192307,Yes
199353,No,e42cecc9,VUFA,Full Time,4.219512,4.065,No,1,T37978,003,WIRK,Elective,No,Masters1,2024,Fall,20243,2024-25,3.0,74.0,,,60.0,38.0,1.0,0.0,0.0,21.0,77.9700012207031,0.0,No,Building2,"M,F",14:20:00,3.25,18.0,3.97826,4.434782,4.5,3.304347,1.260869,3.913043,4.108695,3.369565,3.021739,4.043478,4.130434,4.282608,4.043478,3.934782,4.130434,Yes
199354,No,134eee52,CGCH,Part Time,4.608,4.643478,No,1,B98182,001,SBFH,Elective,No,MSPHD,2024,Fall,20243,2024-25,3.0,74.0,,,28.0,1.0,0.0,11.0,2.0,14.0,96.4300003051758,0.0,No,Building2,R,14:20:00,3.25,4.0,3.777777,4.296296,4.222222,3.333333,1.518518,4.333333,4.518518,3.518518,3.222222,4.296296,4.259259,4.444444,4.407407,4.259259,4.37037,Yes
199355,No,19a6f603,USIE,Full Time,4.591667,4.584,No,1,V76191,001,USIE,Elective,No,Masters1,2024,Fall,20243,2024-25,1.5,74.0,,Corequisite,33.0,29.0,2.0,2.0,0.0,0.0,78.7900009155273,0.0,No,Building1,R,14:20:00,3.25,5.0,4.192307,4.5,4.653846,3.5,1.0,4.576923,4.576923,3.153846,3.384615,4.153846,4.230769,4.576923,4.384615,4.26923,4.653846,Yes
199356,No,6f1f2473,VUFA,Full Time,3.334615,3.406154,No,1,G76575,001,WIRK,Elective,No,Masters1,2024,Fall,20243,2024-25,3.0,49.0,,,16.0,15.0,1.0,0.0,0.0,0.0,76.4700012207031,0.0,No,Building2,"M,T,W,R,F",09:00:00,8.0,2.0,2.923076,3.846153,3.76923,3.153846,1.0,3.230769,3.307692,3.153846,2.923076,3.384615,3.153846,3.384615,3.153846,3.307692,3.384615,Yes
199357,No,19a6f603,USIE,Full Time,4.671429,4.6,No,1,V76191,002,USIE,Elective,No,Masters1,2024,Fall,20243,2024-25,1.5,74.0,,Corequisite,35.0,8.0,2.0,0.0,0.0,25.0,88.5699996948242,0.0,No,Building1,R,18:00:00,3.25,5.0,3.870967,4.516129,4.290322,3.225806,1.677419,4.516129,4.645161,2.967741,3.32258,4.129032,4.516129,4.645161,4.451612,4.193548,4.580645,Yes
199358,No,e5f50cbb,VUFA,Part Time,4.698246,4.407143,No,1,Q25184,001,WIRK,Elective,No,Masters1,2024,Fall,20243,2024-25,1.5,74.0,,,68.0,64.0,3.0,1.0,0.0,0.0,89.5500030517578,25.0,No,Building1,W,18:00:00,3.25,8.0,4.116666,4.733333,4.816666,3.083333,0.983333,4.333333,4.65,2.666666,2.816666,4.033333,4.516666,4.666666,4.55,4.083333,4.583333,Yes
199359,No,bab51045,USIE,Full Time,4.094118,3.993939,No,1,U96439,001,USIE,Elective,No,Masters1,2024,Fall,20243,2024-25,3.0,74.0,,,73.0,69.0,0.0,2.0,0.0,2.0,50.0,25.0,No,Building1,T,14:20:00,3.25,12.0,3.916666,4.305555,4.361111,2.75,1.027777,3.916666,4.0,3.666666,3.444444,3.861111,3.861111,4.055555,3.972222,3.777777,4.25,Yes
199360,No,8c5e8a1c,VUFA,Part Time,4.569231,4.307317,No,1,V25058,001,WIRK,Elective,No,Masters1,2024,Fall,20243,2024-25,1.5,50.0,,,45.0,44.0,1.0,0.0,0.0,0.0,93.3300018310547,28.0,No,Building1,T,09:00:00,3.25,8.0,3.95238,4.523809,4.547619,3.261904,1.0,4.285714,4.45238,3.5,3.309523,4.285714,4.45238,4.547619,4.333333,4.238095,4.666666,Yes
199361,No,fdc24ad8,USIE,Part Time,4.716667,4.697297,No,1,P13326,001,USIE,Elective,No,Masters1,2024,Fall,20243,2024-25,1.5,50.0,,,46.0,39.0,2.0,0.0,1.0,4.0,86.9599990844727,7.0,No,Building1,"M,T,W,R,F",09:00:00,4.0,2.0,4.375,4.8,4.775,3.15,1.05,4.6,4.525,2.775,3.2,4.55,4.55,4.6,4.6,4.275,4.475,Yes
199362,No,3c5eb40f,VUFA,,4.73,4.621053,No,1,B47508,001,WIRK,Elective,No,Masters1,2024,Fall,20243,2024-25,3.0,32.0,Prerequisites,,32.0,28.0,1.0,0.0,0.0,3.0,68.75,7.0,No,Building2,"T,R",14:20:00,1.5,4.0,4.318181,4.454545,4.045454,3.90909,0.954545,4.545454,4.454545,3.681818,3.090909,4.136363,4.40909,4.454545,4.136363,4.454545,4.454545,Yes
199363,No,0859a977,USIE,Part Time,4.829268,4.765,No,1,A96256,H01,USIE,Elective,No,Masters1,2024,Fall,20243,2024-25,1.5,74.0,,,61.0,50.0,1.0,10.0,0.0,0.0,67.2099990844727,9.0,No,Building1,R,18:00:00,1.5,8.0,4.292682,4.634146,4.292682,3.146341,0.951219,4.756097,4.829268,3.268292,3.268292,4.487804,4.487804,4.756097,4.634146,4.170731,4.658536,Yes
199364,No,40f8f350,USIE,Part Time,4.48,4.43,No,1,V77610,001,USIE,Elective,No,Masters1,2024,Fall,20243,2024-25,1.5,50.0,,,24.0,16.0,2.0,1.0,0.0,5.0,91.3000030517578,0.0,No,Building2,"M,F",09:00:00,3.25,4.0,4.523809,4.380952,3.857142,2.333333,1.142857,4.428571,4.428571,3.857142,4.142857,4.142857,3.904761,4.333333,4.190476,3.142857,4.047619,Yes
199365,No,480469a7,USIE,Part Time,4.516448,4.32,Yes,2,C93427,001,USIE,Elective,No,Masters1,2024,Fall,20243,2024-25,3.0,24.0,Prerequisites,,40.0,22.0,2.0,0.0,0.0,16.0,92.5,9.0,Yes,Building2,W,18:00:00,3.25,4.0,4.0,4.783783,4.702702,3.756756,1.27027,4.27027,4.648648,3.783783,3.405405,4.189189,4.567567,4.567567,4.648648,4.783783,4.837837,Yes
199365,No,f499bf33,USIE,Full Time,4.837838,4.32,Yes,2,C93427,001A,USIE,Elective,No,Masters1,2024,Fall,20243,2024-25,3.0,24.0,Prerequisites,,40.0,22.0,2.0,0.0,0.0,16.0,92.5,9.0,Yes,Building2,W,18:00:00,3.25,4.0,4.0,4.783783,4.702702,3.756756,1.27027,4.27027,4.648648,3.783783,3.405405,4.189189,4.567567,4.567567,4.648648,4.783783,4.837837,No
199366,No,3c5eb40f,VUFA,,4.55,4.271186,No,1,U93849,001,WIRK,Elective,No,MSPHD,2024,Fall,20243,2024-25,3.0,74.0,,,73.0,55.0,0.0,1.0,0.0,17.0,82.1900024414063,14.0,No,Building2,"T,R",10:50:00,1.5,13.0,3.883333,4.383333,4.416666,2.833333,1.1,4.2,4.466666,3.666666,3.1,4.066666,4.183333,4.35,4.1,4.216666,4.55,Yes
199367,No,8edbeac8,XLGG,Full Time,4.399022,4.484615,Yes,2,A20546,001,WIRK,Elective,No,Masters1,2024,Fall,20243,2024-25,1.5,74.0,,,71.0,70.0,0.0,1.0,0.0,0.0,83.0999984741211,12.0,Yes,Building1,"M,F",18:00:00,3.25,4.0,4.152542,4.745762,4.525423,3.152542,1.0,4.38983,4.29661,2.966101,3.203389,4.084745,4.423728,4.491525,4.220338,3.610169,4.305084,Yes
199367,No,bed509ec,VUFA,,4.710204,4.484615,Yes,2,A20546,001A,WIRK,Elective,No,Masters1,2024,Fall,20243,2024-25,1.5,74.0,,,71.0,70.0,0.0,1.0,0.0,0.0,83.0999984741211,12.0,Yes,Building1,"M,F",18:00:00,3.25,4.0,4.152542,4.745762,4.525423,3.152542,1.0,4.38983,4.29661,2.966101,3.203389,4.084745,4.423728,4.491525,4.220338,3.610169,4.305084,No
199368,No,bcd01aef,USIE,Part Time,4.654054,4.672222,No,1,P92884,001,USIE,Elective,No,Masters1,2024,Fall,20243,2024-25,1.5,74.0,,,54.0,41.0,0.0,13.0,0.0,0.0,73.5800018310547,21.0,No,Building1,T,18:00:00,3.25,10.0,4.487179,4.589743,4.564102,2.692307,0.974358,4.538461,4.641025,3.589743,3.846153,4.410256,4.076923,4.487179,4.51282,4.666666,4.615384,Yes
199369,No,0a270635,USIE,Full Time,4.684746,4.469091,No,1,K48653,001,USIE,Elective,No,Masters1,2024,Fall,20243,2024-25,1.5,74.0,,,70.0,63.0,0.0,0.0,0.0,7.0,91.3000030517578,10.0,No,Building2,"T,R",10:50:00,1.5,5.0,4.111111,4.714285,4.682539,3.253968,1.063492,4.428571,4.619047,3.142857,3.253968,4.111111,4.428571,4.555555,4.555555,4.015873,4.650793,Yes
199370,No,efee091f,VUFA,Part Time,4.725,4.546667,No,1,M15228,001,WIRK,Elective,No,Masters1,2024,Fall,20243,2024-25,3.0,24.0,,,26.0,26.0,0.0,0.0,0.0,0.0,65.379997253418,1.0,No,Building2,"T,R",14:20:00,3.25,4.0,4.941176,4.941176,4.941176,3.411764,1.0,4.411764,4.705882,4.823529,4.470588,4.470588,4.117647,4.294117,4.117647,4.647058,4.647058,Yes
199371,No,5ae198be,VUFA,Full Time,4.081678,3.807143,Yes,2,E89595,001,WIRK,Elective,No,Masters1,2024,Fall,20243,2024-25,3.0,74.0,,,42.0,40.0,0.0,0.0,0.0,2.0,80.9499969482422,4.0,Yes,Building2,"M,W,F",10:50:00,1.5,5.0,3.794117,4.205882,4.470588,2.5,0.941176,3.705882,4.0,3.352941,2.970588,3.882352,4.029411,4.117647,3.970588,4.0,4.411764,Yes
199371,No,e8b5f112,VUFA,Part Time,4.109091,3.807143,Yes,2,E89595,001A,WIRK,Elective,No,Masters1,2024,Fall,20243,2024-25,3.0,74.0,,,42.0,40.0,0.0,0.0,0.0,2.0,80.9499969482422,4.0,Yes,Building2,"M,W,F",10:50:00,1.5,5.0,3.794117,4.205882,4.470588,2.5,0.941176,3.705882,4.0,3.352941,2.970588,3.882352,4.029411,4.117647,3.970588,4.0,4.411764,No
199372,No,5ae198be,VUFA,Full Time,4.525714,4.468572,No,1,Q98409,001,USIE,Elective,No,MSPHD,2024,Fall,20243,2024-25,3.0,60.0,,,45.0,0.0,0.0,43.0,2.0,0.0,86.6699981689453,0.0,No,Building1,"M,W,F",14:20:00,3.333333,11.0,4.282051,4.461538,4.410256,3.538461,0.974358,4.461538,4.51282,3.846153,3.358974,4.0,4.230769,4.282051,4.333333,4.333333,4.435897,Yes
199373,No,f126b8e1,USIE,Full Time,4.785714,4.683333,No,1,W85607,001,USIE,Elective,No,MSPHD,2024,Fall,20243,2024-25,3.0,30.0,,,22.0,0.0,0.0,5.0,6.0,11.0,66.6699981689453,0.0,No,Building1,R,14:20:00,3.25,4.0,4.571428,4.857142,4.5,3.357142,1.285714,4.642857,4.785714,4.0,4.142857,3.642857,3.428571,3.857142,3.928571,3.571428,3.5,Yes
199374,No,5ae198be,VUFA,Full Time,4.472341,4.061539,Yes,2,E89595,060,WIRK,Elective,No,MSPHD,2024,Fall,20243,2024-25,3.0,74.0,,,66.0,0.0,0.0,64.0,0.0,2.0,81.8199996948242,0.0,Yes,Building2,"M,W,F",09:00:00,1.5,5.0,3.74074,4.425925,4.314814,3.666666,1.037037,4.018518,4.416666,3.166666,3.055555,3.777777,4.407407,4.5,4.333333,4.351851,4.518518,Yes
199374,No,e8b5f112,VUFA,Part Time,4.451228,4.061539,Yes,2,E89595,060A,WIRK,Elective,No,MSPHD,2024,Fall,20243,2024-25,3.0,74.0,,,66.0,0.0,0.0,64.0,0.0,2.0,81.8199996948242,0.0,Yes,Building2,"M,W,F",09:00:00,1.5,5.0,3.74074,4.425925,4.314814,3.666666,1.037037,4.018518,4.416666,3.166666,3.055555,3.777777,4.407407,4.5,4.333333,4.351851,4.518518,No
199375,No,74b784c7,USIE,Full Time,4.8,4.6,Yes,2,X21159,001,USIE,Elective,Yes,MSPHD,2024,Fall,20243,2024-25,3.0,25.0,,,24.0,0.0,0.0,2.0,16.0,6.0,45.4500007629395,12.0,Yes,Building2,R,14:20:00,2.916666,,3.9,4.5,4.5,3.4,1.2,4.6,4.85,3.0,2.9,3.8,4.9,4.9,4.9,4.7,4.9,Yes
199375,Yes,592d952e,USIE,Full Time,4.9,4.6,Yes,2,X21159,001A,USIE,Elective,Yes,MSPHD,2024,Fall,20243,2024-25,3.0,25.0,,,24.0,0.0,0.0,2.0,16.0,6.0,45.4500007629395,12.0,Yes,Building2,R,14:20:00,2.916666,,3.9,4.5,4.5,3.4,1.2,4.6,4.85,3.0,2.9,3.8,4.9,4.9,4.9,4.7,4.9,No
199376,No,3949797c,VUFA,Full Time,4.082051,3.705263,No,1,E32304,001,WIRK,Elective,No,Masters1,2024,Fall,20243,2024-25,3.0,74.0,,,65.0,65.0,0.0,0.0,0.0,0.0,63.0800018310547,10.0,No,Building1,T,14:20:00,3.25,6.0,3.634146,4.268292,4.195121,3.365853,0.975609,3.634146,4.04878,2.878048,2.609756,3.585365,4.04878,4.04878,3.780487,3.878048,4.219512,Yes
199377,No,254659ca,VUFA,Full Time,4.260606,4.25625,No,1,L07126,001,WIRK,Elective,No,Masters1,2024,Fall,20243,2024-25,3.0,40.0,,,37.0,26.0,3.0,0.0,0.0,8.0,94.5899963378906,2.0,No,Building2,"M,T,W,R,F",09:00:00,8.0,4.0,4.285714,4.685714,4.6,3.542857,1.171428,4.057142,4.114285,3.742857,4.0,3.8,4.114285,4.142857,3.857142,4.371428,4.428571,Yes
199378,No,50d5f4ff,VUFA,Part Time,4.821918,4.738889,No,1,G91942,001,WIRK,Elective,No,Masters1,2024,Fall,20243,2024-25,3.0,74.0,,,74.0,71.0,2.0,1.0,0.0,0.0,100.0,26.0,No,Building2,"M,T,W,R,F",09:00:00,8.0,5.0,4.148648,4.797297,4.797297,3.243243,0.972972,4.729729,4.756756,2.283783,3.216216,4.581081,4.554054,4.756756,4.5,4.081081,4.662162,No
199379,No,8a06b1c0,VUFA,Full Time,4.761291,4.675,No,1,O53254,001,WIRK,Elective,No,Masters1,2024,Fall,20243,2024-25,1.5,55.0,,,42.0,25.0,0.0,17.0,0.0,0.0,78.5699996948242,0.0,No,Building2,"T,R",10:50:00,1.5,5.0,4.090909,4.848484,4.515151,3.272727,0.969696,4.666666,4.60606,3.121212,3.060606,4.545454,4.787878,4.818181,4.787878,4.575757,4.818181,Yes
199380,No,90429b0e,VUFA,Part Time,4.740909,4.511111,No,1,D87732,001,WIRK,Elective,No,Masters1,2024,Fall,20243,2024-25,3.0,74.0,,,70.0,44.0,2.0,0.0,0.0,24.0,65.7099990844727,17.0,No,Building1,"M,F",18:00:00,3.25,4.0,4.130434,4.47826,4.369565,3.391304,1.434782,4.413043,4.630434,3.217391,2.913043,4.195652,4.434782,4.5,4.5,4.47826,4.391304,Yes
199381,No,e0934680,VUFA,Part Time,4.796227,4.603921,No,1,H46628,001,WIRK,Elective,No,Masters1,2024,Fall,20243,2024-25,1.5,60.0,,,59.0,53.0,3.0,0.0,0.0,3.0,93.2200012207031,29.0,No,Building2,"W,R,F",09:00:00,9.0,4.0,4.145454,4.781818,4.50909,3.072727,1.0,4.50909,4.781818,2.2,3.672727,4.4,4.472727,4.563636,4.581818,3.763636,4.654545,Yes
199382,No,a492d1b1,VUFA,,4.491304,4.324,No,1,O36664,001,WIRK,Elective,No,Masters1,2024,Fall,20243,2024-25,1.5,74.0,,,66.0,57.0,0.0,1.0,1.0,7.0,84.129997253418,6.0,No,Building2,R,09:00:00,3.25,3.0,4.018867,4.471698,4.509433,3.226415,1.056603,4.207547,4.377358,2.698113,3.132075,4.056603,4.207547,4.35849,4.283018,3.773584,4.490566,No
199383,No,0bdf6216,ZQOR,Full Time,4.735849,4.807407,No,1,Y72396,001,IGFY,Core,No,Masters2,2024,Fall,20243,2024-25,3.0,74.0,,,63.0,0.0,63.0,0.0,0.0,0.0,87.3000030517578,0.0,No,Building1,"W, R, F, S",08:30:00,10.25,21.0,4.545454,4.690909,4.781818,3.054545,0.981818,4.8,4.563636,4.363636,3.690909,4.672727,4.490909,4.672727,4.50909,4.163636,4.636363,Yes
199384,No,5df4a6f8,VUFA,Full Time,5.0,4.8,Yes,2,P32608,001,WIRK,Elective,No,MSPHD,2024,Fall,20243,2024-25,3.0,10.0,,,7.0,0.0,0.0,0.0,6.0,1.0,71.4300003051758,0.0,Yes,Building2,T,15:30:00,3.5,3.0,4.8,5.0,5.0,3.8,1.0,4.8,5.0,3.4,3.4,4.2,5.0,5.0,5.0,5.0,5.0,No
199384,No,91485667,VUFA,Full Time,5.0,4.8,Yes,2,P32608,001A,WIRK,Elective,No,MSPHD,2024,Fall,20243,2024-25,3.0,10.0,,,7.0,0.0,0.0,0.0,6.0,1.0,71.4300003051758,0.0,Yes,Building2,T,15:30:00,3.5,3.0,4.8,5.0,5.0,3.8,1.0,4.8,5.0,3.4,3.4,4.2,5.0,5.0,5.0,5.0,5.0,No
199385,No,0bdf6216,ZQOR,Full Time,4.514894,4.517647,No,1,Y72396,002,IGFY,Core,No,Masters2,2024,Fall,20243,2024-25,3.0,74.0,,,59.0,0.0,59.0,0.0,0.0,0.0,94.9199981689453,0.0,No,Building1,"W, R, F, S",08:30:00,10.25,21.0,4.357142,4.5,4.535714,3.035714,0.982142,4.410714,4.25,4.160714,3.25,4.321428,4.178571,4.392857,4.196428,3.946428,4.321428,Yes
199386,No,5925fb69,VUFA,Full Time,4.439216,4.438461,No,1,L51490,001,WIRK,Elective,No,MSPHD,2024,Fall,20243,2024-25,3.0,100.0,,,68.0,0.0,0.0,0.0,0.0,68.0,80.879997253418,0.0,No,Building2,T,09:00:00,3.25,12.0,3.872727,4.454545,4.127272,3.018181,1.836363,4.418181,4.4,3.472727,3.363636,4.163636,4.127272,4.145454,3.981818,3.763636,4.272727,Yes
199387,No,ddf5f614,ZQOR,Full Time,4.919048,4.874419,No,1,O84200,001,IGFY,Core,No,Masters2,2024,Fall,20243,2024-25,1.5,74.0,,,63.0,0.0,63.0,0.0,0.0,0.0,71.4300003051758,0.0,No,Building1,"T, W, R, F, S",08:30:00,10.25,20.0,4.444444,4.844444,4.288888,2.222222,1.0,4.755555,4.688888,3.355555,3.555555,4.688888,4.466666,4.666666,4.511111,4.244444,4.733333,Yes
199388,No,5925fb69,VUFA,Full Time,4.613333,4.529032,No,1,L51490,002,WIRK,Elective,No,MSPHD,2024,Fall,20243,2024-25,3.0,100.0,,,72.0,0.0,0.0,0.0,0.0,72.0,90.2799987792969,0.0,No,Building2,T,14:20:00,3.25,12.0,4.138461,4.338461,4.353846,3.56923,1.723076,4.476923,4.461538,3.230769,3.36923,4.16923,4.092307,4.276923,4.230769,3.953846,4.36923,Yes
199389,No,ddf5f614,ZQOR,Full Time,4.922727,4.886364,No,1,O84200,002,IGFY,Core,No,Masters2,2024,Fall,20243,2024-25,1.5,74.0,,,59.0,0.0,59.0,0.0,0.0,0.0,73.7699966430664,0.0,No,Building1,"T, W, R, F, S",08:30:00,10.25,20.0,4.377777,4.711111,4.511111,2.311111,1.0,4.777777,4.866666,3.333333,3.577777,4.555555,4.377777,4.622222,4.6,4.266666,4.688888,Yes
199390,No,5925fb69,VUFA,Full Time,4.47451,4.36,No,1,L51490,003,WIRK,Elective,No,MSPHD,2024,Fall,20243,2024-25,3.0,100.0,,,63.0,0.0,0.0,0.0,0.0,63.0,92.0599975585938,0.0,No,Building2,W,09:00:00,3.25,12.0,4.206896,4.741379,4.620689,3.448275,1.793103,4.275862,4.431034,3.362068,3.482758,4.120689,4.206896,4.396551,4.206896,4.051724,4.5,Yes
199391,No,c0bbc6ad,ZQOR,Full Time,4.789743,4.853659,No,1,O84200,003,IGFY,Core,No,Masters2,2024,Fall,20243,2024-25,1.5,74.0,,,51.0,0.0,51.0,0.0,0.0,0.0,82.3499984741211,0.0,No,Building1,"F, S",08:30:00,10.25,20.0,4.333333,4.761904,4.690476,3.119047,0.97619,4.738095,4.666666,3.214285,3.928571,4.47619,4.45238,4.5,4.642857,4.619047,4.45238,No
199392,No,8c5e8a1c,VUFA,Part Time,4.381818,4.16508,No,1,G91357,001,WIRK,Elective,No,MSPHD,2024,Fall,20243,2024-25,1.5,74.0,,,71.0,0.0,0.0,63.0,0.0,8.0,95.7699966430664,0.0,No,Building2,T,14:20:00,3.25,4.0,4.0,4.485294,4.485294,3.264705,1.073529,4.029411,4.338235,3.5,3.323529,4.132352,4.205882,4.397058,4.058823,4.323529,4.602941,Yes
199393,No,c0bbc6ad,ZQOR,Full Time,4.827907,4.772093,No,1,O84200,004,IGFY,Core,No,Masters2,2024,Fall,20243,2024-25,1.5,74.0,,,51.0,0.0,51.0,0.0,0.0,0.0,88.2399978637695,0.0,No,Building1,"F, S",08:30:00,10.25,20.0,4.422222,4.844444,4.755555,3.111111,1.0,4.733333,4.688888,3.377777,3.577777,4.511111,4.533333,4.711111,4.466666,4.533333,4.666666,No
199395,No,8f362a60,ZQOR,Full Time,4.657143,4.295384,No,1,J20703,001,IGFY,Core,No,Masters1,2024,Fall,20243,2024-25,1.5,74.0,,,71.0,71.0,0.0,0.0,0.0,0.0,93.0599975585938,0.0,No,Building1,"T,R",09:00:00,1.5,47.0,4.089552,4.865671,4.626865,2.925373,0.985074,4.253731,4.626865,3.447761,3.283582,4.22388,4.343283,4.597014,4.432835,4.462686,4.597014,Yes
199397,No,618ad5a9,ZQOR,Full Time,4.793549,4.619672,No,1,J20703,002,IGFY,Core,No,Masters1,2024,Fall,20243,2024-25,1.5,74.0,,,71.0,71.0,0.0,0.0,0.0,0.0,91.5500030517578,0.0,No,Building1,"M,W,F",14:20:00,1.5,47.0,4.092307,4.661538,4.646153,2.907692,1.0,4.523076,4.707692,3.246153,3.153846,4.292307,4.446153,4.584615,4.476923,4.384615,4.784615,Yes
199399,No,618ad5a9,ZQOR,Full Time,4.408163,4.354386,No,1,J20703,003,IGFY,Core,No,Masters1,2024,Fall,20243,2024-25,1.5,74.0,,,74.0,74.0,0.0,0.0,0.0,0.0,82.4300003051758,0.0,No,Building1,"M,W,F",16:10:00,1.5,47.0,4.229508,4.704918,4.688524,3.52459,0.983606,4.180327,4.213114,3.590163,3.327868,4.09836,4.426229,4.508196,4.426229,4.229508,4.57377,Yes
199401,No,a4a774c1,QJJF,Full Time,2.086275,2.353719,No,1,U51319,001,TRXC,Core,No,Masters2,2024,Fall,20243,2024-25,1.5,74.0,,,63.0,0.0,63.0,0.0,0.0,0.0,90.4800033569336,0.0,No,Building1,"F, S",08:30:00,10.25,19.0,3.754385,3.0,4.105263,2.614035,0.982456,2.385964,2.192982,3.421052,3.578947,2.438596,2.087719,2.122807,2.491228,2.421052,2.771929,Yes
199402,No,13380e32,ZQOR,Full Time,4.260606,4.101587,No,1,J20703,004,IGFY,Core,No,Masters1,2024,Fall,20243,2024-25,1.5,74.0,,,73.0,73.0,0.0,0.0,0.0,0.0,93.1500015258789,0.0,No,Building1,"T,R",14:20:00,1.5,47.0,4.0,4.617647,4.75,3.088235,1.0,4.0,4.220588,3.441176,3.279411,3.867647,4.102941,4.117647,4.088235,4.0,4.338235,Yes
199404,No,8f362a60,ZQOR,Full Time,4.547692,4.424615,No,1,J20703,005,IGFY,Core,No,Masters1,2024,Fall,20243,2024-25,1.5,74.0,,,75.0,75.0,0.0,0.0,0.0,0.0,96.0,0.0,No,Building1,"T,R",10:50:00,1.5,47.0,4.166666,4.666666,4.736111,2.930555,0.972222,4.305555,4.444444,3.555555,3.375,4.152777,4.486111,4.513888,4.333333,4.277777,4.583333,Yes
199405,No,a4a774c1,QJJF,Full Time,2.855932,3.350659,No,1,U51319,002,TRXC,Core,No,Masters2,2024,Fall,20243,2024-25,1.5,74.0,,,59.0,0.0,59.0,0.0,0.0,0.0,100.0,0.0,No,Building1,"F, S",08:30:00,10.25,19.0,3.864406,3.694915,4.322033,2.661016,1.0,3.305084,2.847457,3.305084,3.779661,3.203389,2.542372,2.677966,3.101694,2.864406,3.305084,Yes
199407,No,618ad5a9,ZQOR,Full Time,4.814286,4.733333,No,1,J20703,006,IGFY,Core,No,Masters1,2024,Fall,20243,2024-25,1.5,74.0,,,75.0,75.0,0.0,0.0,0.0,0.0,93.3300018310547,0.0,No,Building1,"T,R",16:10:00,1.5,47.0,4.214285,4.842857,4.885714,3.385714,0.985714,4.728571,4.814285,3.242857,3.185714,4.371428,4.571428,4.685714,4.571428,4.214285,4.714285,Yes
199408,No,98ffe2d9,NZJO,,3.689451,3.707176,No,1,U51319,003,TRXC,Core,No,Masters2,2024,Fall,20243,2024-25,1.5,74.0,,,48.0,0.0,48.0,0.0,0.0,0.0,77.0800018310547,0.0,No,Building1,S,08:30:00,10.25,19.0,4.054054,4.108108,4.243243,2.837837,0.972972,3.567567,3.567567,3.297297,3.108108,3.459459,3.594594,3.297297,3.378378,3.216216,4.162162,Yes
199410,No,8f362a60,ZQOR,Full Time,3.667376,3.350309,No,1,J20703,007,IGFY,Core,No,Masters1,2024,Fall,20243,2024-25,1.5,74.0,,,72.0,72.0,0.0,0.0,0.0,0.0,83.3300018310547,0.0,No,Building1,"M,W,F",10:50:00,1.5,47.0,3.7,4.316666,4.333333,2.75,0.966666,3.316666,3.566666,3.25,3.216666,3.45,3.633333,3.483333,3.666666,3.65,3.883333,Yes
199412,No,98ffe2d9,NZJO,,3.274322,3.631351,No,1,U51319,004,TRXC,Core,No,Masters2,2024,Fall,20243,2024-25,1.5,74.0,,,50.0,0.0,50.0,0.0,0.0,0.0,76.0,0.0,No,Building1,S,08:30:00,10.25,19.0,4.236842,4.105263,4.473684,3.0,0.973684,3.473684,3.210526,3.394736,3.210526,3.263157,3.078947,2.894736,3.131578,2.710526,4.0,Yes
199413,No,13380e32,ZQOR,Full Time,4.29375,4.114286,No,1,J20703,008,IGFY,Core,No,Masters1,2024,Fall,20243,2024-25,1.5,74.0,,,75.0,75.0,0.0,0.0,0.0,0.0,96.0,0.0,No,Building1,"T,R",16:10:00,1.5,47.0,3.916666,4.555555,4.5,3.111111,0.986111,3.902777,4.166666,3.361111,3.361111,3.972222,4.125,4.319444,3.972222,3.875,4.458333,Yes
199415,No,a4a774c1,QJJF,Full Time,2.754098,3.137879,No,1,I48088,001,TRXC,Core,No,Masters1,2024,Fall,20243,2024-25,1.5,74.0,,,64.0,64.0,0.0,0.0,0.0,0.0,93.8499984741211,0.0,No,Building1,"M,W,F",10:50:00,1.5,49.0,3.836065,3.918032,4.557377,2.590163,1.0,3.065573,2.704918,3.262295,2.934426,3.213114,2.606557,2.721311,3.04918,2.540983,3.344262,Yes
199416,No,618ad5a9,ZQOR,Full Time,4.916923,4.606557,No,1,J20703,009,IGFY,Core,No,Masters1,2024,Fall,20243,2024-25,1.5,74.0,,,72.0,72.0,0.0,0.0,0.0,0.0,91.6699981689453,0.0,No,Building1,"T,R",14:20:00,1.5,47.0,4.348484,4.80303,4.742424,3.045454,0.984848,4.560606,4.90909,3.363636,3.181818,4.348484,4.545454,4.681818,4.636363,4.40909,4.666666,Yes
199418,No,a4a774c1,QJJF,Full Time,3.096325,3.083772,No,1,I48088,002,TRXC,Core,No,Masters1,2024,Fall,20243,2024-25,1.5,74.0,,,66.0,64.0,0.0,0.0,0.0,2.0,86.3600006103516,0.0,No,Building1,"M,W,F",16:10:00,1.5,49.0,3.824561,4.070175,4.280701,2.543859,0.982456,3.052631,2.947368,3.614035,3.333333,2.807017,2.701754,2.964912,2.666666,2.789473,3.508771,Yes
199419,No,13380e32,ZQOR,Full Time,4.336364,4.422581,No,1,J20703,010,IGFY,Core,No,Masters1,2024,Fall,20243,2024-25,1.5,74.0,,,75.0,75.0,0.0,0.0,0.0,0.0,92.0,0.0,No,Building1,"T,R",10:50:00,1.5,47.0,4.202898,4.73913,4.73913,2.869565,1.0,4.405797,4.246376,3.405797,3.507246,4.130434,4.217391,4.289855,4.304347,4.202898,4.507246,Yes
199420,No,db491214,NZJO,Full Time,3.590255,3.490066,No,1,I48088,003,TRXC,Core,No,Masters1,2024,Fall,20243,2024-25,1.5,74.0,,,69.0,67.0,0.0,0.0,0.0,2.0,84.0599975585938,0.0,No,Building1,"M,W,F",14:20:00,1.5,49.0,4.017241,4.224137,4.293103,2.913793,1.017241,3.465517,3.534482,3.37931,3.241379,3.465517,3.568965,3.5,3.224137,3.224137,3.87931,Yes
199421,No,2b7e8a00,YICC,,4.970588,4.911765,No,1,Y88728,001,IGFY,Elective,No,Masters2,2024,Fall,20243,2024-25,3.0,50.0,,,43.0,1.0,37.0,0.0,0.0,5.0,79.0699996948242,0.0,No,Building1,"F, S",08:30:00,10.25,20.0,4.294117,4.705882,4.588235,3.029411,1.088235,4.911764,4.970588,2.882352,3.382352,4.470588,4.823529,4.794117,4.705882,4.705882,4.764705,Yes
199422,No,db491214,NZJO,Full Time,4.397015,4.343284,No,1,I48088,004,TRXC,Core,No,Masters1,2024,Fall,20243,2024-25,1.5,74.0,,,69.0,67.0,0.0,0.0,0.0,2.0,98.5500030517578,0.0,No,Building1,"M,W,F",10:50:00,1.5,49.0,4.029411,4.529411,4.441176,2.911764,1.014705,4.279411,4.382352,3.470588,3.323529,4.117647,3.764705,3.985294,4.088235,3.588235,4.441176,Yes
199423,No,2b7e8a00,YICC,,4.979167,4.938776,No,1,Y88728,002,IGFY,Elective,No,Masters2,2024,Fall,20243,2024-25,3.0,50.0,,,50.0,0.0,50.0,0.0,0.0,0.0,98.0,11.0,No,Building1,"F, S",08:30:00,10.25,20.0,4.571428,4.897959,4.55102,3.183673,0.979591,4.938775,4.877551,3.163265,3.204081,4.734693,4.591836,4.734693,4.673469,4.469387,4.714285,Yes
199425,No,1a0294f1,NZJO,Full Time,4.839344,4.6,No,1,I48088,005,TRXC,Core,No,Masters1,2024,Fall,20243,2024-25,1.5,74.0,,,67.0,67.0,0.0,0.0,0.0,0.0,94.0299987792969,0.0,No,Building1,"M,W,F",09:00:00,1.5,49.0,4.253968,4.904761,4.603174,2.841269,1.0,4.492063,4.825396,3.492063,3.349206,3.936507,4.412698,4.492063,4.285714,3.746031,4.761904,Yes
199426,No,1dd4c4e2,ZQOR,Part Time,4.824,4.716667,No,1,Z45537,100,IGFY,Elective,No,Masters2,2024,Fall,20243,2024-25,3.0,74.0,,,28.0,1.0,24.0,0.0,0.0,3.0,92.8600006103516,0.0,No,Building2,"M,T,W,R,F",09:00:00,8.5,7.0,4.538461,4.884615,4.692307,3.153846,1.115384,4.692307,4.807692,3.0,3.153846,4.576923,4.692307,4.76923,4.692307,4.461538,4.846153,Yes
199428,No,a4a774c1,QJJF,Full Time,2.993546,3.344099,No,1,I48088,006,TRXC,Core,No,Masters1,2024,Fall,20243,2024-25,1.5,74.0,,,67.0,67.0,0.0,0.0,0.0,0.0,88.0599975585938,0.0,No,Building1,"M,W,F",14:20:00,1.5,49.0,3.745762,4.033898,4.406779,3.033898,0.98305,3.305084,2.966101,3.59322,3.627118,3.203389,2.711864,3.0,3.118644,2.864406,3.406779,Yes
199429,No,4b95ef5e,ZQOR,,4.44,4.464706,No,1,O67585,001,IGFY,Elective,No,Masters2,2024,Fall,20243,2024-25,3.0,54.0,,,51.0,15.0,36.0,0.0,0.0,0.0,72.5500030517578,5.0,No,Building1,S,08:30:00,10.25,14.0,4.189189,4.162162,4.378378,3.081081,0.945945,4.405405,4.351351,3.054054,2.81081,4.297297,4.27027,4.297297,4.297297,4.378378,4.297297,Yes
199430,No,795419b3,VUFA,Part Time,4.923077,4.88,No,1,H23512,001,IGFY,Elective,No,Masters2,2024,Fall,20243,2024-25,3.0,50.0,Prerequisites,,33.0,2.0,31.0,0.0,0.0,0.0,78.7900009155273,0.0,No,Building1,"F, S",08:30:00,10.25,7.0,4.576923,4.961538,4.923076,3.26923,0.961538,4.692307,4.923076,4.076923,3.730769,4.807692,4.692307,4.884615,4.807692,4.807692,4.76923,Yes
199431,No,1a0294f1,NZJO,Full Time,4.762963,4.45098,No,1,I48088,007,TRXC,Core,No,Masters1,2024,Fall,20243,2024-25,1.5,74.0,,,68.0,66.0,0.0,0.0,0.0,2.0,82.3499984741211,0.0,No,Building1,"M,W,F",16:10:00,1.5,49.0,4.214285,4.892857,4.785714,3.017857,1.017857,4.428571,4.75,3.482142,3.464285,4.035714,4.535714,4.535714,4.321428,4.285714,4.767857,Yes
199432,No,a1f188f8,ZQOR,Part Time,4.2,4.447059,No,1,Y54923,001,IGFY,Elective,No,Masters2,2024,Fall,20243,2024-25,1.5,36.0,,,31.0,0.0,31.0,0.0,0.0,0.0,61.2900009155273,0.0,No,Building1,"F, S",08:30:00,10.25,17.0,4.421052,4.736842,4.631578,2.947368,1.0,4.210526,3.842105,3.368421,3.789473,4.421052,4.368421,4.526315,4.157894,4.421052,4.68421,Yes
199433,No,db491214,NZJO,Full Time,4.178462,4.038095,No,1,I48088,008,TRXC,Core,No,Masters1,2024,Fall,20243,2024-25,1.5,74.0,,,68.0,68.0,0.0,0.0,0.0,0.0,98.5299987792969,0.0,No,Building1,"M,W,F",09:00:00,1.5,49.0,3.895522,4.626865,4.597014,2.447761,1.0,4.0,4.104477,3.492537,3.492537,3.776119,3.731343,4.044776,3.686567,3.328358,4.328358,Yes
199434,No,84c35cd5,CGCH,,4.828571,4.744828,No,1,Z30890,300,SBFH,Core,No,Masters2,2024,Fall,20243,2024-25,3.0,50.0,,,44.0,0.0,44.0,0.0,0.0,0.0,70.4499969482422,0.0,No,Building2,"M, T, R, F, S",08:30:00,11.0,20.0,4.225806,4.548387,4.32258,3.387096,1.064516,4.580645,4.580645,3.774193,3.387096,4.16129,4.580645,4.612903,4.612903,4.225806,4.387096,Yes
199435,No,1a0294f1,NZJO,Full Time,4.725424,4.508772,No,1,I48088,009,TRXC,Core,No,Masters1,2024,Fall,20243,2024-25,1.5,74.0,,,66.0,65.0,0.0,0.0,0.0,1.0,95.4499969482422,0.0,No,Building1,"M,W,F",10:50:00,1.5,49.0,4.063492,4.63492,4.412698,3.15873,1.0,4.412698,4.619047,3.507936,3.47619,3.904761,4.222222,4.380952,4.269841,3.666666,4.539682,Yes
199436,No,cbb5413c,ZQOR,Part Time,4.727273,4.647619,Yes,2,I40364,100,IGFY,Elective,No,Masters2,2024,Fall,20243,2024-25,3.0,74.0,,,35.0,0.0,32.0,0.0,0.0,3.0,62.8600006103516,0.0,Yes,Building2,"M,T,W,R,U",09:00:00,8.0,4.0,3.954545,4.772727,4.772727,3.272727,1.045454,4.590909,4.545454,2.90909,3.318181,4.40909,4.590909,4.818181,4.681818,4.545454,4.772727,Yes
199436,No,505d3aa3,ZQOR,Part Time,4.632426,4.647619,Yes,2,I40364,100A,IGFY,Elective,No,Masters2,2024,Fall,20243,2024-25,3.0,74.0,,,35.0,0.0,32.0,0.0,0.0,3.0,62.8600006103516,0.0,Yes,Building2,"M,T,W,R,U",09:00:00,8.0,4.0,3.954545,4.772727,4.772727,3.272727,1.045454,4.590909,4.545454,2.90909,3.318181,4.40909,4.590909,4.818181,4.681818,4.545454,4.772727,No
199437,No,d5ff7468,CGCH,Part Time,4.333333,4.296774,No,1,P89516,001,SBFH,Core,Yes,Masters2,2024,Fall,20243,2024-25,1.5,74.0,,,41.0,0.0,41.0,0.0,0.0,0.0,82.9300003051758,0.0,No,Building1,"M, S",08:30:00,10.25,,4.323529,4.558823,4.558823,2.735294,0.970588,4.117647,4.205882,3.0,2.941176,3.970588,4.441176,4.470588,4.5,3.941176,4.411764,Yes
199438,No,1a0294f1,NZJO,Full Time,4.59322,4.318182,No,1,I48088,010,TRXC,Core,No,Masters1,2024,Fall,20243,2024-25,1.5,74.0,,,69.0,68.0,0.0,0.0,0.0,1.0,95.6500015258789,0.0,No,Building1,"M,W,F",14:20:00,1.5,49.0,4.227272,4.757575,4.60606,2.893939,1.015151,4.318181,4.424242,3.515151,3.621212,4.015151,4.151515,4.121212,4.075757,3.80303,4.560606,Yes
199439,No,49ab097e,CGCH,Full Time,4.755556,4.562791,No,1,P89516,002,SBFH,Core,Yes,Masters2,2024,Fall,20243,2024-25,1.5,74.0,,,46.0,0.0,46.0,0.0,0.0,0.0,97.8300018310547,0.0,No,Building1,"U, S",08:30:00,10.25,,4.244444,4.866666,4.511111,2.577777,1.0,4.555555,4.755555,3.022222,2.933333,4.266666,4.511111,4.711111,4.577777,3.977777,4.755555,Yes
199440,No,2c7bac1c,ZQOR,Full Time,4.507692,4.738461,No,1,F89959,001,IGFY,Elective,No,Masters2,2024,Fall,20243,2024-25,3.0,50.0,,,15.0,0.0,15.0,0.0,0.0,0.0,93.3300018310547,0.0,No,Building1,"F, S",08:30:00,10.25,7.0,4.5,4.5,4.142857,3.571428,0.928571,4.714285,4.5,2.928571,2.928571,4.642857,4.571428,4.571428,4.214285,4.5,4.642857,Yes
199441,No,cdc4c1dd,NZJO,Part Time,4.566667,4.455555,No,1,W95851,001,TRXC,Elective,No,Masters2,2024,Fall,20243,2024-25,1.5,50.0,,,25.0,6.0,15.0,1.0,0.0,3.0,80.0,0.0,No,Building1,S,08:30:00,10.25,1.0,4.15,4.5,4.5,3.6,1.05,4.35,4.45,3.6,3.7,4.3,4.35,4.5,4.1,4.4,4.7,Yes
199442,No,43f47120,CGCH,Full Time,4.771429,4.742857,No,1,R15699,001,SBFH,Core,Yes,Masters2,2024,Fall,20243,2024-25,1.5,74.0,Prerequisites,,40.0,0.0,40.0,0.0,0.0,0.0,87.5,0.0,No,Building1,S,12:30:00,6.25,,4.257142,4.771428,4.571428,2.428571,1.0,4.742857,4.771428,3.628571,3.342857,4.314285,4.628571,4.771428,4.742857,4.428571,4.828571,Yes
199443,No,2b26fa8a,ZQOR,Full Time,4.536364,4.447619,No,1,R22177,001,IGFY,Elective,No,Masters1,2024,Fall,20243,2024-25,1.5,50.0,,,37.0,37.0,0.0,0.0,0.0,0.0,67.5699996948242,0.0,No,Building1,"T,R",10:50:00,1.5,3.0,4.28,4.88,4.92,3.76,1.0,4.32,4.48,2.68,2.92,4.28,4.6,4.4,4.56,3.96,4.68,Yes
199444,No,bdf25857,NZJO,Full Time,3.734884,3.734884,No,1,H81467,001,TRXC,Elective,No,Masters1,2024,Fall,20243,2024-25,3.0,74.0,,,68.0,64.0,0.0,1.0,0.0,3.0,80.5999984741211,5.0,No,Building1,R,14:20:00,3.25,26.0,3.685185,4.407407,4.388888,3.111111,1.037037,3.629629,3.629629,3.333333,3.018518,3.814814,4.037037,4.037037,4.037037,3.166666,4.166666,Yes
199445,No,2b26fa8a,ZQOR,Full Time,4.872727,4.781818,No,1,R22177,002,IGFY,Elective,No,Masters1,2024,Fall,20243,2024-25,1.5,50.0,,,22.0,14.0,0.0,0.0,0.0,8.0,60.0,1.0,No,Building1,"T,R",14:20:00,1.5,3.0,4.416666,4.666666,4.333333,3.833333,1.333333,4.75,4.833333,2.916666,2.916666,4.75,4.75,4.75,4.75,4.75,4.583333,Yes
199446,No,43f47120,CGCH,Full Time,4.736585,4.75814,No,1,R15699,002,SBFH,Core,Yes,Masters2,2024,Fall,20243,2024-25,1.5,74.0,Prerequisites,,46.0,0.0,46.0,0.0,0.0,0.0,95.6500015258789,0.0,No,Building1,S,08:30:00,10.25,,4.318181,4.454545,4.431818,2.477272,1.0,4.727272,4.568181,3.522727,3.40909,4.454545,4.431818,4.65909,4.431818,3.931818,4.522727,Yes
199447,No,bdf25857,NZJO,Full Time,4.412121,4.394286,No,1,H81467,002,TRXC,Elective,No,Masters1,2024,Fall,20243,2024-25,3.0,74.0,,,58.0,30.0,5.0,0.0,0.0,23.0,68.4199981689453,1.0,No,Building1,R,18:00:00,3.25,26.0,4.0,4.25641,4.358974,3.076923,1.384615,4.153846,4.282051,3.128205,2.974358,4.128205,4.282051,4.435897,4.358974,3.846153,4.128205,Yes
199448,No,225343cf,ZQOR,Full Time,4.177778,4.05946,No,1,E60397,001,IGFY,Elective,Yes,Masters1,2024,Fall,20243,2024-25,3.0,74.0,,,48.0,47.0,1.0,0.0,0.0,0.0,83.3300018310547,0.0,No,Building1,R,09:00:00,3.25,,4.2,4.375,4.45,3.2,0.975,3.9,4.1,3.525,3.225,3.95,4.075,4.2,4.15,4.15,4.2,Yes
199449,No,b14b228f,CGCH,Full Time,4.615094,4.585714,No,1,H14240,002,SBFH,Core,No,Masters1,2024,Fall,20243,2024-25,1.5,74.0,,,66.0,64.0,0.0,0.0,0.0,2.0,90.9100036621094,0.0,No,Building1,"M,W,F",10:50:00,1.5,26.0,3.966666,4.566666,4.3,2.566666,1.033333,4.5,4.483333,3.083333,3.183333,3.9,4.05,4.3,4.116666,3.65,4.366666,Yes
199450,No,a8f7b74b,ZQOR,Full Time,4.77619,4.674418,No,1,Q44513,001,IGFY,Elective,No,MSPHD,2024,Fall,20243,2024-25,3.0,50.0,,,50.0,50.0,0.0,0.0,0.0,0.0,86.0,15.0,No,Building1,W,09:00:00,3.25,52.0,4.302325,4.674418,4.558139,3.186046,0.976744,4.674418,4.767441,3.069767,3.0,4.395348,4.627906,4.767441,4.744186,4.767441,4.813953,Yes
199451,No,49ab097e,CGCH,Full Time,4.825,4.625454,No,1,H14240,003,SBFH,Core,No,Masters1,2024,Fall,20243,2024-25,1.5,74.0,,,67.0,65.0,0.0,0.0,0.0,2.0,89.5500030517578,0.0,No,Building1,"M,W,F",09:00:00,1.5,26.0,3.933333,4.816666,4.6,2.85,1.016666,4.466666,4.616666,3.183333,3.183333,4.066666,4.45,4.666666,4.5,3.983333,4.633333,Yes
199452,No,a8f7b74b,ZQOR,Full Time,4.545,4.509524,No,1,Q44513,002,IGFY,Elective,No,Masters1,2024,Fall,20243,2024-25,3.0,50.0,,,50.0,50.0,0.0,0.0,0.0,0.0,92.0,14.0,No,Building1,W,14:20:00,3.25,52.0,4.369565,4.673913,4.304347,3.217391,0.934782,4.47826,4.217391,2.73913,2.760869,4.326086,4.282608,4.434782,4.347826,4.23913,4.413043,Yes
199453,No,49ab097e,CGCH,Full Time,4.845901,4.71,No,1,H14240,004,SBFH,Core,No,Masters1,2024,Fall,20243,2024-25,1.5,74.0,,,66.0,65.0,0.0,0.0,0.0,1.0,93.9400024414063,0.0,No,Building1,"M,W,F",16:10:00,1.5,26.0,4.096774,4.709677,4.693548,2.629032,1.016129,4.629032,4.82258,3.258064,3.16129,4.354838,4.677419,4.741935,4.612903,4.354838,4.629032,Yes
199454,No,b40ef717,NZJO,Full Time,4.4125,3.9125,No,1,H76163,001,TRXC,Elective,No,MSPHD,2024,Fall,20243,2024-25,1.5,50.0,,,25.0,0.0,0.0,18.0,6.0,1.0,68.0,0.0,No,Building1,"M,W,F",10:50:00,1.5,4.0,4.17647,4.411764,3.882352,2.529411,1.058823,3.823529,4.411764,3.647058,3.352941,3.764705,4.352941,4.294117,4.0,3.823529,4.17647,No
199455,No,a8f7b74b,ZQOR,Full Time,4.8625,4.624242,No,1,Q44513,003,IGFY,Elective,No,MSPHD,2024,Fall,20243,2024-25,3.0,50.0,,,38.0,34.0,0.0,0.0,0.0,4.0,89.4700012207031,3.0,No,Building1,W,18:00:00,3.25,52.0,4.294117,4.823529,4.735294,3.529411,1.0,4.617647,4.705882,2.823529,3.0,4.058823,4.529411,4.558823,4.529411,4.529411,4.617647,Yes
199456,No,b14b228f,CGCH,Full Time,4.829508,4.686666,No,1,H14240,006,SBFH,Core,No,Masters1,2024,Fall,20243,2024-25,1.5,74.0,,,67.0,67.0,0.0,0.0,0.0,0.0,94.0299987792969,0.0,No,Building1,"M,W,F",09:00:00,1.5,26.0,3.761904,4.666666,4.666666,2.444444,1.0,4.587301,4.714285,3.111111,3.396825,4.253968,4.444444,4.47619,4.396825,3.603174,4.492063,Yes
199458,No,4158e2cf,ZQOR,Part Time,4.05946,4.278947,No,1,Q44513,004,IGFY,Elective,No,Masters1,2024,Fall,20243,2024-25,3.0,50.0,,,47.0,47.0,0.0,0.0,0.0,0.0,82.9800033569336,6.0,No,Building1,T,14:20:00,3.25,52.0,3.871794,4.384615,4.435897,2.974358,1.0,4.25641,4.025641,2.871794,2.871794,4.076923,4.282051,4.25641,4.25641,4.076923,4.333333,Yes
199459,No,49ab097e,CGCH,Full Time,4.90625,4.806557,No,1,H14240,007,SBFH,Core,No,Masters1,2024,Fall,20243,2024-25,1.5,74.0,,,67.0,65.0,0.0,0.0,0.0,2.0,97.0100021362305,0.0,No,Building1,"M,W,F",14:20:00,1.5,26.0,4.030769,4.876923,4.76923,2.584615,1.030769,4.630769,4.830769,3.030769,3.215384,4.230769,4.584615,4.707692,4.538461,3.96923,4.538461,Yes
199460,No,daa2f322,ZQOR,Full Time,4.891304,4.746666,No,1,Q44513,005,IGFY,Elective,No,MSPHD,2024,Fall,20243,2024-25,3.0,50.0,,,49.0,49.0,0.0,0.0,0.0,0.0,93.879997253418,5.0,No,Building2,"M,F",09:00:00,3.25,52.0,4.304347,4.782608,4.695652,3.021739,0.97826,4.73913,4.891304,2.826086,2.847826,4.586956,4.652173,4.717391,4.521739,4.413043,4.760869,Yes
199462,No,daa2f322,ZQOR,Full Time,4.83,4.53,No,1,Q44513,006,IGFY,Elective,No,Masters1,2024,Fall,20243,2024-25,3.0,50.0,,,44.0,44.0,0.0,0.0,0.0,0.0,95.4499969482422,14.0,No,Building2,"M,F",14:20:00,3.25,52.0,4.071428,4.666666,4.642857,2.857142,1.0,4.523809,4.809523,2.785714,2.904761,4.428571,4.547619,4.738095,4.642857,4.380952,4.642857,Yes
199463,No,b14b228f,CGCH,Full Time,4.75082,4.606667,No,1,H14240,008,SBFH,Core,No,Masters1,2024,Fall,20243,2024-25,1.5,74.0,,,66.0,66.0,0.0,0.0,0.0,0.0,96.9700012207031,0.0,No,Building1,"M,W,F",14:20:00,1.5,26.0,4.265625,4.84375,4.84375,3.046875,1.0,4.59375,4.734375,3.203125,3.328125,4.171875,4.40625,4.5625,4.484375,4.03125,4.71875,Yes
199464,No,f06d5cf6,ZQOR,Full Time,4.348276,4.105085,No,1,Q88265,001,IGFY,Elective,No,Masters1,2024,Fall,20243,2024-25,3.0,74.0,,,73.0,41.0,2.0,2.0,0.0,28.0,91.6699981689453,9.0,No,Building1,T,09:00:00,3.25,17.0,3.878787,4.424242,4.515151,3.015151,1.333333,4.0,4.136363,2.833333,2.787878,3.60606,4.030303,4.242424,4.045454,3.530303,4.212121,Yes
199465,No,b14b228f,CGCH,Full Time,4.492857,4.476364,No,1,H14240,009,SBFH,Core,No,Masters1,2024,Fall,20243,2024-25,1.5,74.0,,,65.0,64.0,0.0,0.0,0.0,1.0,95.379997253418,0.0,No,Building1,"M,W,F",16:10:00,1.5,26.0,3.98387,4.467741,4.467741,2.596774,1.0,4.451612,4.48387,3.274193,3.435483,3.951612,4.145161,4.225806,4.145161,3.758064,4.419354,Yes
199466,No,f06d5cf6,ZQOR,Full Time,4.693878,4.375,No,1,Q88265,002,IGFY,Elective,No,Masters1,2024,Fall,20243,2024-25,3.0,74.0,,,69.0,34.0,0.0,0.0,0.0,35.0,69.0100021362305,32.0,No,Building1,R,09:00:00,3.25,17.0,4.122448,4.591836,4.387755,3.244897,1.387755,4.285714,4.693877,2.918367,3.040816,4.040816,4.530612,4.632653,4.510204,3.979591,4.510204,Yes
199467,No,49ab097e,CGCH,Full Time,4.865672,4.756923,No,1,H14240,010,SBFH,Core,No,Masters1,2024,Fall,20243,2024-25,1.5,74.0,,,69.0,68.0,0.0,0.0,0.0,1.0,98.5500030517578,0.0,No,Building1,"M,W,F",10:50:00,1.5,26.0,4.147058,4.720588,4.647058,2.573529,0.985294,4.632352,4.794117,3.088235,3.308823,4.352941,4.323529,4.544117,4.514705,3.617647,4.529411,Yes
199468,No,11a4baed,KFZN,,3.614286,3.861538,No,1,E15391,001,KAFN,Elective,No,Masters2,2024,Fall,20243,2024-25,1.5,50.0,,,21.0,0.0,18.0,0.0,0.0,3.0,71.4300003051758,0.0,No,Building1,S,08:30:00,10.25,1.0,3.733333,4.133333,4.133333,2.533333,1.0,3.8,3.6,3.0,3.333333,3.8,3.4,3.466666,3.4,3.533333,3.8,Yes
199469,No,a5dca330,ZQOR,Part Time,3.934652,3.342532,Yes,2,E66065,001,IGFY,Elective,No,Masters1,2024,Fall,20243,2024-25,3.0,50.0,Prerequisites,,48.0,43.0,4.0,0.0,0.0,1.0,91.6699981689453,0.0,Yes,Building1,T,18:00:00,3.25,9.0,3.90909,4.386363,4.386363,3.25,0.954545,3.340909,3.931818,2.931818,2.840909,3.40909,4.022727,3.931818,3.75,3.886363,4.181818,Yes
199469,No,f8b2d7d9,ZQOR,Part Time,3.990698,3.342532,Yes,2,E66065,001A,IGFY,Elective,No,Masters1,2024,Fall,20243,2024-25,3.0,50.0,Prerequisites,,48.0,43.0,4.0,0.0,0.0,1.0,91.6699981689453,0.0,Yes,Building1,T,18:00:00,3.25,9.0,3.90909,4.386363,4.386363,3.25,0.954545,3.340909,3.931818,2.931818,2.840909,3.40909,4.022727,3.931818,3.75,3.886363,4.181818,No
199471,No,55ddf25f,CGCH,Full Time,4.846154,4.846154,No,1,D30419,001,SBFH,Elective,No,Masters2,2024,Fall,20243,2024-25,3.0,74.0,Prerequisites,Corequisite,14.0,2.0,12.0,0.0,0.0,0.0,92.8600006103516,0.0,No,Building1,S,08:30:00,10.25,2.0,4.461538,4.846153,4.76923,3.384615,1.0,4.846153,4.846153,3.0,3.230769,4.615384,4.846153,4.692307,4.538461,4.692307,4.846153,Yes
199472,No,0c45289c,AFQO,,4.777143,4.691429,No,1,Y45673,100,KAFN,Elective,No,Masters2,2024,Fall,20243,2024-25,3.0,57.0,,,52.0,0.0,52.0,0.0,0.0,0.0,69.8099975585938,2.0,No,Building2,"M,T,W,R,F",09:00:00,8.0,4.0,4.513513,4.918918,4.864864,2.675675,1.0,4.648648,4.756756,3.459459,4.135135,4.594594,4.486486,4.594594,4.405405,3.972972,4.702702,Yes
199474,No,b15e2cc2,GYQP,Part Time,4.445455,4.431111,No,1,N36516,001,SBFH,Elective,No,Masters2,2024,Fall,20243,2024-25,3.0,74.0,Prerequisites,Corequisite,70.0,7.0,63.0,0.0,0.0,0.0,71.4300003051758,0.0,No,Building1,"F, S",08:30:00,10.25,13.0,4.34,4.7,4.58,2.94,0.98,4.3,4.42,2.9,3.3,4.06,4.22,4.34,4.08,3.54,4.42,Yes
199475,No,08470d1d,ZQOR,Part Time,3.988235,3.8875,No,1,M20044,001,IGFY,Elective,No,Masters1,2024,Fall,20243,2024-25,3.0,60.0,,,57.0,51.0,1.0,0.0,0.0,5.0,73.2099990844727,11.0,No,Building2,"M,F",14:20:00,3.25,5.0,4.146341,4.487804,4.658536,3.268292,1.0,3.707317,3.707317,3.04878,2.780487,3.731707,4.0,3.926829,3.634146,3.658536,4.121951,Yes
199476,No,6585dd1f,CGCH,Part Time,4.44,4.222222,No,1,X07620,100,KAFN,Elective,No,Masters2,2024,Fall,20243,2024-25,3.0,74.0,,,48.0,0.0,48.0,0.0,0.0,0.0,66.6699981689453,0.0,No,off-campus,"T, W, R, F, S",09:00:00,8.0,6.0,3.84375,3.90625,4.1875,2.59375,0.96875,4.09375,4.375,2.75,2.9375,4.0,4.28125,4.1875,4.03125,3.4375,4.21875,No
199477,No,640ca4b8,ZQOR,Part Time,4.88,4.608333,No,1,X37454,001,IGFY,Elective,No,Masters1,2024,Fall,20243,2024-25,1.5,36.0,,Corequisite,36.0,36.0,0.0,0.0,0.0,0.0,69.4400024414063,37.0,No,Building1,"M,F",14:20:00,3.25,49.0,4.12,4.72,4.52,2.96,1.0,4.6,4.88,3.08,3.0,4.08,4.64,4.68,4.64,4.64,4.72,Yes
199478,No,b15e2cc2,GYQP,Part Time,4.725581,4.669767,No,1,N36516,002,SBFH,Elective,No,Masters2,2024,Fall,20243,2024-25,3.0,74.0,Prerequisites,Corequisite,54.0,21.0,33.0,0.0,0.0,0.0,85.1900024414063,0.0,No,Building1,S,08:30:00,10.25,13.0,4.065217,4.565217,4.521739,3.565217,0.891304,4.652173,4.608695,2.956521,3.260869,4.369565,4.5,4.565217,4.543478,4.260869,4.608695,Yes
199479,No,5df4a6f8,VUFA,Full Time,4.8,4.6,No,1,H10045,100,KAFN,Elective,No,Masters2,2024,Fall,20243,2024-25,3.0,120.0,,,27.0,0.0,27.0,0.0,0.0,0.0,71.4300003051758,0.0,No,off-campus,"T, W, R, F, S",09:00:00,8.0,2.0,4.5,4.8,4.8,2.6,1.0,4.6,4.8,3.1,3.4,4.4,4.6,4.7,4.6,4.25,4.7,No
199480,No,640ca4b8,ZQOR,Part Time,4.791667,4.72,No,1,X37454,002,IGFY,Elective,No,Masters1,2024,Fall,20243,2024-25,1.5,36.0,,Corequisite,30.0,30.0,0.0,0.0,0.0,0.0,83.3300018310547,14.0,No,Building1,"M,F",18:00:00,3.25,49.0,4.16,4.68,4.92,3.44,1.04,4.72,4.6,3.12,3.16,4.16,4.64,4.64,4.52,4.72,4.68,Yes
199481,No,4b0ab014,CGCH,Part Time,4.8,4.823529,No,1,A32763,100,SBFH,Elective,No,Masters2,2024,Fall,20243,2024-25,3.0,33.0,,Corequisite,20.0,1.0,19.0,0.0,0.0,0.0,90.0,0.0,No,Building2,"M,T,W,R,U",09:00:00,8.0,4.0,4.611111,5.0,4.611111,2.555555,1.0,4.555555,4.777777,3.833333,4.333333,4.777777,4.5,4.722222,4.722222,4.722222,4.944444,Yes
199482,No,ddf5f614,ZQOR,Full Time,4.792727,4.792727,No,1,J02280,100,KAFN,Elective,No,Masters2,2024,Fall,20243,2024-25,3.0,100.0,,,75.0,0.0,75.0,0.0,0.0,0.0,74.6699981689453,0.0,No,off-campus,"T, W, R, F, S",09:00:00,8.0,1.0,4.5,4.75,4.553571,2.875,0.982142,4.75,4.75,2.75,3.339285,4.410714,3.946428,4.053571,4.375,3.232142,4.571428,Yes
199483,No,2b86262a,ZQOR,Part Time,4.364706,4.458824,No,1,X37454,005,IGFY,Elective,No,Masters1,2024,Fall,20243,2024-25,1.5,36.0,,Corequisite,33.0,33.0,0.0,0.0,0.0,0.0,62.5,10.0,No,Building1,R,14:20:00,3.25,49.0,4.0,4.75,4.75,3.35,1.0,4.45,4.05,2.95,3.0,4.35,4.65,4.8,4.45,4.45,4.8,Yes
199484,No,2818e5bd,CGCH,Full Time,4.7,4.9,Yes,2,Y23810,100,SBFH,Elective,No,Masters2,2024,Fall,20243,2024-25,3.0,68.0,,Corequisite,15.0,8.0,7.0,0.0,0.0,0.0,66.6699981689453,0.0,Yes,Building2,"M,T,W,R,U",09:00:00,8.0,3.0,4.1,4.9,5.0,2.5,0.9,4.9,4.75,2.8,3.4,4.7,4.8,5.0,4.9,4.9,4.9,Yes
199484,No,f1dc4f75,CGCH,,4.8,4.9,Yes,2,Y23810,100A,SBFH,Elective,No,Masters2,2024,Fall,20243,2024-25,3.0,68.0,,Corequisite,15.0,8.0,7.0,0.0,0.0,0.0,66.6699981689453,0.0,Yes,Building2,"M,T,W,R,U",09:00:00,8.0,3.0,4.1,4.9,5.0,2.5,0.9,4.9,4.75,2.8,3.4,4.7,4.8,5.0,4.9,4.9,4.9,No
199485,No,37d16a3b,KFZN,Full Time,4.806723,4.612174,No,1,L23345,001,KAFN,Elective,No,Masters1,2024,Fall,20243,2024-25,1.5,150.0,,,146.0,143.0,0.0,1.0,0.0,2.0,86.3000030517578,5.0,No,Building2,W,14:20:00,3.25,8.0,4.0,4.674603,4.587301,2.857142,0.984126,4.515873,4.690476,2.865079,3.055555,4.174603,4.468253,4.690476,4.444444,3.79365,4.611111,Yes
199486,No,f8710654,ZQOR,Part Time,4.478261,4.541667,No,1,S30486,001,IGFY,Elective,No,Masters1,2024,Fall,20243,2024-25,3.0,30.0,,,30.0,26.0,3.0,0.0,0.0,1.0,96.6699981689453,5.0,No,Building1,T,14:20:00,3.25,4.0,4.482758,4.827586,4.75862,3.137931,1.034482,4.517241,4.241379,3.172413,3.034482,4.310344,4.620689,4.448275,4.724137,4.517241,4.551724,Yes
199487,No,37d16a3b,KFZN,Full Time,4.821429,4.581132,No,1,L23345,002,KAFN,Elective,No,Masters1,2024,Fall,20243,2024-25,1.5,74.0,,,71.0,70.0,1.0,0.0,0.0,0.0,81.6900024414063,13.0,No,Building1,R,14:20:00,3.25,8.0,4.172413,4.810344,4.603448,3.0,1.0,4.396551,4.655172,3.034482,3.189655,4.293103,4.568965,4.810344,4.603448,3.982758,4.655172,Yes
199488,No,443b55ec,CGCH,Full Time,4.675,4.531034,No,1,O60984,001,SBFH,Elective,No,MSPHD,2024,Fall,20243,2024-25,3.0,50.0,Prerequisites,,45.0,42.0,0.0,2.0,0.0,1.0,75.0,0.0,No,Building1,"T,R",09:00:00,1.5,53.0,4.242424,4.575757,4.454545,3.212121,0.939393,4.515151,4.666666,3.727272,3.878787,4.0,4.393939,4.454545,4.272727,4.0,4.575757,Yes
199490,No,5ae198be,VUFA,Full Time,4.911111,4.911111,Yes,2,W26868,001A,KAFN,Elective,No,Masters1,2024,Fall,20243,2024-25,3.0,40.0,,,35.0,35.0,0.0,0.0,0.0,0.0,80.0,7.0,No,Building2,T,09:00:00,5.0,3.0,4.285714,4.75,4.857142,2.678571,1.0,4.857142,4.892857,3.107142,3.142857,4.392857,4.607142,4.642857,4.607142,4.392857,4.785714,No
199491,No,443b55ec,CGCH,Full Time,4.909091,4.481818,No,1,O60984,002,SBFH,Elective,No,Masters1,2024,Fall,20243,2024-25,3.0,50.0,Prerequisites,,35.0,33.0,0.0,2.0,0.0,0.0,65.7099990844727,0.0,No,Building1,"T,R",10:50:00,1.5,53.0,4.391304,4.913043,4.652173,3.043478,0.956521,4.47826,4.695652,3.73913,3.521739,4.347826,4.565217,4.913043,4.434782,4.47826,5.0,Yes
199492,No,2c7bac1c,ZQOR,Full Time,3.967696,3.803921,Yes,2,K53164,001,IGFY,Elective,No,Masters1,2024,Fall,20243,2024-25,1.5,74.0,,,66.0,64.0,2.0,0.0,0.0,0.0,86.3600006103516,0.0,Yes,Building2,T,14:20:00,3.25,5.0,3.614035,4.631578,4.368421,3.105263,0.964912,3.701754,4.043859,2.964912,2.842105,3.859649,4.298245,4.438596,4.157894,3.754385,4.350877,Yes
199492,No,c5fc3880,VUFA,Part Time,4.545833,3.803921,Yes,2,K53164,001A,IGFY,Elective,No,Masters1,2024,Fall,20243,2024-25,1.5,74.0,,,66.0,64.0,2.0,0.0,0.0,0.0,86.3600006103516,0.0,Yes,Building2,T,14:20:00,3.25,5.0,3.614035,4.631578,4.368421,3.105263,0.964912,3.701754,4.043859,2.964912,2.842105,3.859649,4.298245,4.438596,4.157894,3.754385,4.350877,No
199493,No,35ff4b79,USIE,,4.869565,4.890909,Yes,2,D89296,001A,KAFN,Elective,No,Masters1,2024,Fall,20243,2024-25,3.0,30.0,,,30.0,30.0,0.0,0.0,0.0,0.0,76.6699981689453,21.0,No,Building1,"T,F",12:00:00,5.666666,2.0,4.652173,4.956521,4.956521,2.913043,1.0,4.782608,4.869565,2.826086,3.043478,4.304347,4.782608,4.782608,4.869565,4.782608,4.913043,No
199494,No,55ddf25f,CGCH,Full Time,4.567567,4.635898,No,1,O60984,060,SBFH,Elective,No,Masters1,2024,Fall,20243,2024-25,3.0,60.0,Prerequisites,,54.0,1.0,0.0,53.0,0.0,0.0,79.629997253418,0.0,No,Building1,T,09:00:00,3.25,53.0,4.186046,4.418604,4.465116,3.674418,0.860465,4.418604,4.372093,2.906976,3.116279,4.186046,4.279069,4.255813,4.16279,4.093023,4.395348,Yes
199495,No,254659ca,VUFA,Full Time,4.3,4.44,No,1,S61802,001,KAFN,Elective,No,Masters1,2024,Fall,20243,2024-25,3.0,40.0,,,40.0,40.0,0.0,0.0,0.0,0.0,57.5,11.0,No,Building2,"M,F",10:50:00,1.5,2.0,4.0,4.260869,4.304347,3.260869,1.0,4.434782,4.217391,2.956521,3.086956,3.956521,4.217391,4.304347,4.0,4.173913,4.347826,Yes
199496,No,08470d1d,ZQOR,Part Time,4.306667,4.373333,No,1,P87012,001,IGFY,Elective,No,Masters1,2024,Fall,20243,2024-25,1.5,60.0,,,26.0,25.0,1.0,0.0,0.0,0.0,61.5400009155273,0.0,No,Building2,"M,F",18:00:00,3.25,4.0,4.25,4.75,4.25,3.25,0.9375,4.25,4.1875,3.0,2.5,4.1875,4.4375,4.375,4.0,4.0,4.625,Yes
199497,No,e71ad551,CGCH,Part Time,4.157143,4.020689,No,1,D49006,001,SBFH,Elective,No,Masters1,2024,Fall,20243,2024-25,3.0,100.0,Prerequisites,Corequisite,92.0,77.0,2.0,1.0,0.0,12.0,72.5299987792969,0.0,No,Building2,"M,F",14:20:00,3.25,16.0,4.045454,4.575757,4.469696,3.287878,1.090909,3.878787,3.893939,3.590909,3.363636,3.863636,3.893939,4.151515,3.833333,3.333333,4.196969,Yes
199498,No,9ef39e2b,ZQOR,Part Time,4.580952,4.554545,No,1,K94394,001,IGFY,Elective,No,Masters1,2024,Fall,20243,2024-25,3.0,50.0,Prerequisites,,32.0,30.0,2.0,0.0,0.0,0.0,78.129997253418,0.0,No,Building2,W,10:50:00,1.5,8.0,4.56,4.72,4.68,2.92,0.92,4.36,4.16,3.44,2.88,3.92,3.64,4.16,3.84,3.92,3.72,Yes
199499,No,8c5e8a1c,VUFA,Part Time,4.466667,4.304,No,1,R05332,001,KAFN,Elective,No,Masters1,2024,Fall,20243,2024-25,3.0,30.0,,,30.0,30.0,0.0,0.0,0.0,0.0,86.6699981689453,26.0,No,Building1,"M,F",10:50:00,1.5,1.0,4.076923,4.153846,4.038461,2.615384,0.961538,4.230769,4.423076,3.346153,3.346153,3.730769,4.076923,4.192307,4.0,3.923076,4.153846,Yes
199500,No,55ddf25f,CGCH,Full Time,4.530435,4.603921,No,1,C16573,001,SBFH,Elective,No,Masters1,2024,Fall,20243,2024-25,3.0,74.0,Prerequisites,,63.0,46.0,1.0,10.0,1.0,5.0,88.8899993896484,3.0,No,Building1,"M,W,F",09:00:00,1.5,4.0,4.357142,4.714285,4.5,3.321428,1.035714,4.428571,4.410714,3.035714,3.607142,4.517857,4.285714,4.464285,4.285714,3.946428,4.517857,Yes
199501,No,29cbe0bf,ZQOR,Part Time,4.765385,4.680769,No,1,R33776,001,IGFY,Elective,No,Masters1,2024,Fall,20243,2024-25,3.0,74.0,,,73.0,67.0,6.0,0.0,0.0,0.0,76.7099990844727,48.0,No,Building2,R,18:00:00,3.25,6.0,4.25,4.696428,4.714285,3.25,1.0,4.625,4.660714,2.767857,2.946428,4.267857,4.428571,4.464285,4.446428,4.375,4.553571,Yes
199502,No,76c98501,VQWP,,4.646154,4.494737,No,1,T54607,001,SBFH,Elective,No,Masters1,2024,Fall,20243,2024-25,3.0,74.0,Prerequisites,,63.0,17.0,7.0,11.0,0.0,28.0,65.0800018310547,0.0,No,Building1,T,18:00:00,3.25,4.0,4.02439,4.585365,4.341463,3.341463,1.243902,4.390243,4.585365,3.731707,3.536585,4.292682,4.439024,4.487804,4.487804,4.414634,4.487804,Yes
199504,No,86629cfe,ZQOR,,4.9375,4.9375,No,1,J77644,001,IGFY,Elective,No,Masters1,2024,Fall,20243,2024-25,3.0,18.0,,,19.0,19.0,0.0,0.0,0.0,0.0,84.2099990844727,0.0,No,Building1,M,14:20:00,3.25,8.0,4.8125,4.9375,4.875,3.5,1.0,4.9375,4.9375,3.375,3.5625,4.875,4.4375,4.6875,4.875,4.4375,4.9375,Yes
199505,No,1a3ed13a,CGCH,Part Time,5.0,5.0,Yes,2,R37588,001,SBFH,Elective,No,Masters1,2024,Fall,20243,2024-25,3.0,10.0,Prerequisites,,9.0,9.0,0.0,0.0,0.0,0.0,100.0,0.0,Yes,Building1,W,18:00:00,3.25,1.0,5.0,5.0,5.0,3.75,0.875,5.0,4.6875,4.625,4.0,5.0,5.0,4.875,5.0,5.0,5.0,No
199505,No,a930241d,CGCH,Part Time,5.0,5.0,Yes,2,R37588,001A,SBFH,Elective,No,Masters1,2024,Fall,20243,2024-25,3.0,10.0,Prerequisites,,9.0,9.0,0.0,0.0,0.0,0.0,100.0,0.0,Yes,Building1,W,18:00:00,3.25,1.0,5.0,5.0,5.0,3.75,0.875,5.0,4.6875,4.625,4.0,5.0,5.0,4.875,5.0,5.0,5.0,No
199506,No,96256d7a,CGCH,,4.557895,4.65,No,1,Y86609,001,SBFH,Elective,No,Masters1,2024,Fall,20243,2024-25,1.5,50.0,,Corequisite,22.0,21.0,1.0,0.0,0.0,0.0,90.9100036621094,0.0,No,Building1,T,14:20:00,1.0,7.0,4.5,4.75,4.8,3.4,0.95,4.65,4.55,3.9,3.1,4.4,4.55,4.65,4.55,4.05,4.75,Yes
199507,No,105c9de1,CGCH,Full Time,4.337314,4.22647,No,1,W21733,001,SBFH,Elective,No,Masters1,2024,Fall,20243,2024-25,3.0,125.0,Prerequisites,,108.0,54.0,1.0,19.0,1.0,33.0,69.5199966430664,0.0,No,Building2,R,09:00:00,3.25,5.0,4.178082,4.506849,4.452054,3.438356,1.136986,4.09589,4.205479,3.780821,3.767123,4.09589,3.958904,4.19178,4.123287,4.09589,4.150684,Yes
199508,No,0c45289c,AFQO,,4.466667,4.234783,No,1,A05341,001,SBFH,Elective,No,Masters1,2024,Fall,20243,2024-25,3.0,65.0,,Corequisite,63.0,61.0,1.0,1.0,0.0,0.0,79.370002746582,49.0,No,Building1,R,14:20:00,3.25,18.0,4.2,4.66,4.62,3.34,0.9,4.08,4.4,3.74,3.48,3.92,3.96,3.94,3.58,3.46,4.2,Yes
199509,No,0c45289c,AFQO,,4.594444,4.348718,No,1,A05341,002,SBFH,Elective,No,Masters1,2024,Fall,20243,2024-25,3.0,65.0,,Corequisite,56.0,46.0,10.0,0.0,0.0,0.0,73.2099990844727,15.0,No,Building1,R,18:00:00,3.25,18.0,4.268292,4.609756,4.463414,2.975609,0.975609,4.219512,4.463414,3.853658,3.609756,4.04878,4.219512,4.268292,3.926829,3.951219,4.487804,Yes
199510,No,de03dd37,OGPX,Full Time,4.829787,4.708696,No,1,T42714,001,SBFH,Elective,No,Masters1,2024,Fall,20243,2024-25,3.0,74.0,,Corequisite,55.0,42.0,1.0,3.0,0.0,9.0,85.4499969482422,0.0,No,Building2,"T,R",14:20:00,1.5,23.0,4.361702,4.74468,4.638297,2.829787,1.148936,4.702127,4.829787,3.276595,3.340425,4.319148,4.468085,4.659574,4.574468,4.255319,4.574468,Yes
199511,No,de03dd37,OGPX,Full Time,4.837209,4.711628,No,1,T42714,002,SBFH,Elective,No,Masters1,2024,Fall,20243,2024-25,3.0,74.0,,Corequisite,58.0,44.0,1.0,1.0,0.0,12.0,77.1900024414063,0.0,No,Building2,"T,R",16:10:00,1.5,23.0,4.340909,4.772727,4.772727,3.068181,1.136363,4.704545,4.727272,3.295454,3.181818,4.613636,4.636363,4.727272,4.75,4.454545,4.727272,Yes
199512,No,41a6fdfc,CGCH,Part Time,4.341667,4.168,Yes,2,J65532,001,SBFH,Elective,No,Masters1,2024,Fall,20243,2024-25,3.0,74.0,,Corequisite,41.0,39.0,2.0,0.0,0.0,0.0,65.8499984741211,0.0,Yes,Building1,"M,W,F",18:00:00,1.5,7.0,4.0,4.666666,4.518518,3.407407,0.962962,4.111111,4.185185,3.074074,3.259259,3.74074,4.148148,4.259259,4.222222,3.666666,4.444444,Yes
199512,No,d016794b,CGCH,Part Time,4.328496,4.168,Yes,2,J65532,001A,SBFH,Elective,No,Masters1,2024,Fall,20243,2024-25,3.0,74.0,,Corequisite,41.0,39.0,2.0,0.0,0.0,0.0,65.8499984741211,0.0,Yes,Building1,"M,W,F",18:00:00,1.5,7.0,4.0,4.666666,4.518518,3.407407,0.962962,4.111111,4.185185,3.074074,3.259259,3.74074,4.148148,4.259259,4.222222,3.666666,4.444444,No
199514,No,603803a8,CGCH,Part Time,4.448276,4.035955,No,1,G93788,001,SBFH,Elective,No,Masters1,2024,Fall,20243,2024-25,3.0,135.0,,Corequisite,133.0,131.0,1.0,1.0,0.0,0.0,77.2699966430664,34.0,No,Building2,"M,F",09:00:00,3.25,1.0,3.95098,4.598039,4.607843,3.303921,0.990196,3.892156,4.352941,3.705882,3.117647,3.803921,4.264705,4.470588,4.235294,4.421568,4.666666,Yes
199515,No,133bbb44,CGCH,Part Time,4.844444,4.622222,Yes,2,H12117,001,SBFH,Elective,No,Masters1,2024,Fall,20243,2024-25,1.5,12.0,,,15.0,15.0,0.0,0.0,0.0,0.0,66.6699981689453,0.0,Yes,Building1,W,09:00:00,3.25,1.0,4.5,4.9,4.9,3.4,1.0,4.6,4.8,3.6,3.8,4.5,4.3,4.7,4.6,4.1,4.7,No
199515,No,7d9f1e8d,CGCH,Part Time,4.844444,4.622222,Yes,2,H12117,001A,SBFH,Elective,No,Masters1,2024,Fall,20243,2024-25,1.5,12.0,,,15.0,15.0,0.0,0.0,0.0,0.0,66.6699981689453,0.0,Yes,Building1,W,09:00:00,3.25,1.0,4.5,4.9,4.9,3.4,1.0,4.6,4.8,3.6,3.8,4.5,4.3,4.7,4.6,4.1,4.7,No
199516,Yes,1cc2784d,CGCH,Part Time,4.575,4.45,Yes,2,S63410,001,SBFH,Elective,No,Masters1,2024,Fall,20243,2024-25,3.0,50.0,Prerequisites,,20.0,20.0,0.0,0.0,0.0,0.0,90.0,0.0,Yes,Building1,T,14:20:00,3.25,13.0,4.111111,4.777777,4.722222,3.111111,1.0,4.333333,4.388888,2.611111,3.0,4.388888,4.5,4.666666,4.555555,4.5,4.777777,No
199516,No,af9fe9b8,CGCH,Part Time,4.282222,4.45,Yes,2,S63410,001A,SBFH,Elective,No,Masters1,2024,Fall,20243,2024-25,3.0,50.0,Prerequisites,,20.0,20.0,0.0,0.0,0.0,0.0,90.0,0.0,Yes,Building1,T,14:20:00,3.25,13.0,4.111111,4.777777,4.722222,3.111111,1.0,4.333333,4.388888,2.611111,3.0,4.388888,4.5,4.666666,4.555555,4.5,4.777777,No
199517,No,8933605a,GYQP,Part Time,4.410256,4.345455,No,1,U60062,001,SBFH,Elective,No,Masters1,2024,Fall,20243,2024-25,3.0,74.0,Prerequisites,,67.0,63.0,1.0,3.0,0.0,0.0,68.6600036621094,4.0,No,Building2,W,14:20:00,3.25,12.0,3.956521,4.5,4.543478,3.434782,0.934782,4.260869,4.152173,3.108695,2.891304,4.021739,4.260869,4.304347,4.130434,4.021739,4.434782,Yes
199518,No,852e55cb,CGCH,Part Time,4.777778,4.7,No,1,V13963,001,SBFH,Elective,No,Masters1,2024,Fall,20243,2024-25,3.0,10.0,Prerequisites,,10.0,10.0,0.0,0.0,0.0,0.0,90.0,0.0,No,Building1,"M,F",18:00:00,3.25,25.0,4.666666,5.0,4.888888,4.444444,1.0,4.666666,4.777777,4.444444,3.666666,4.777777,4.555555,4.888888,4.666666,4.555555,4.555555,Yes
199519,No,851a496b,CGCH,Part Time,4.766667,4.266667,Yes,2,V13963,002,SBFH,Elective,No,Masters1,2024,Fall,20243,2024-25,3.0,10.0,Prerequisites,,10.0,10.0,0.0,0.0,0.0,0.0,70.0,0.0,Yes,Building1,R,18:00:00,3.25,25.0,4.142857,3.428571,3.285714,3.571428,1.0,4.0,4.214285,4.571428,3.285714,2.714285,4.428571,4.571428,3.571428,3.714285,3.857142,No
199519,No,4db59a54,CGCH,Part Time,4.322078,4.266667,Yes,2,V13963,002A,SBFH,Elective,No,Masters1,2024,Fall,20243,2024-25,3.0,10.0,Prerequisites,,10.0,10.0,0.0,0.0,0.0,0.0,70.0,0.0,Yes,Building1,R,18:00:00,3.25,25.0,4.142857,3.428571,3.285714,3.571428,1.0,4.0,4.214285,4.571428,3.285714,2.714285,4.428571,4.571428,3.571428,3.714285,3.857142,No
199520,No,0859a977,USIE,Part Time,4.766102,4.667857,No,1,A96256,H02,USIE,Elective,No,Masters1,2024,Fall,20243,2024-25,1.5,74.0,,,73.0,33.0,4.0,36.0,0.0,0.0,84.9300003051758,27.0,No,Building1,R,18:00:00,1.5,8.0,4.080645,4.629032,4.596774,3.080645,1.0,4.451612,4.677419,3.16129,3.290322,4.145161,4.32258,4.451612,4.32258,4.16129,4.290322,Yes
199560,No,35ff4b79,USIE,,4.634146,4.474419,No,1,K89238,060,USIE,Elective,No,Masters1,2024,Fall,20243,2024-25,3.0,67.0,,Corequisite,62.0,14.0,0.0,0.0,0.0,48.0,77.4199981689453,0.0,No,Building1,R,09:00:00,3.25,16.0,4.1875,4.604166,4.5,3.458333,1.645833,4.354166,4.354166,2.895833,2.916666,4.145833,4.354166,4.4375,4.291666,4.145833,4.3125,Yes
199561,No,4df386e8,USIE,Part Time,4.432,4.392857,No,1,A74614,060,USIE,Elective,No,Masters1,2024,Fall,20243,2024-25,1.5,74.0,Prerequisites,,38.0,6.0,0.0,0.0,0.0,32.0,76.3199996948242,0.0,No,Building2,T,09:00:00,3.25,14.0,3.655172,4.172413,4.172413,3.517241,1.551724,4.241379,4.206896,3.586206,3.37931,3.965517,4.275862,4.310344,4.344827,3.931034,4.241379,Yes
199562,No,922768f3,QAHF,Part Time,3.825,3.917647,No,1,Q32632,001,QAHF,Elective,No,Masters2,2024,Fall,20243,2024-25,3.0,74.0,Prerequisites,,23.0,5.0,18.0,0.0,0.0,0.0,78.2600021362305,0.0,No,Building1,S,08:30:00,10.25,12.0,4.166666,4.277777,4.388888,2.888888,1.0,3.888888,3.777777,4.277777,3.555555,4.055555,3.833333,3.888888,3.833333,3.777777,4.388888,Yes
199565,No,993fe747,QAHF,Full Time,4.8,4.8,No,1,R17079,001,QAHF,Elective,No,MSPHD,2024,Fall,20243,2024-25,1.5,20.0,,,6.0,0.0,0.0,0.0,4.0,2.0,83.3300018310547,0.0,No,Building1,M,09:00:00,3.25,2.0,4.2,4.8,4.8,3.4,1.0,4.8,4.8,4.0,3.6,4.8,4.8,4.8,4.8,4.8,4.8,No
199571,No,636e9bdc,NZJO,Full Time,4.85,4.573585,No,1,D09899,001,TRXC,Core,No,Masters1,2024,Fall,20243,2024-25,1.5,74.0,,,61.0,61.0,0.0,0.0,0.0,0.0,95.0800018310547,0.0,No,Building1,"M,W",10:50:00,1.5,49.0,4.034482,4.827586,4.568965,2.87931,1.0,4.465517,4.75862,2.913793,3.155172,4.293103,4.448275,4.586206,4.275862,3.810344,4.465517,Yes
199572,No,636e9bdc,NZJO,Full Time,4.67347,4.430435,No,1,D09899,002,TRXC,Core,No,Masters1,2024,Fall,20243,2024-25,1.5,74.0,,,64.0,62.0,0.0,0.0,0.0,2.0,84.379997253418,0.0,No,Building1,"M,W",16:10:00,1.5,49.0,3.759259,4.74074,4.425925,3.074074,0.981481,4.388888,4.611111,2.851851,3.24074,3.777777,4.277777,4.592592,4.018518,3.796296,4.629629,Yes
199573,No,4f87fd73,NZJO,Full Time,3.9,3.782609,No,1,D09899,003,TRXC,Core,No,Masters1,2024,Fall,20243,2024-25,1.5,74.0,,,66.0,64.0,0.0,0.0,0.0,2.0,84.8499984741211,0.0,No,Building1,"M,W",14:20:00,1.5,49.0,3.553571,4.464285,4.482142,3.232142,1.0,3.678571,3.714285,3.035714,3.232142,3.0,3.732142,3.821428,3.857142,3.517857,3.928571,Yes
199574,No,4f87fd73,NZJO,Full Time,3.842105,3.853571,No,1,D09899,004,TRXC,Core,No,Masters1,2024,Fall,20243,2024-25,1.5,74.0,,,67.0,65.0,0.0,0.0,0.0,2.0,95.5199966430664,0.0,No,Building1,"M,W",10:50:00,1.5,49.0,3.5625,4.5625,4.5625,2.90625,1.03125,3.796875,3.6875,2.765625,3.421875,3.46875,3.625,3.96875,3.828125,3.296875,4.0625,Yes
199575,No,4f87fd73,NZJO,Full Time,3.210119,3.417361,No,1,D09899,005,TRXC,Core,No,Masters1,2024,Fall,20243,2024-25,1.5,74.0,,,65.0,65.0,0.0,0.0,0.0,0.0,93.8499984741211,0.0,No,Building1,"M,W",09:00:00,1.5,49.0,3.475409,3.967213,4.180327,2.721311,0.983606,3.311475,3.196721,2.918032,3.196721,3.016393,3.04918,3.229508,3.180327,2.983606,3.606557,Yes
199576,No,636e9bdc,NZJO,Full Time,4.715789,4.417544,No,1,D09899,006,TRXC,Core,No,Masters1,2024,Fall,20243,2024-25,1.5,74.0,,,64.0,64.0,0.0,0.0,0.0,0.0,93.75,0.0,No,Building1,"M,W",14:20:00,1.5,49.0,3.833333,4.65,4.583333,3.066666,0.966666,4.35,4.7,2.733333,3.216666,4.016666,4.233333,4.55,4.133333,3.683333,4.4,Yes
199577,No,4f87fd73,NZJO,Full Time,2.75668,2.874569,No,1,D09899,007,TRXC,Core,No,Masters1,2024,Fall,20243,2024-25,1.5,74.0,,,65.0,64.0,0.0,0.0,0.0,1.0,89.2300033569336,0.0,No,Building1,"M,W",16:10:00,1.5,49.0,3.310344,3.862068,4.137931,2.568965,0.982758,2.844827,2.724137,2.87931,3.051724,2.706896,2.741379,2.896551,2.896551,2.603448,3.051724,Yes
199578,No,636e9bdc,NZJO,Full Time,4.730159,4.406667,No,1,D09899,008,TRXC,Core,No,Masters1,2024,Fall,20243,2024-25,1.5,74.0,,,66.0,66.0,0.0,0.0,0.0,0.0,96.9700012207031,0.0,No,Building1,"M,W",09:00:00,1.5,49.0,4.078125,4.765625,4.734375,2.921875,1.0,4.40625,4.65625,2.859375,3.25,3.90625,4.34375,4.546875,4.171875,3.625,4.609375,Yes
199579,No,cdc4c1dd,NZJO,Part Time,4.239216,4.022642,No,1,D09899,009,TRXC,Core,No,Masters1,2024,Fall,20243,2024-25,1.5,74.0,,,63.0,62.0,0.0,0.0,0.0,1.0,87.3000030517578,0.0,No,Building1,"M,W",10:50:00,1.5,49.0,3.854545,4.30909,4.436363,2.745454,1.0,3.981818,4.036363,2.945454,3.545454,3.581818,4.181818,4.145454,4.090909,3.672727,4.490909,Yes
199580,No,cdc4c1dd,NZJO,Part Time,4.635087,4.349153,No,1,D09899,010,TRXC,Core,No,Masters1,2024,Fall,20243,2024-25,1.5,74.0,,,68.0,67.0,0.0,0.0,0.0,1.0,89.7099990844727,0.0,No,Building1,"M,W",14:20:00,1.5,49.0,3.950819,4.885245,4.770491,3.016393,1.016393,4.262295,4.475409,2.967213,3.426229,4.065573,4.409836,4.704918,4.442622,4.032786,4.836065,Yes
199581,No,cdc4c1dd,NZJO,Part Time,4.677273,4.404878,No,1,N10091,001,TRXC,Elective,No,Masters1,2024,Fall,20243,2024-25,1.5,74.0,,,60.0,47.0,0.0,13.0,0.0,0.0,78.3300018310547,2.0,No,Building1,"T,R",18:00:00,1.5,1.0,4.170212,4.595744,4.319148,3.212765,1.021276,4.255319,4.595744,3.425531,3.957446,3.978723,4.191489,4.297872,4.234042,4.276595,4.446808,Yes
199582,No,b40ef717,NZJO,Full Time,4.533333,4.1125,No,1,X61537,001,TRXC,Elective,No,MSPHD,2024,Fall,20243,2024-25,1.5,50.0,,,25.0,0.0,0.0,17.0,6.0,2.0,76.0,0.0,No,Building1,"M,W",10:50:00,1.5,4.0,4.631578,4.631578,4.421052,3.631578,1.052631,3.842105,4.421052,3.473684,3.789473,3.631578,4.578947,4.526315,4.473684,4.263157,4.526315,No
199583,No,11a4baed,KFZN,,4.48,4.363636,No,1,L23345,003,KAFN,Elective,No,Masters1,2024,Fall,20243,2024-25,1.5,74.0,,,53.0,20.0,2.0,0.0,0.0,31.0,64.1500015258789,0.0,No,Building2,"M,F",09:00:00,3.25,8.0,3.794117,4.5,4.235294,3.029411,1.5,4.235294,4.411764,3.117647,3.441176,4.088235,4.058823,4.205882,4.205882,4.0,4.411764,Yes
199588,No,022a93bc,USIE,Full Time,4.410909,4.257627,No,1,N10444,001,USIE,Core,No,Masters1,2024,Fall,20243,2024-25,1.5,74.0,Prerequisites,,70.0,70.0,0.0,0.0,0.0,0.0,87.1399993896484,0.0,No,Building1,"T,R",16:10:00,1.5,48.0,3.918032,4.57377,4.639344,2.786885,0.983606,4.213114,4.377049,3.360655,3.688524,3.918032,3.967213,4.393442,3.918032,3.639344,4.377049,Yes
199589,No,022a93bc,USIE,Full Time,4.275862,4.253572,No,1,N10444,002,USIE,Core,No,Masters1,2024,Fall,20243,2024-25,1.5,74.0,Prerequisites,,70.0,69.0,0.0,0.0,0.0,1.0,82.8600006103516,0.0,No,Building1,"T,R",09:00:00,1.5,48.0,4.086206,4.5,4.603448,2.948275,0.913793,4.224137,4.275862,3.362068,3.586206,3.775862,3.913793,3.982758,3.793103,3.448275,4.120689,Yes
199590,No,022a93bc,USIE,Full Time,4.47037,4.423077,No,1,N10444,003,USIE,Core,No,Masters1,2024,Fall,20243,2024-25,1.5,74.0,Prerequisites,,72.0,71.0,0.0,0.0,0.0,1.0,87.5,0.0,No,Building1,"T,R",14:20:00,1.5,48.0,3.95238,4.571428,4.47619,3.174603,1.0,4.301587,4.428571,3.396825,3.682539,3.79365,4.0,4.31746,4.142857,3.888888,4.396825,Yes
199591,No,a6d710c4,USIE,Full Time,4.788235,4.523809,No,1,N10444,004,USIE,Core,No,Masters1,2024,Fall,20243,2024-25,1.5,74.0,Prerequisites,,72.0,72.0,0.0,0.0,0.0,0.0,95.8300018310547,0.0,No,Building1,"M,W",14:20:00,1.5,48.0,4.101449,4.768115,4.623188,2.681159,0.971014,4.449275,4.782608,3.217391,3.57971,4.072463,4.47826,4.666666,4.376811,4.043478,4.565217,Yes
199592,No,1133483b,USIE,Full Time,4.139683,4.048387,No,1,N10444,005,USIE,Core,No,Masters1,2024,Fall,20243,2024-25,1.5,74.0,Prerequisites,,73.0,73.0,0.0,0.0,0.0,0.0,91.7799987792969,0.0,No,Building1,"M,W",14:20:00,1.5,48.0,3.910447,4.462686,4.477611,2.716417,0.970149,3.985074,4.044776,3.283582,3.402985,3.791044,4.02985,4.164179,3.761194,3.537313,4.283582,Yes
199593,No,a6d710c4,USIE,Full Time,4.611111,4.383051,No,1,N10444,006,USIE,Core,No,Masters1,2024,Fall,20243,2024-25,1.5,74.0,Prerequisites,,71.0,71.0,0.0,0.0,0.0,0.0,85.9199981689453,0.0,No,Building1,"M,W",10:50:00,1.5,48.0,3.868852,4.704918,4.62295,2.852459,1.0,4.295081,4.442622,3.360655,3.639344,4.09836,4.196721,4.393442,3.754098,3.52459,4.475409,Yes
199594,No,022a93bc,USIE,Full Time,4.298361,4.290625,No,1,N10444,007,USIE,Core,No,Masters1,2024,Fall,20243,2024-25,1.5,74.0,Prerequisites,,71.0,70.0,0.0,0.0,0.0,1.0,91.5500030517578,0.0,No,Building1,"T,R",10:50:00,1.5,48.0,3.861538,4.507692,4.461538,2.8,0.984615,4.276923,4.138461,3.523076,3.707692,3.830769,3.861538,4.123076,3.846153,3.553846,4.323076,Yes
199595,No,1133483b,USIE,Full Time,3.069995,3.423957,No,1,N10444,008,USIE,Core,No,Masters1,2024,Fall,20243,2024-25,1.5,74.0,Prerequisites,,73.0,73.0,0.0,0.0,0.0,0.0,93.1500015258789,0.0,No,Building1,"M,W",10:50:00,1.5,48.0,3.558823,3.955882,4.264705,2.441176,0.985294,3.352941,2.970588,3.338235,3.411764,3.323529,2.897058,2.882352,2.838235,2.720588,3.544117,Yes
199596,No,a6d710c4,USIE,Full Time,4.763935,4.657627,No,1,N10444,009,USIE,Core,No,Masters1,2024,Fall,20243,2024-25,1.5,74.0,Prerequisites,,71.0,70.0,0.0,0.0,0.0,1.0,87.3199996948242,0.0,No,Building1,"M,W",09:00:00,1.5,48.0,4.016129,4.774193,4.774193,2.903225,0.967741,4.645161,4.758064,3.32258,3.209677,4.387096,4.66129,4.709677,4.516129,4.370967,4.693548,Yes
199597,No,1133483b,USIE,Full Time,3.251754,3.652,No,1,N10444,010,USIE,Core,No,Masters1,2024,Fall,20243,2024-25,1.5,74.0,Prerequisites,,73.0,72.0,0.0,0.0,0.0,1.0,84.9300003051758,0.0,No,Building1,"M,W",16:10:00,1.5,48.0,3.596774,3.919354,4.467741,2.451612,0.951612,3.451612,3.145161,3.145161,3.145161,3.225806,3.241935,3.354838,3.048387,3.16129,3.741935,Yes
199598,No,f3b2a2e4,USIE,Full Time,4.784616,4.725,No,1,A74614,001,USIE,Elective,No,Masters1,2024,Fall,20243,2024-25,1.5,74.0,Prerequisites,,57.0,35.0,0.0,7.0,0.0,15.0,70.1800003051758,16.0,No,Building2,"T,R",16:10:00,1.5,14.0,4.05,4.65,4.625,3.85,1.1,4.725,4.75,3.225,3.4,4.525,4.5,4.7,4.625,4.45,4.675,Yes
199599,No,f499bf33,USIE,Full Time,4.875806,4.584874,No,1,B62622,001,USIE,Elective,No,Masters1,2024,Fall,20243,2024-25,1.5,150.0,,,149.0,149.0,0.0,0.0,0.0,0.0,84.4599990844727,67.0,No,Building2,W,14:20:00,3.25,6.0,4.232,4.792,4.584,3.144,0.968,4.568,4.872,2.68,3.28,4.28,4.624,4.72,4.496,3.976,4.784,Yes
199600,No,a67ffac5,USIE,Part Time,4.35102,4.111111,No,1,C63645,001,USIE,Elective,No,Masters1,2024,Fall,20243,2024-25,1.5,74.0,,,71.0,57.0,0.0,0.0,0.0,14.0,70.8300018310547,27.0,No,Building1,T,09:00:00,3.25,8.0,3.843137,4.392156,4.294117,3.45098,1.117647,3.90196,4.274509,2.882352,2.745098,3.90196,4.235294,4.333333,4.215686,3.90196,4.313725,Yes
199601,No,74314106,USIE,Part Time,4.745454,4.694118,No,1,P92884,002,USIE,Elective,No,Masters1,2024,Fall,20243,2024-25,1.5,74.0,,,42.0,32.0,1.0,9.0,0.0,0.0,83.3300018310547,20.0,No,Building1,T,18:00:00,3.25,10.0,4.057142,4.714285,4.571428,3.085714,1.0,4.685714,4.6,3.571428,3.771428,4.342857,4.457142,4.628571,4.514285,4.257142,4.485714,Yes
199608,No,adadc168,CGCH,Full Time,4.271429,4.271429,No,1,Q96097,001,SBFH,Elective,No,MSPHD,2024,Fall,20243,2024-25,1.5,50.0,,,48.0,0.0,0.0,48.0,0.0,0.0,60.4199981689453,0.0,No,Building2,"M,W",14:20:00,1.5,4.0,3.965517,4.275862,4.241379,3.413793,0.931034,4.241379,4.241379,4.0,3.931034,3.689655,3.724137,3.965517,3.896551,3.75862,3.931034,Yes
199609,No,96256d7a,CGCH,,4.6,4.8,No,1,U24468,001,SBFH,Elective,No,MSPHD,2024,Fall,20243,2024-25,1.5,25.0,,,6.0,0.0,0.0,3.0,3.0,0.0,83.3300018310547,0.0,No,Building1,W,09:00:00,3.25,1.0,4.6,4.6,4.6,2.8,1.2,4.8,4.6,2.8,3.2,4.4,3.8,4.6,4.4,4.6,4.4,No
199615,No,8e31de46,CGCH,Full Time,3.1455,4.02353,No,1,M03972,001,SBFH,Core,No,Masters1,2024,Fall,20243,2024-25,1.5,74.0,Prerequisites,,64.0,64.0,0.0,0.0,0.0,0.0,90.629997253418,0.0,No,Building1,"M,W",14:20:00,1.5,26.0,4.137931,3.896551,4.465517,2.206896,1.0,3.913793,3.017241,3.724137,3.913793,3.689655,2.87931,3.120689,3.155172,2.965517,3.25862,Yes
199616,No,9322b968,CGCH,Full Time,4.064151,4.392727,No,1,M03972,002,SBFH,Core,No,Masters1,2024,Fall,20243,2024-25,1.5,74.0,Prerequisites,,67.0,65.0,0.0,0.0,0.0,2.0,85.0699996948242,0.0,No,Building1,"M,W",10:50:00,1.5,26.0,4.087719,4.614035,4.561403,2.842105,1.0,4.298245,4.0,3.508771,3.280701,3.982456,3.894736,3.929824,4.0,3.350877,4.087719,Yes
199617,No,43f47120,CGCH,Full Time,4.739623,4.670176,No,1,M03972,003,SBFH,Core,No,Masters1,2024,Fall,20243,2024-25,1.5,74.0,Prerequisites,,69.0,67.0,0.0,0.0,0.0,2.0,85.5100021362305,0.0,No,Building1,"M,W",09:00:00,1.5,26.0,3.949152,4.677966,4.627118,3.067796,1.016949,4.661016,4.406779,3.372881,3.305084,4.118644,4.491525,4.694915,4.576271,4.050847,4.694915,Yes
199618,No,9322b968,CGCH,Full Time,3.855556,4.298361,No,1,M03972,004,SBFH,Core,No,Masters1,2024,Fall,20243,2024-25,1.5,74.0,Prerequisites,,69.0,68.0,0.0,0.0,0.0,1.0,91.3000030517578,0.0,No,Building1,"M,W",16:10:00,1.5,26.0,4.0,4.365079,4.47619,2.507936,1.015873,4.253968,3.619047,3.603174,3.507936,3.904761,3.746031,3.95238,3.904761,3.666666,4.190476,Yes
199619,No,8e31de46,CGCH,Full Time,4.389286,4.492308,No,1,M03972,005,SBFH,Core,No,Masters1,2024,Fall,20243,2024-25,1.5,74.0,Prerequisites,,67.0,67.0,0.0,0.0,0.0,0.0,89.5500030517578,0.0,No,Building1,"M,W",10:50:00,1.5,26.0,4.2,4.4,4.333333,2.616666,1.0,4.316666,4.233333,3.65,3.566666,3.933333,4.016666,4.1,4.15,3.766666,4.183333,Yes
199620,No,43f47120,CGCH,Full Time,4.903226,4.762069,No,1,M03972,007,SBFH,Core,No,Masters1,2024,Fall,20243,2024-25,1.5,74.0,Prerequisites,,67.0,65.0,0.0,0.0,0.0,2.0,92.5400009155273,0.0,No,Building1,"M,W",14:20:00,1.5,26.0,4.048387,4.677419,4.629032,2.080645,0.98387,4.596774,4.903225,3.354838,3.193548,4.532258,4.612903,4.709677,4.467741,3.838709,4.758064,Yes
199621,No,9322b968,CGCH,Full Time,4.126667,4.313793,No,1,M03972,008,SBFH,Core,No,Masters1,2024,Fall,20243,2024-25,1.5,74.0,Prerequisites,,67.0,67.0,0.0,0.0,0.0,0.0,91.0400009155273,0.0,No,Building1,"M,W",14:20:00,1.5,26.0,4.311475,4.655737,4.508196,2.885245,1.0,4.180327,4.114754,3.655737,3.311475,4.0,4.114754,4.131147,3.983606,3.786885,4.491803,Yes
199622,No,8e31de46,CGCH,Full Time,4.022642,4.265385,No,1,M03972,009,SBFH,Core,No,Masters1,2024,Fall,20243,2024-25,1.5,74.0,Prerequisites,,66.0,65.0,0.0,0.0,0.0,1.0,83.3300018310547,0.0,No,Building1,"M,W",16:10:00,1.5,26.0,4.290909,4.545454,4.727272,2.763636,0.981818,4.218181,3.963636,3.654545,3.472727,3.945454,3.90909,3.70909,3.981818,3.763636,4.090909,Yes
199624,No,43f47120,CGCH,Full Time,4.857143,4.706897,No,1,M03972,010,SBFH,Core,No,Masters1,2024,Fall,20243,2024-25,1.5,74.0,Prerequisites,,68.0,67.0,0.0,0.0,0.0,1.0,92.6500015258789,0.0,No,Building1,"M,W",10:50:00,1.5,26.0,3.95238,4.650793,4.492063,2.492063,1.0,4.650793,4.857142,3.253968,3.190476,4.095238,4.555555,4.698412,4.333333,4.031746,4.539682,Yes
199625,Yes,68eb41e4,CGCH,Part Time,4.567347,4.247059,Yes,2,J30713,001,SBFH,Elective,No,Masters1,2024,Fall,20243,2024-25,1.5,74.0,,Corequisite,68.0,58.0,9.0,1.0,0.0,0.0,79.0999984741211,16.0,Yes,Building1,W,18:00:00,3.25,7.0,3.943396,4.490566,4.45283,3.415094,0.924528,4.150943,4.207547,3.150943,3.018867,3.924528,4.471698,4.528301,4.433962,4.132075,4.566037,Yes
199625,No,96256d7a,CGCH,,4.07368,4.247059,Yes,2,J30713,001A,SBFH,Elective,No,Masters1,2024,Fall,20243,2024-25,1.5,74.0,,Corequisite,68.0,58.0,9.0,1.0,0.0,0.0,79.0999984741211,16.0,Yes,Building1,W,18:00:00,3.25,7.0,3.943396,4.490566,4.45283,3.415094,0.924528,4.150943,4.207547,3.150943,3.018867,3.924528,4.471698,4.528301,4.433962,4.132075,4.566037,No
199627,No,aed1b34a,CGCH,Part Time,4.516,4.388889,No,1,U34467,001,SBFH,Elective,No,Masters1,2024,Fall,20243,2024-25,1.5,74.0,,Corequisite,69.0,68.0,1.0,0.0,0.0,0.0,78.2600021362305,50.0,No,Building2,W,09:00:00,3.25,4.0,4.018518,4.537037,4.518518,3.092592,0.962962,4.388888,4.425925,3.111111,3.425925,4.37037,4.425925,4.537037,4.555555,3.888888,4.555555,Yes
199628,No,37d16a3b,KFZN,Full Time,4.907407,4.679245,No,1,D88906,001,SBFH,Elective,No,Masters1,2024,Fall,20243,2024-25,1.5,74.0,Prerequisites,Corequisite,75.0,73.0,2.0,0.0,0.0,0.0,72.0,59.0,No,Building2,W,14:20:00,3.25,9.0,4.388888,4.814814,4.888888,3.537037,1.0,4.592592,4.907407,2.907407,3.111111,4.24074,4.574074,4.703703,4.537037,4.111111,4.629629,Yes
199629,No,b61ad7be,CGCH,Part Time,4.790698,4.711628,Yes,2,Q59881,001,SBFH,Elective,No,Masters1,2024,Fall,20243,2024-25,1.5,50.0,,Corequisite,49.0,44.0,2.0,3.0,0.0,0.0,89.8000030517578,43.0,Yes,Building1,T,18:00:00,3.25,6.0,4.318181,4.636363,4.636363,3.477272,0.931818,4.704545,4.670454,3.386363,3.431818,4.227272,4.431818,4.5,4.431818,4.5,4.5,Yes
199629,No,d1fa7a5e,CGCH,Part Time,4.880952,4.711628,Yes,2,Q59881,001A,SBFH,Elective,No,Masters1,2024,Fall,20243,2024-25,1.5,50.0,,Corequisite,49.0,44.0,2.0,3.0,0.0,0.0,89.8000030517578,43.0,Yes,Building1,T,18:00:00,3.25,6.0,4.318181,4.636363,4.636363,3.477272,0.931818,4.704545,4.670454,3.386363,3.431818,4.227272,4.431818,4.5,4.431818,4.5,4.5,No
199630,No,1cd5d0b8,CGCH,Part Time,4.283333,4.2625,No,1,R96472,003,SBFH,Elective,No,Masters1,2024,Fall,20243,2024-25,1.5,60.0,,Corequisite,59.0,58.0,1.0,0.0,0.0,0.0,85.9599990844727,34.0,No,Building1,R,14:20:00,3.25,27.0,3.979591,4.387755,4.408163,2.938775,1.0,4.244897,4.265306,3.040816,3.061224,3.938775,4.224489,4.32653,4.142857,4.183673,4.306122,Yes
199631,No,2f803d7c,CGCH,,4.626316,4.441026,No,1,U17466,001,SBFH,Elective,No,Masters1,2024,Fall,20243,2024-25,1.5,74.0,Prerequisites,,56.0,49.0,6.0,1.0,0.0,0.0,74.5500030517578,0.0,No,Building2,T,18:00:00,3.25,7.0,4.292682,4.682926,4.268292,3.170731,0.975609,4.439024,4.609756,3.317073,3.756097,4.390243,4.268292,4.585365,4.463414,4.09756,4.634146,Yes
199633,No,f0cd87f0,QJJF,Part Time,3.905263,4.05641,No,1,B02066,001,SBFH,Elective,No,Masters1,2024,Fall,20243,2024-25,1.5,74.0,,Corequisite,65.0,61.0,3.0,1.0,0.0,0.0,74.5999984741211,12.0,No,Building1,M,18:00:00,3.25,4.0,4.170212,4.361702,4.404255,3.042553,0.957446,3.829787,3.723404,3.106382,3.340425,3.595744,3.468085,3.574468,3.531914,3.255319,3.702127,Yes
199634,No,9322b968,CGCH,Full Time,4.133333,4.371428,No,1,T56321,001,SBFH,Elective,No,MSPHD,2024,Fall,20243,2024-25,1.5,25.0,,,11.0,0.0,0.0,1.0,10.0,0.0,72.7300033569336,0.0,No,Building1,M,16:00:00,3.0,8.0,3.0,3.375,3.375,2.75,1.0,4.0,3.5,0.875,1.5,1.5,1.875,2.125,2.125,2.125,2.25,No
199642,No,a5a0fa6c,ZQOR,Full Time,4.339394,4.229851,No,1,W99571,001,IGFY,Core,No,Masters1,2024,Fall,20243,2024-25,1.5,74.0,,,71.0,71.0,0.0,0.0,0.0,0.0,97.2600021362305,0.0,No,Building1,"M,T,W,R,F",09:00:00,3.25,47.0,4.056338,4.802816,4.774647,3.436619,1.0,4.169014,4.197183,3.591549,3.591549,4.098591,4.197183,4.478873,4.042253,3.140845,4.619718,Yes
199643,No,a5a0fa6c,ZQOR,Full Time,4.098413,4.065625,No,1,W99571,002,IGFY,Core,No,Masters1,2024,Fall,20243,2024-25,1.5,74.0,,,71.0,71.0,0.0,0.0,0.0,0.0,91.6699981689453,0.0,No,Building1,"M,T,W,R,F",14:00:00,3.583333,47.0,3.954545,4.80303,4.681818,3.212121,1.0,4.045454,4.015151,3.5,3.469696,3.80303,4.136363,4.151515,3.757575,3.227272,4.363636,Yes
199644,No,a8a5288b,ZQOR,Full Time,4.938028,4.847761,No,1,W99571,003,IGFY,Core,No,Masters1,2024,Fall,20243,2024-25,1.5,74.0,,,74.0,74.0,0.0,0.0,0.0,0.0,97.3000030517578,0.0,No,Building1,"M,T,W,R,F",09:00:00,3.25,47.0,4.263888,4.888888,4.791666,3.388888,1.0,4.638888,4.902777,3.583333,3.972222,4.694444,4.694444,4.861111,4.777777,4.125,4.652777,Yes
199645,No,a8a5288b,ZQOR,Full Time,4.950725,4.727536,No,1,W99571,004,IGFY,Core,No,Masters1,2024,Fall,20243,2024-25,1.5,74.0,,,74.0,74.0,0.0,0.0,0.0,0.0,95.9499969482422,0.0,No,Building1,"M,T,W,R,F",14:20:00,2.916666,47.0,4.478873,4.915492,4.929577,3.12676,1.0,4.718309,4.873239,3.605633,3.985915,4.647887,4.718309,4.760563,4.788732,4.211267,4.915492,Yes
199646,No,39c0cb52,ZQOR,Part Time,4.878378,4.564706,No,1,W99571,005,IGFY,Core,No,Masters1,2024,Fall,20243,2024-25,1.5,74.0,,,75.0,75.0,0.0,0.0,0.0,0.0,98.6699981689453,0.0,No,Building1,"M,T,W,R,F",09:00:00,3.25,47.0,4.324324,4.824324,4.689189,2.864864,1.0,4.418918,4.878378,3.729729,3.81081,4.351351,4.54054,4.77027,4.472972,3.716216,4.716216,Yes
199647,No,39c0cb52,ZQOR,Part Time,4.744828,4.37,No,1,W99571,006,IGFY,Core,No,Masters1,2024,Fall,20243,2024-25,1.5,74.0,,,75.0,75.0,0.0,0.0,0.0,0.0,82.6699981689453,0.0,No,Building1,"M,T,W,R,F",14:00:00,3.25,47.0,4.064516,4.806451,4.677419,3.112903,1.0,4.338709,4.580645,3.48387,3.5,4.129032,4.290322,4.435483,4.274193,3.241935,4.612903,Yes
199648,No,d196f345,ZQOR,Full Time,4.887324,4.719403,No,1,W99571,007,IGFY,Core,No,Masters1,2024,Fall,20243,2024-25,1.5,74.0,,,71.0,71.0,0.0,0.0,0.0,0.0,98.6100006103516,0.0,No,Building1,"M,T,W,R,F",09:00:00,3.25,47.0,4.295774,4.859154,4.507042,3.0,1.0,4.577464,4.887323,3.549295,3.760563,4.323943,4.605633,4.901408,4.492957,3.577464,4.661971,Yes
199649,No,d196f345,ZQOR,Full Time,4.91831,4.634783,No,1,W99571,008,IGFY,Core,No,Masters1,2024,Fall,20243,2024-25,1.5,74.0,,,74.0,74.0,0.0,0.0,0.0,0.0,97.370002746582,0.0,No,Building1,"M,T,W,R,F",14:00:00,3.25,47.0,4.351351,4.851351,4.702702,2.878378,0.986486,4.472972,4.81081,3.567567,3.905405,4.418918,4.567567,4.783783,4.608108,3.689189,4.675675,Yes
199650,No,f8fd0ba8,ZQOR,Full Time,4.53125,4.354546,No,1,W99571,009,IGFY,Core,No,Masters1,2024,Fall,20243,2024-25,1.5,74.0,,,72.0,72.0,0.0,0.0,0.0,0.0,100.0,0.0,No,Building1,"M,T,W,R,F",09:00:00,3.25,47.0,4.111111,4.819444,4.541666,3.055555,1.013888,4.138888,4.291666,3.652777,3.722222,4.166666,4.097222,4.333333,3.902777,3.138888,4.388888,Yes
199651,No,f8fd0ba8,ZQOR,Full Time,4.772222,4.579412,No,1,W99571,010,IGFY,Core,No,Masters1,2024,Fall,20243,2024-25,1.5,74.0,,,76.0,76.0,0.0,0.0,0.0,0.0,97.370002746582,0.0,No,Building1,"M,T,W,R,F",14:00:00,3.25,47.0,4.31081,4.824324,4.702702,3.283783,1.0,4.445945,4.702702,3.716216,3.81081,4.202702,4.081081,4.662162,4.216216,3.364864,4.648648,Yes
199652,No,86629cfe,ZQOR,,4.918519,4.762963,No,1,Z43549,001,IGFY,Elective,No,Masters1,2024,Fall,20243,2024-25,1.5,68.0,,,72.0,72.0,0.0,0.0,0.0,0.0,77.7799987792969,101.0,No,Building2,"T,R",10:50:00,1.5,19.0,4.482142,4.875,4.696428,3.553571,0.982142,4.732142,4.821428,3.803571,3.678571,4.696428,4.767857,4.875,4.875,4.589285,4.785714,Yes
199653,No,86629cfe,ZQOR,,4.808333,4.689362,No,1,Z43549,002,IGFY,Elective,No,Masters1,2024,Fall,20243,2024-25,1.5,68.0,,,69.0,69.0,0.0,0.0,0.0,0.0,76.4700012207031,89.0,No,Building2,"T,R",14:20:00,1.5,19.0,4.653846,4.788461,4.826923,3.384615,0.961538,4.538461,4.673076,3.76923,3.480769,4.557692,4.557692,4.653846,4.461538,4.288461,4.557692,Yes
199654,No,4af6b1ba,ZQOR,Part Time,4.865455,4.785455,Yes,2,S08097,001,IGFY,Elective,No,Masters1,2024,Fall,20243,2024-25,1.5,74.0,,,74.0,72.0,2.0,0.0,0.0,0.0,77.0299987792969,112.0,Yes,Building2,R,09:00:00,3.25,5.0,4.333333,4.736842,4.719298,3.210526,0.964912,4.736842,4.675438,3.315789,3.245614,4.438596,4.614035,4.68421,4.701754,4.333333,4.666666,Yes
199654,No,d46a33db,,,4.826289,4.785455,Yes,2,S08097,001A,IGFY,Elective,No,Masters1,2024,Fall,20243,2024-25,1.5,74.0,,,74.0,72.0,2.0,0.0,0.0,0.0,77.0299987792969,112.0,Yes,Building2,R,09:00:00,3.25,5.0,4.333333,4.736842,4.719298,3.210526,0.964912,4.736842,4.675438,3.315789,3.245614,4.438596,4.614035,4.68421,4.701754,4.333333,4.666666,No
199655,No,640ca4b8,ZQOR,Part Time,4.837037,4.776923,No,1,X37454,003,IGFY,Elective,No,Masters1,2024,Fall,20243,2024-25,1.5,36.0,,Corequisite,34.0,34.0,0.0,0.0,0.0,0.0,82.3499984741211,36.0,No,Building1,M,14:20:00,3.25,49.0,4.214285,4.75,4.785714,3.464285,0.928571,4.75,4.821428,2.964285,3.035714,4.071428,4.285714,4.464285,4.321428,4.5,4.392857,Yes
199656,No,640ca4b8,ZQOR,Part Time,4.56,4.361905,No,1,X37454,004,IGFY,Elective,No,Masters1,2024,Fall,20243,2024-25,1.5,36.0,,Corequisite,30.0,30.0,0.0,0.0,0.0,0.0,73.3300018310547,26.0,No,Building1,M,18:00:00,3.25,49.0,4.045454,4.590909,4.136363,3.272727,0.863636,4.318181,4.545454,3.0,2.954545,4.181818,4.5,4.5,4.363636,4.5,4.363636,Yes
199657,No,4a824882,ZQOR,Part Time,4.546667,4.23,Yes,2,T61937,001,IGFY,Elective,No,Masters1,2024,Fall,20243,2024-25,1.5,74.0,,,54.0,54.0,0.0,0.0,0.0,0.0,81.129997253418,12.0,Yes,Building2,"T,R",09:00:00,1.5,6.0,3.953488,4.558139,4.581395,3.279069,0.976744,4.069767,4.418604,2.88372,2.976744,4.093023,4.302325,4.348837,4.302325,4.023255,4.395348,Yes
199657,No,ddf5f614,ZQOR,Full Time,4.642105,4.23,Yes,2,T61937,001A,IGFY,Elective,No,Masters1,2024,Fall,20243,2024-25,1.5,74.0,,,54.0,54.0,0.0,0.0,0.0,0.0,81.129997253418,12.0,Yes,Building2,"T,R",09:00:00,1.5,6.0,3.953488,4.558139,4.581395,3.279069,0.976744,4.069767,4.418604,2.88372,2.976744,4.093023,4.302325,4.348837,4.302325,4.023255,4.395348,No
199659,No,ce03109b,VUFA,Part Time,4.443137,4.174545,No,1,B55819,001,WIRK,Core,No,Masters1,2024,Fall,20243,2024-25,1.5,74.0,,,65.0,65.0,0.0,0.0,0.0,0.0,87.6900024414063,0.0,No,Building1,"T,R",09:00:00,1.5,49.0,3.842105,4.666666,4.543859,2.736842,0.982456,4.087719,4.438596,3.070175,3.122807,3.982456,4.350877,4.45614,4.368421,3.824561,4.631578,Yes
199660,No,098d2f12,VUFA,Full Time,4.321429,4.021818,No,1,B55819,002,WIRK,Core,No,Masters1,2024,Fall,20243,2024-25,1.5,74.0,,,64.0,63.0,0.0,0.0,0.0,1.0,90.629997253418,0.0,No,Building1,"M,W",14:20:00,1.5,49.0,3.775862,4.551724,4.482758,3.017241,0.965517,3.931034,4.172413,3.103448,2.982758,3.672413,4.241379,4.189655,4.051724,3.724137,4.344827,Yes
199661,No,098d2f12,VUFA,Full Time,4.876596,4.508696,No,1,B55819,003,WIRK,Core,No,Masters1,2024,Fall,20243,2024-25,1.5,74.0,,,66.0,65.0,0.0,0.0,0.0,1.0,75.7600021362305,0.0,No,Building1,"M,W",16:10:00,1.5,49.0,4.2,4.62,4.5,3.36,0.98,4.5,4.76,3.24,3.32,4.06,4.54,4.74,4.5,4.34,4.6,Yes
199662,No,354eb1c6,VUFA,Full Time,3.696154,3.499125,No,1,B55819,004,WIRK,Core,No,Masters1,2024,Fall,20243,2024-25,1.5,74.0,,,67.0,66.0,0.0,0.0,0.0,1.0,95.5199966430664,0.0,No,Building1,"T,R",14:20:00,1.5,49.0,3.609375,4.234375,4.515625,2.65625,0.96875,3.46875,3.625,2.9375,2.96875,3.46875,3.796875,3.703125,3.71875,3.46875,4.09375,Yes
199663,No,354eb1c6,VUFA,Full Time,3.36,3.288511,No,1,B55819,006,WIRK,Core,No,Masters1,2024,Fall,20243,2024-25,1.5,74.0,,,66.0,66.0,0.0,0.0,0.0,0.0,77.2699966430664,0.0,No,Building1,"T,R",16:10:00,1.5,49.0,3.411764,4.215686,4.45098,2.588235,0.941176,3.215686,3.294117,3.039215,2.980392,3.294117,3.490196,3.352941,3.117647,2.921568,3.666666,Yes
199664,No,098d2f12,VUFA,Full Time,4.458824,4.133333,No,1,B55819,007,WIRK,Core,No,Masters1,2024,Fall,20243,2024-25,1.5,74.0,,,66.0,64.0,0.0,0.0,0.0,2.0,87.879997253418,0.0,No,Building1,"M,W",10:50:00,1.5,49.0,3.827586,4.482758,4.568965,3.120689,1.034482,4.086206,4.172413,3.189655,3.155172,3.982758,4.344827,4.431034,4.362068,3.948275,4.413793,Yes
199665,No,354eb1c6,VUFA,Full Time,3.589037,3.743478,No,1,B55819,010,WIRK,Core,No,Masters1,2024,Fall,20243,2024-25,1.5,74.0,,,67.0,67.0,0.0,0.0,0.0,0.0,83.5800018310547,0.0,No,Building1,"T,R",10:50:00,1.5,49.0,3.535714,4.321428,4.285714,2.732142,0.946428,3.482142,3.25,2.857142,2.875,3.267857,3.625,3.678571,3.607142,3.232142,3.857142,Yes
199666,No,d7aa90c3,VUFA,Part Time,3.772926,3.853061,Yes,2,P41936,001,WIRK,Elective,No,Masters1,2024,Fall,20243,2024-25,1.5,74.0,,,68.0,52.0,3.0,0.0,0.0,13.0,85.2900009155273,12.0,Yes,Building1,M,18:00:00,3.25,2.0,3.827586,4.37931,4.344827,3.310344,1.172413,3.655172,3.948275,2.827586,2.793103,3.568965,4.241379,4.37931,4.206896,3.87931,4.327586,Yes
199666,No,393e8c68,VUFA,Part Time,4.396429,3.853061,Yes,2,P41936,001A,WIRK,Elective,No,Masters1,2024,Fall,20243,2024-25,1.5,74.0,,,68.0,52.0,3.0,0.0,0.0,13.0,85.2900009155273,12.0,Yes,Building1,M,18:00:00,3.25,2.0,3.827586,4.37931,4.344827,3.310344,1.172413,3.655172,3.948275,2.827586,2.793103,3.568965,4.241379,4.37931,4.206896,3.87931,4.327586,No
199667,No,c5fc3880,VUFA,Part Time,4.658659,4.489796,Yes,2,Z49998,001,WIRK,Elective,No,Masters1,2024,Fall,20243,2024-25,1.5,60.0,,,57.0,55.0,1.0,1.0,0.0,0.0,94.7399978637695,40.0,Yes,Building1,M,14:20:00,3.25,8.0,4.203703,4.648148,4.537037,3.796296,0.944444,4.444444,4.574074,3.444444,3.24074,4.351851,4.629629,4.74074,4.666666,4.703703,4.648148,Yes
199667,No,66547dc9,VUFA,Part Time,4.74902,4.489796,Yes,2,Z49998,001A,WIRK,Elective,No,Masters1,2024,Fall,20243,2024-25,1.5,60.0,,,57.0,55.0,1.0,1.0,0.0,0.0,94.7399978637695,40.0,Yes,Building1,M,14:20:00,3.25,8.0,4.203703,4.648148,4.537037,3.796296,0.944444,4.444444,4.574074,3.444444,3.24074,4.351851,4.629629,4.74074,4.666666,4.703703,4.648148,No
199668,No,132c085c,VUFA,Part Time,4.608,4.53913,No,1,F94903,001,WIRK,Elective,No,Masters1,2024,Fall,20243,2024-25,1.5,30.0,,,30.0,30.0,0.0,0.0,0.0,0.0,90.0,85.0,No,Building1,M,14:20:00,3.25,6.0,4.37037,4.814814,4.555555,3.185185,0.962962,4.518518,4.518518,3.925925,3.481481,4.074074,4.185185,4.407407,4.222222,4.555555,4.481481,Yes
199669,No,2f471e27,VUFA,Part Time,4.810526,4.483019,No,1,O79370,001,WIRK,Elective,No,Masters1,2024,Fall,20243,2024-25,1.5,74.0,,,70.0,61.0,0.0,0.0,0.0,9.0,84.2900009155273,34.0,No,Building2,M,14:20:00,3.25,8.0,4.101694,4.779661,4.728813,3.355932,1.084745,4.457627,4.762711,2.38983,2.79661,4.372881,4.711864,4.813559,4.728813,4.38983,4.762711,Yes
199670,No,5df4a6f8,VUFA,Full Time,4.268421,4.122222,No,1,Q70505,001,WIRK,Elective,No,Masters1,2024,Fall,20243,2024-25,1.5,74.0,,,55.0,45.0,2.0,8.0,0.0,0.0,74.0699996948242,25.0,No,Building1,W,18:00:00,3.25,12.0,3.925,4.5,4.375,3.425,0.95,4.025,4.2,3.1,3.15,3.825,4.325,4.425,4.25,4.1,4.375,Yes
199671,No,3949797c,VUFA,Full Time,4.2,4.223256,No,1,O14556,060,WIRK,Elective,No,MSPHD,2024,Fall,20243,2024-25,1.5,74.0,,,56.0,2.0,0.0,53.0,1.0,0.0,78.5699996948242,0.0,No,Building2,M,14:20:00,3.25,4.0,4.204545,4.545454,4.5,3.15909,0.977272,4.181818,3.931818,3.431818,3.431818,3.590909,3.977272,4.022727,3.772727,4.136363,4.204545,Yes
199674,No,a45e264b,VUFA,Part Time,4.272414,4.168965,No,1,M36656,001,WIRK,Elective,No,Masters1,2024,Fall,20243,2024-25,1.5,74.0,,,73.0,70.0,3.0,0.0,0.0,0.0,83.5599975585938,33.0,No,Building1,M,18:00:00,3.25,3.0,4.032786,4.540983,4.377049,2.983606,0.950819,4.114754,4.213114,2.721311,3.245901,3.950819,4.114754,4.14754,4.09836,3.590163,4.327868,Yes
199677,No,fc587e86,VUFA,Part Time,4.689286,4.426923,No,1,S54133,001,WIRK,Elective,No,Masters1,2024,Fall,20243,2024-25,1.5,74.0,,,74.0,72.0,2.0,0.0,0.0,0.0,79.7300033569336,54.0,No,Building2,M,18:00:00,3.25,4.0,4.322033,4.694915,4.627118,3.728813,0.949152,4.423728,4.508474,2.423728,3.016949,4.271186,4.372881,4.525423,4.355932,4.084745,4.474576,Yes
199679,No,d46569f3,VUFA,Part Time,4.312727,4.207843,No,1,X51899,001,WIRK,Elective,No,Masters1,2024,Fall,20243,2024-25,1.5,74.0,,,71.0,42.0,4.0,0.0,0.0,25.0,80.2799987792969,5.0,No,Building1,W,18:00:00,3.25,3.0,3.947368,4.315789,4.614035,3.035087,1.280701,4.052631,4.245614,2.947368,3.298245,3.929824,3.91228,4.087719,4.157894,4.0,4.175438,Yes
199680,No,ce03109b,VUFA,Part Time,4.173333,4.273913,No,1,U60678,001,WIRK,Elective,No,MSPHD,2024,Fall,20243,2024-25,1.5,74.0,,,64.0,0.0,0.0,64.0,0.0,0.0,76.1900024414063,0.0,No,Building2,"M, T, W, R, R, F",09:00:00,8.25,4.0,4.604166,4.6875,4.666666,3.333333,1.0,4.166666,4.125,4.229166,4.270833,4.145833,3.854166,4.0625,4.0,4.020833,4.208333,Yes
199682,No,24db2b70,VUFA,Part Time,4.379592,4.465306,No,1,B29160,001,WIRK,Elective,No,MSPHD,2024,Fall,20243,2024-25,1.5,74.0,,,65.0,1.0,0.0,64.0,0.0,0.0,80.0,0.0,No,Building2,"M, T, W, R, R, F",09:00:00,3.25,2.0,4.26923,4.557692,4.51923,2.980769,1.0,4.461538,4.173076,3.730769,4.442307,4.115384,3.557692,4.211538,3.846153,3.846153,4.076923,Yes
199996,Yes,78a33cd1,CGCH,Part Time,4.645454,4.542857,No,1,O60984,003,SBFH,Elective,No,MSPHD,2024,Fall,20243,2024-25,3.0,50.0,Prerequisites,,36.0,13.0,1.0,1.0,0.0,21.0,69.4400024414063,0.0,No,Building1,"T,R,F",12:30:00,7.0,53.0,4.2,4.44,4.16,2.8,1.52,4.36,4.32,3.44,3.44,4.2,4.48,4.48,4.36,4.36,4.56,Yes
200032,Yes,6e5c2fb8,USIE,Part Time,3.080147,3.029412,No,1,I27562,001,USIE,Elective,No,MSPHD,2024,Fall,20243,2024-25,3.0,74.0,,,49.0,0.0,0.0,44.0,1.0,4.0,83.6699981689453,0.0,No,Building1,F,09:00:00,3.25,4.0,3.756097,3.951219,3.975609,3.170731,1.07317,2.926829,2.951219,3.317073,2.926829,2.975609,3.195121,3.390243,2.926829,3.658536,3.560975,Yes
200033,Yes,6e5c2fb8,USIE,Part Time,3.672632,3.497,No,1,I27562,002,USIE,Elective,No,MSPHD,2024,Fall,20243,2024-25,3.0,74.0,,,57.0,0.0,0.0,56.0,1.0,0.0,87.7200012207031,0.0,No,Building1,F,14:20:00,6.916666,4.0,4.14,4.32,4.4,3.06,0.98,3.46,3.56,3.8,3.22,3.24,4.0,3.94,3.74,3.94,4.02,Yes
200172,Yes,4c95a9ab,CGCH,Part Time,4.933333,4.833333,No,1,X71499,001,SBFH,Elective,No,Masters2,2024,Fall,20243,2024-25,1.5,60.0,Prerequisites,,36.0,2.0,34.0,0.0,0.0,0.0,83.3300018310547,0.0,No,Building1,"F, S",08:30:00,10.25,6.0,4.266666,4.566666,4.433333,3.066666,0.966666,4.833333,4.933333,3.666666,3.733333,4.4,4.5,4.533333,4.5,4.366666,4.7,Yes
200266,Yes,4c95a9ab,CGCH,Part Time,4.87234,4.817391,No,1,O59709,001,SBFH,Elective,No,Masters1,2024,Fall,20243,2024-25,1.5,60.0,Prerequisites,,58.0,58.0,0.0,0.0,0.0,0.0,81.0299987792969,38.0,No,Building2,"T,R",10:50:00,1.5,53.0,4.446808,4.723404,4.702127,3.595744,0.957446,4.80851,4.87234,3.489361,3.446808,4.276595,4.446808,4.553191,4.531914,4.553191,4.574468,Yes
200393,Yes,42b450d9,CGCH,Part Time,4.766667,4.733333,No,1,Q82729,001,SBFH,Elective,No,Masters1,2024,Fall,20243,2024-25,1.5,50.0,,Corequisite,48.0,43.0,4.0,1.0,0.0,0.0,62.5,4.0,No,Building1,W,18:00:00,3.25,6.0,4.466666,4.766666,4.633333,3.333333,1.0,4.733333,4.766666,3.066666,3.4,4.466666,4.566666,4.7,4.666666,4.1,4.666666,Yes
200394,Yes,c41b9175,NZJO,Part Time,4.456,4.206897,No,1,Z90638,001,TRXC,Elective,No,Masters1,2024,Fall,20243,2024-25,1.5,50.0,,,39.0,38.0,1.0,0.0,0.0,0.0,76.3199996948242,17.0,No,Building1,W,18:00:00,3.25,4.0,3.931034,4.655172,4.517241,2.413793,0.965517,4.206896,4.448275,3.103448,3.310344,4.172413,4.275862,4.517241,4.172413,4.482758,4.655172,No
200483,Yes,1a8f5631,CGCH,Part Time,4.573913,4.486957,Yes,2,J08865,001,SBFH,Elective,No,Masters1,2024,Fall,20243,2024-25,1.5,50.0,Prerequisites,,30.0,28.0,2.0,0.0,0.0,0.0,83.3300018310547,20.0,Yes,Building1,T,18:00:00,3.25,28.0,4.36,4.52,4.72,3.64,0.92,4.4,4.48,3.4,3.24,4.08,4.4,4.56,4.36,4.12,4.6,Yes
200483,Yes,cdbf9593,,Part Time,4.453333,4.486957,Yes,2,J08865,001A,SBFH,Elective,No,Masters1,2024,Fall,20243,2024-25,1.5,50.0,Prerequisites,,30.0,28.0,2.0,0.0,0.0,0.0,83.3300018310547,20.0,Yes,Building1,T,18:00:00,3.25,28.0,4.36,4.52,4.72,3.64,0.92,4.4,4.48,3.4,3.24,4.08,4.4,4.56,4.36,4.12,4.6,No
200787,Yes,ace11238,VUFA,Full Time,4.983333,4.7,No,1,B55819,005,WIRK,Core,No,Masters1,2024,Fall,20243,2024-25,1.5,74.0,,,66.0,66.0,0.0,0.0,0.0,0.0,92.4199981689453,0.0,No,Building1,"T,R",10:50:00,1.5,49.0,4.065573,4.819672,4.606557,3.081967,1.0,4.62295,4.901639,3.0,3.229508,4.311475,4.770491,4.868852,4.819672,4.393442,4.918032,Yes
200821,Yes,a9df130e,CGCH,Part Time,5.0,4.875,No,1,V13963,005,SBFH,Elective,No,Masters1,2024,Fall,20243,2024-25,3.0,10.0,Prerequisites,,10.0,10.0,0.0,0.0,0.0,0.0,80.0,14.0,No,Building1,R,14:20:00,3.25,25.0,4.625,5.0,5.0,4.125,1.0,4.875,5.0,4.75,3.875,4.875,4.75,4.75,4.625,4.5,4.875,Yes
201312,Yes,411fad4b,CGCH,Part Time,4.221428,4.316667,No,1,H14240,005,SBFH,Core,No,Masters1,2024,Fall,20243,2024-25,1.5,74.0,,,65.0,65.0,0.0,0.0,0.0,0.0,93.8499984741211,0.0,No,Building1,"M,W,F",10:50:00,1.5,26.0,4.131147,4.557377,4.540983,2.540983,0.983606,4.245901,4.081967,3.409836,3.868852,3.934426,3.934426,3.983606,4.114754,3.57377,4.557377,Yes
201313,Yes,411fad4b,CGCH,Part Time,4.740351,4.525,No,1,H14240,001,SBFH,Core,No,Masters1,2024,Fall,20243,2024-25,1.5,74.0,,,63.0,63.0,0.0,0.0,0.0,0.0,93.75,0.0,No,Building1,"M,W,F",14:20:00,1.5,26.0,4.2,4.833333,4.65,2.533333,1.0,4.45,4.616666,3.316666,3.416666,4.3,4.4,4.516666,4.25,3.683333,4.433333,Yes
201315,Yes,bec3924b,CGCH,Part Time,4.393443,4.516364,No,1,M03972,006,SBFH,Core,No,Masters1,2024,Fall,20243,2024-25,1.5,74.0,Prerequisites,,67.0,67.0,0.0,0.0,0.0,0.0,91.0400009155273,0.0,No,Building1,"M,W",09:00:00,1.5,26.0,4.114754,4.508196,4.62295,2.868852,1.0,4.360655,4.393442,3.590163,3.721311,4.311475,4.0,4.229508,3.983606,3.62295,4.442622,Yes
201378,No,6f375008,USIE,Part Time,4.715384,4.488,No,1,Q44513,060,USIE,Elective,No,MSPHD,2024,Fall,20243,2024-25,3.0,40.0,,,42.0,0.0,0.0,0.0,0.0,42.0,64.2900009155273,0.0,No,Building1,"M,F",18:00:00,3.25,4.0,4.111111,4.888888,4.407407,3.333333,1.925925,4.481481,4.703703,3.074074,3.185185,4.518518,4.333333,4.481481,4.333333,4.259259,4.444444,No
201547,Yes,ace11238,VUFA,Full Time,4.878125,4.609677,No,1,B55819,008,WIRK,Core,No,Masters1,2024,Fall,20243,2024-25,1.5,74.0,,,67.0,67.0,0.0,0.0,0.0,0.0,98.5100021362305,0.0,No,Building1,"T,R",16:10:00,1.5,49.0,3.939393,4.727272,4.651515,2.818181,0.969696,4.484848,4.818181,2.939393,3.196969,4.272727,4.696969,4.757575,4.666666,4.469696,4.712121,Yes
201548,Yes,ace11238,VUFA,Full Time,4.932203,4.705263,No,1,B55819,009,WIRK,Core,No,Masters1,2024,Fall,20243,2024-25,1.5,74.0,,,63.0,63.0,0.0,0.0,0.0,0.0,96.8300018310547,0.0,No,Building1,"T,R",14:20:00,1.5,49.0,4.360655,4.770491,4.672131,3.131147,0.967213,4.540983,4.770491,2.868852,3.032786,4.262295,4.754098,4.786885,4.754098,4.590163,4.721311,Yes
201620,No,80faa0b6,,Part Time,3.69944,4.12,No,1,A93683,D01,IGFY,Elective,No,Masters1,2024,Fall,20243,2024-25,1.5,74.0,,,66.0,65.0,0.0,0.0,0.0,1.0,75.7600021362305,0.0,No,off-campus,,,,2.0,3.5,3.5,3.44,3.5,0.92,3.84,3.18,2.5,2.34,3.14,2.7,2.62,2.82,2.7,2.58,No
201819,No,31ce692e,ZQOR,Full Time,4.72,5.0,No,1,Y86605,001,IGFY,Elective,No,MSPHD,2024,Fall,20243,2024-25,1.5,12.0,,,6.0,0.0,0.0,1.0,5.0,0.0,100.0,0.0,No,Building1,F,09:00:00,3.25,3.0,3.833333,4.833333,5.0,4.333333,1.0,5.0,4.666666,3.0,3.5,3.833333,5.0,4.833333,4.833333,4.666666,4.833333,No
201952,No,f499bf33,USIE,Full Time,4.806061,4.652525,No,1,V77177,002,ESEJ,Elective,No,Masters1,2024,Fall,20243,2024-25,3.0,150.0,,,141.0,0.0,0.0,0.0,0.0,141.0,74.4700012207031,0.0,No,Building2,R,10:10:00,2.75,17.0,3.990476,4.647619,4.619047,3.304761,1.87619,4.580952,4.609523,2.87619,3.466666,4.295238,4.438095,4.638095,4.438095,3.961904,4.561904,No
205507,No,922768f3,QAHF,Part Time,3.457544,3.717647,No,1,J46196,001,QAHF,Elective,Yes,Masters1,2024,Fall,20243,2024-25,1.5,50.0,,,37.0,34.0,2.0,1.0,0.0,0.0,51.3499984741211,0.0,No,Building1,R,09:00:00,3.25,,4.0,4.210526,4.315789,3.263157,1.0,3.631578,3.421052,3.578947,3.736842,3.736842,3.631578,3.368421,3.315789,3.263157,3.736842,Yes
205509,No,922768f3,QAHF,Part Time,3.866667,3.531579,No,1,J46196,002,QAHF,Elective,Yes,Masters1,2024,Fall,20243,2024-25,1.5,50.0,,,44.0,40.0,2.0,2.0,0.0,0.0,44.189998626709,0.0,No,Building1,R,14:20:00,3.25,,3.789473,4.210526,4.315789,3.210526,1.0,3.526315,3.842105,3.421052,3.842105,3.473684,3.526315,3.578947,3.315789,3.736842,4.0,Yes
191451,No,14d8b814,QAHF,Part Time,4.724444,4.485714,No,1,D43425,001,QAHF,Elective,No,Masters1,2024,Summer,20242,2023-24,1.5,74.0,,,62.0,57.0,5.0,0.0,0.0,0.0,74.1900024414063,0.0,No,Building2,"M,F",18:00:00,3.25,11.0,3.97826,4.695652,4.565217,3.456521,1.0,4.456521,4.717391,2.847826,3.043478,4.130434,4.543478,4.695652,4.652173,4.47826,4.695652,Yes
191452,No,c2ffc26f,QAHF,Full Time,4.582857,4.633333,No,1,C26850,001,QAHF,Elective,No,Masters1,2024,Summer,20242,2023-24,3.0,74.0,Prerequisites,,46.0,25.0,7.0,0.0,0.0,14.0,84.7799987792969,0.0,No,Building2,"M,T,W,R,F",09:00:00,8.0,17.0,4.307692,4.743589,4.384615,3.384615,1.230769,4.564102,4.461538,3.307692,3.358974,4.384615,4.538461,4.76923,4.589743,4.179487,4.615384,Yes
191456,No,b15e2cc2,GYQP,Part Time,4.864,4.8,No,1,N36516,100,SBFH,Elective,No,Masters2,2024,Summer,20242,2023-24,3.0,67.0,Prerequisites,Corequisite,36.0,1.0,35.0,0.0,0.0,0.0,52.0,0.0,No,Building2,"M,T,W,R,U",09:00:00,8.0,12.0,4.307692,4.884615,4.653846,2.730769,1.038461,4.76923,4.846153,3.0,3.615384,4.615384,4.576923,4.76923,4.692307,4.384615,4.846153,No
191457,No,f7321d1c,CGCH,Full Time,4.175904,3.805,No,1,O60984,001,SBFH,Elective,No,Masters1,2024,Summer,20242,2023-24,3.0,100.0,Prerequisites,,99.0,99.0,0.0,0.0,0.0,0.0,90.9100036621094,2.0,No,Building2,"M,W,F",09:00:00,3.25,51.0,3.633333,4.344444,4.344444,3.155555,1.0,3.7,4.055555,2.633333,2.966666,3.711111,4.1,4.3,4.044444,3.622222,4.244444,Yes
191458,No,f7321d1c,CGCH,Full Time,4.332395,3.988571,No,1,O60984,002,SBFH,Elective,No,Masters1,2024,Summer,20242,2023-24,3.0,100.0,Prerequisites,,90.0,85.0,0.0,0.0,0.0,5.0,82.2200012207031,0.0,No,Building2,"M,W,F",14:20:00,3.25,51.0,3.878378,4.027027,4.351351,2.851351,0.986486,3.851351,4.202702,2.729729,3.216216,3.743243,3.986486,4.297297,3.945945,3.256756,4.067567,Yes
191459,No,e71ad551,CGCH,Part Time,4.292857,4.129825,No,1,D49006,001,SBFH,Elective,No,Masters1,2024,Summer,20242,2023-24,3.0,74.0,Prerequisites,Corequisite,74.0,73.0,0.0,0.0,0.0,1.0,82.4300003051758,11.0,No,Building2,"M,W,F",14:20:00,3.25,15.0,4.229508,4.639344,4.606557,3.606557,1.0,4.065573,4.14754,3.737704,3.229508,3.918032,3.803278,3.967213,3.967213,3.409836,4.0,Yes
191461,No,253ec0f8,OGPX,Full Time,4.834667,4.781333,No,1,T42714,001,SBFH,Elective,No,Masters1,2024,Summer,20242,2023-24,3.0,100.0,,Corequisite,90.0,90.0,0.0,0.0,0.0,0.0,85.5599975585938,0.0,No,Building2,"T,R",09:00:00,3.25,22.0,4.51948,4.805194,4.662337,3.12987,0.987012,4.688311,4.740259,3.961038,3.857142,4.480519,4.454545,4.675324,4.623376,4.064935,4.363636,Yes
191463,No,96256d7a,CGCH,,4.787692,4.726154,No,1,C17477,001,SBFH,Elective,No,Masters1,2024,Summer,20242,2023-24,3.0,120.0,Prerequisites,Corequisite,83.0,61.0,21.0,0.0,0.0,1.0,81.7099990844727,0.0,No,Building2,"M,T,W,R,U",09:00:00,8.0,5.0,4.477611,4.656716,4.522388,3.313432,1.014925,4.716417,4.776119,3.925373,3.955223,4.492537,4.164179,4.432835,4.507462,3.83582,4.761194,Yes
191472,No,6f4c76ff,NZJO,Part Time,4.72,4.664516,No,1,M06770,001,TRXC,Elective,No,Masters1,2024,Summer,20242,2023-24,3.0,74.0,,,39.0,30.0,3.0,0.0,0.0,6.0,82.0500030517578,0.0,No,Building2,"M,T,W,R,U",10:00:00,8.0,3.0,4.15625,4.75,4.78125,2.8125,1.1875,4.65625,4.5625,2.78125,3.15625,4.03125,4.53125,4.8125,4.65625,4.3125,4.6875,Yes
191475,No,5747340c,NZJO,Full Time,4.196,4.290196,No,1,O25450,001,KAFN,Elective,No,Masters2,2024,Summer,20242,2023-24,3.0,74.0,,,62.0,0.0,62.0,0.0,0.0,0.0,87.0999984741211,0.0,No,off-campus,"T,W,R,F,S",09:00:00,8.0,12.0,4.018518,4.481481,4.481481,2.759259,1.0,4.222222,4.074074,2.907407,3.111111,3.944444,3.796296,4.055555,4.037037,3.074074,4.314814,Yes
191476,No,9970f2e2,ZQOR,Part Time,3.470176,3.486274,No,1,F10115,001,KAFN,Elective,No,Masters1,2024,Summer,20242,2023-24,1.5,50.0,Prerequisites,,31.0,28.0,3.0,0.0,0.0,0.0,81.8199996948242,0.0,No,Building2,"W,F",18:00:00,3.25,1.0,3.962962,4.407407,4.185185,3.666666,0.962962,3.407407,3.333333,3.259259,2.703703,3.444444,3.814814,3.666666,4.0,3.148148,4.111111,Yes
191477,No,11a4baed,KFZN,,4.037736,3.932143,No,1,L23345,001,KAFN,Elective,No,Masters1,2024,Summer,20242,2023-24,1.5,74.0,,,70.0,70.0,0.0,0.0,0.0,0.0,81.6900024414063,0.0,No,Building2,"M,F",09:00:00,3.25,6.0,3.741379,4.465517,4.448275,2.655172,0.982758,3.913793,3.982758,2.931034,3.551724,3.551724,3.482758,3.741379,3.620689,3.413793,4.189655,Yes
191478,No,11a4baed,KFZN,,4.01875,4.14375,No,1,L23345,002,KAFN,Elective,No,Masters1,2024,Summer,20242,2023-24,1.5,74.0,,,45.0,33.0,4.0,0.0,0.0,8.0,75.0,0.0,No,Building2,"M,T,W,R,F",09:00:00,4.0,6.0,4.151515,4.545454,4.60606,3.0,1.151515,4.121212,4.0,2.787878,3.545454,3.969696,3.696969,3.666666,4.151515,3.484848,4.272727,Yes
191491,No,ef926247,USIE,Part Time,4.548837,4.25,No,1,X06607,001,USIE,Core,No,Masters1,2024,Summer,20242,2023-24,1.5,74.0,Prerequisites,,52.0,52.0,0.0,0.0,0.0,0.0,83.0199966430664,0.0,No,Building2,"T,R",14:20:00,1.5,44.0,3.795454,4.65909,4.454545,3.15909,0.954545,4.25,4.545454,2.954545,3.0,4.045454,4.477272,4.590909,4.386363,4.0,4.704545,Yes
191492,No,ef926247,USIE,Part Time,4.204167,3.880851,No,1,X06607,002,USIE,Core,No,Masters1,2024,Summer,20242,2023-24,1.5,74.0,Prerequisites,,52.0,52.0,0.0,0.0,0.0,0.0,98.0800018310547,0.0,No,Building2,"T,R",16:10:00,1.5,44.0,3.784313,4.254901,4.529411,2.921568,0.960784,3.803921,4.137254,3.039215,2.862745,3.568627,4.137254,4.058823,4.039215,3.666666,4.078431,Yes
191493,No,f499bf33,USIE,Full Time,5.0,4.862069,No,1,E62370,100,USIE,Elective,No,Masters2,2024,Summer,20242,2023-24,3.0,70.0,Prerequisites,,33.0,1.0,32.0,0.0,0.0,0.0,87.879997253418,0.0,No,Building2,"M,T,W,R,F",09:00:00,8.0,7.0,4.620689,5.0,4.655172,2.620689,1.0,4.862068,4.827586,3.413793,4.0,4.655172,4.896551,4.827586,4.827586,4.275862,4.827586,Yes
191494,No,35ff4b79,USIE,,4.8125,4.8,No,1,E44373,001,USIE,Elective,No,Masters1,2024,Summer,20242,2023-24,3.0,65.0,,Corequisite,40.0,36.0,4.0,0.0,0.0,0.0,82.5,0.0,No,Building1,"M,T,W,R,F",09:00:00,8.0,31.0,4.181818,4.333333,4.212121,3.242424,1.090909,4.787878,4.666666,3.60606,3.454545,4.333333,4.636363,4.787878,4.484848,4.212121,4.30303,Yes
191495,No,19a6f603,USIE,Full Time,4.546154,4.408,No,1,V76191,001,USIE,Elective,No,Masters1,2024,Summer,20242,2023-24,3.0,74.0,,Corequisite,30.0,24.0,4.0,0.0,0.0,2.0,84.8499984741211,0.0,No,Building1,"M,T,W,R,U",09:00:00,8.0,4.0,4.0,4.428571,4.25,3.035714,1.035714,4.25,4.535714,3.428571,3.5,4.214285,4.321428,4.607142,4.464285,4.357142,4.392857,Yes
191496,No,bab51045,USIE,Full Time,4.866667,4.748837,No,1,U96439,001,USIE,Elective,No,Masters1,2024,Summer,20242,2023-24,3.0,74.0,,,51.0,33.0,5.0,0.0,0.0,13.0,88.2399978637695,0.0,No,Building2,"M,T,W,R,F",09:00:00,8.0,11.0,3.955555,4.555555,4.4,2.777777,1.288888,4.733333,4.866666,3.288888,3.311111,4.244444,4.666666,4.666666,4.666666,3.911111,4.622222,Yes
191497,No,74314106,USIE,Part Time,4.570588,4.588889,No,1,P92884,001,USIE,Elective,No,Masters1,2024,Summer,20242,2023-24,1.5,74.0,,,45.0,44.0,1.0,0.0,0.0,0.0,82.6100006103516,12.0,No,Building2,T,18:00:00,3.25,9.0,4.605263,4.789473,4.736842,3.0,1.026315,4.552631,4.5,3.368421,3.894736,4.236842,4.236842,4.447368,4.210526,3.921052,4.447368,Yes
191498,No,0a270635,USIE,Full Time,4.905556,4.738889,No,1,K48653,001,USIE,Elective,No,Masters1,2024,Summer,20242,2023-24,1.5,74.0,,,41.0,30.0,10.0,0.0,0.0,1.0,90.2399978637695,0.0,No,Building2,"M,T,W,R,F",14:00:00,4.0,4.0,4.378378,4.594594,4.405405,3.0,1.027027,4.729729,4.891891,3.027027,3.297297,4.378378,4.648648,4.783783,4.756756,3.486486,4.864864,Yes
191506,No,4b95ef5e,ZQOR,,4.865,4.858537,No,1,O67585,100,IGFY,Elective,No,Masters2,2024,Summer,20242,2023-24,3.0,74.0,,,64.0,0.0,64.0,0.0,0.0,0.0,58.1100006103516,16.0,No,Building2,"M,T,W,R,U",09:00:00,8.0,13.0,4.604651,4.72093,4.581395,2.930232,1.0,4.837209,4.627906,3.116279,3.093023,4.465116,4.255813,4.488372,4.44186,4.325581,4.534883,Yes
191507,No,08470d1d,ZQOR,Part Time,4.872727,4.52,No,1,W12434,100,IGFY,Elective,No,Masters2,2024,Summer,20242,2023-24,3.0,45.0,,,12.0,2.0,8.0,0.0,0.0,2.0,85.7099990844727,0.0,No,Building2,"M,T,W,R,F",09:00:00,8.0,3.0,4.25,4.5,4.083333,3.166666,1.083333,4.333333,4.833333,2.916666,3.5,4.583333,4.666666,4.75,4.666666,4.083333,4.833333,Yes
191508,No,3bb7aeca,ZQOR,Full Time,4.958333,4.854167,No,1,Q44513,001,IGFY,Elective,No,Masters1,2024,Summer,20242,2023-24,3.0,50.0,,,50.0,50.0,0.0,0.0,0.0,0.0,96.0,31.0,No,Building2,"M,T,W,R,U",09:00:00,8.0,51.0,4.479166,4.770833,4.666666,3.25,1.041666,4.854166,4.958333,3.354166,3.395833,4.270833,4.770833,4.916666,4.770833,4.791666,4.833333,Yes
191510,No,225343cf,ZQOR,Full Time,4.321568,4.368628,No,1,C46387,001,IGFY,Elective,No,Masters1,2024,Summer,20242,2023-24,3.0,74.0,,,64.0,62.0,2.0,0.0,0.0,0.0,87.5,0.0,No,Building2,"T,R",09:00:00,3.25,7.0,4.410714,4.660714,4.410714,2.678571,0.982142,4.125,4.160714,4.839285,4.285714,3.946428,3.517857,3.821428,3.535714,4.0,4.321428,Yes
191512,No,f8b2d7d9,ZQOR,Part Time,3.880702,3.82807,No,1,Q88265,001,IGFY,Elective,No,Masters1,2024,Summer,20242,2023-24,3.0,74.0,,,70.0,69.0,0.0,0.0,0.0,1.0,91.4300003051758,9.0,No,Building2,"T,R",18:00:00,3.25,16.0,3.78125,4.296875,4.078125,3.265625,1.0,3.765625,3.796875,3.234375,2.90625,3.78125,4.125,4.0,4.0625,4.046875,4.375,Yes
191513,Yes,def0adb1,ZQOR,Part Time,4.492308,4.530769,No,1,X37454,001,IGFY,Elective,No,Masters1,2024,Summer,20242,2023-24,1.5,36.0,,Corequisite,31.0,31.0,0.0,0.0,0.0,0.0,93.5500030517578,21.0,No,Building2,R,18:00:00,3.25,47.0,4.034482,4.655172,4.551724,3.413793,0.931034,4.517241,4.482758,2.689655,2.965517,3.655172,4.344827,4.344827,4.310344,4.482758,4.586206,Yes
191514,No,2b86262a,ZQOR,Part Time,4.407692,4.306667,No,1,X37454,002,IGFY,Elective,No,Masters1,2024,Summer,20242,2023-24,1.5,36.0,,Corequisite,35.0,35.0,0.0,0.0,0.0,0.0,88.8899993896484,7.0,No,Building2,"W,F",14:20:00,3.25,47.0,4.34375,4.8125,4.65625,3.5625,1.0,4.25,4.3125,2.75,2.96875,3.96875,4.28125,4.4375,4.46875,4.5625,4.53125,Yes
191515,No,0e8bba51,ZQOR,Full Time,4.676923,4.435294,No,1,B51668,001,IGFY,Elective,No,Masters1,2024,Summer,20242,2023-24,3.0,74.0,,,57.0,43.0,5.0,1.0,0.0,8.0,96.4300003051758,0.0,No,Building2,"M,T,W,R,U",09:00:00,8.0,7.0,4.166666,4.833333,4.703703,2.666666,1.148148,4.351851,4.629629,3.611111,3.462962,4.259259,4.407407,4.314814,4.203703,3.333333,4.648148,Yes
191516,No,309d2564,ZQOR,Full Time,4.662857,4.315152,No,1,E82571,001,IGFY,Elective,No,Masters1,2024,Summer,20242,2023-24,3.0,74.0,,,53.0,29.0,20.0,0.0,0.0,4.0,60.6599998474121,0.0,No,Building2,"M,T,W,R,F",09:00:00,8.0,9.0,3.756756,4.621621,4.432432,2.918918,1.081081,4.189189,4.621621,3.108108,3.27027,4.162162,4.567567,4.54054,4.324324,4.486486,4.648648,Yes
191517,No,68fa8635,ZQOR,Part Time,4.846957,4.74,Yes,2,P28252,002A,IGFY,Elective,No,Masters1,2024,Summer,20242,2023-24,1.5,38.0,,,35.0,32.0,3.0,0.0,0.0,0.0,65.7099990844727,7.0,Yes,Building2,"M,T,W",08:30:00,9.0,8.0,4.217391,4.956521,4.73913,3.565217,0.956521,4.652173,4.869565,3.0,3.565217,4.47826,4.826086,4.913043,4.869565,4.608695,4.869565,No
191517,No,3bb7aeca,ZQOR,Full Time,4.913043,4.74,Yes,2,P28252,002,IGFY,Elective,No,Masters1,2024,Summer,20242,2023-24,1.5,38.0,,,35.0,32.0,3.0,0.0,0.0,0.0,65.7099990844727,7.0,Yes,Building2,"M,T,W",08:30:00,9.0,8.0,4.217391,4.956521,4.73913,3.565217,0.956521,4.652173,4.869565,3.0,3.565217,4.47826,4.826086,4.913043,4.869565,4.608695,4.869565,Yes
191518,No,e37960d2,VUFA,Part Time,4.625,4.3125,Yes,3,Y52112,100,WIRK,Elective,No,Masters2,2024,Summer,20242,2023-24,3.0,47.0,,,24.0,4.0,20.0,0.0,0.0,0.0,57.1399993896484,0.0,Yes,Building2,"M,T,W,R,U",09:00:00,8.0,2.0,3.875,4.25,4.125,3.125,1.0,4.3125,4.604166,2.625,2.8125,4.4375,4.625,4.6875,4.375,4.3125,4.625,Yes
191518,No,ba223305,YICC,Full Time,4.625,4.3125,Yes,3,Y52112,100A,WIRK,Elective,No,Masters2,2024,Summer,20242,2023-24,3.0,47.0,,,24.0,4.0,20.0,0.0,0.0,0.0,57.1399993896484,0.0,Yes,Building2,"M,T,W,R,U",09:00:00,8.0,2.0,3.875,4.25,4.125,3.125,1.0,4.3125,4.604166,2.625,2.8125,4.4375,4.625,4.6875,4.375,4.3125,4.625,No
191518,No,26ad11c9,VUFA,Part Time,4.575532,4.3125,Yes,3,Y52112,100B,WIRK,Elective,No,Masters2,2024,Summer,20242,2023-24,3.0,47.0,,,24.0,4.0,20.0,0.0,0.0,0.0,57.1399993896484,0.0,Yes,Building2,"M,T,W,R,U",09:00:00,8.0,2.0,3.875,4.25,4.125,3.125,1.0,4.3125,4.604166,2.625,2.8125,4.4375,4.625,4.6875,4.375,4.3125,4.625,No
191519,No,36d61998,VUFA,Full Time,4.342857,4.271429,No,1,U88506,001,WIRK,Elective,No,Masters1,2024,Summer,20242,2023-24,1.5,74.0,,,37.0,34.0,0.0,0.0,0.0,3.0,76.3199996948242,0.0,No,Building2,"T,R",10:50:00,1.5,2.0,4.172413,4.413793,4.551724,3.241379,1.0,4.206896,4.310344,2.689655,3.103448,4.034482,4.275862,4.310344,4.172413,3.793103,4.137931,No
191520,No,2ed50729,VUFA,,3.214242,3.117193,No,1,P04779,001,WIRK,Elective,No,Masters1,2024,Summer,20242,2023-24,1.5,74.0,,,31.0,20.0,5.0,0.0,0.0,6.0,57.5800018310547,0.0,No,Building2,"W,R,F",09:00:00,9.0,4.0,3.368421,4.0,4.210526,3.368421,1.0,3.052631,3.210526,3.578947,3.368421,3.0,3.210526,3.368421,2.842105,3.263157,4.0,Yes
191521,No,e5f50cbb,VUFA,Part Time,4.670588,4.34902,No,1,U93849,001,WIRK,Elective,No,Masters1,2024,Summer,20242,2023-24,3.0,74.0,,,60.0,33.0,19.0,0.0,0.0,8.0,90.0,0.0,No,Building2,"M,T,W,R,F",09:00:00,8.0,12.0,3.907407,4.611111,4.314814,3.074074,1.129629,4.259259,4.537037,2.833333,3.0,4.259259,4.592592,4.629629,4.592592,4.092592,4.518518,Yes
191522,No,8a06b1c0,VUFA,Full Time,4.6,4.596428,No,1,T73232,001,WIRK,Elective,No,Masters1,2024,Summer,20242,2023-24,3.0,74.0,,,63.0,47.0,5.0,0.0,0.0,11.0,98.4100036621094,0.0,No,Building1,"M,T,W,R,U",09:00:00,8.0,9.0,3.887096,4.306451,4.258064,3.241935,1.145161,4.435483,4.516129,3.225806,3.306451,4.338709,4.354838,4.354838,4.48387,3.967741,4.403225,Yes
191555,No,640d2369,GYQP,Full Time,4.726316,4.568421,No,1,H81467,001,TRXC,Elective,No,Masters1,2024,Summer,20242,2023-24,3.0,74.0,,,45.0,31.0,3.0,1.0,0.0,10.0,86.9599990844727,0.0,No,Building2,"M,T,W,R,U",09:00:00,8.0,25.0,4.175,4.475,4.55,3.5,1.2,4.45,4.6,3.25,3.3,4.575,4.625,4.6,4.525,4.325,4.575,Yes
191557,No,f499bf33,USIE,Full Time,5.0,4.941463,No,1,Q74444,001,USIE,Elective,No,Masters1,2024,Summer,20242,2023-24,3.0,74.0,Prerequisites,,43.0,35.0,0.0,0.0,0.0,8.0,97.6699981689453,4.0,No,Building1,"M,T,W,R,U",09:00:00,8.0,13.0,4.690476,4.97619,4.833333,3.190476,1.119047,4.880952,4.880952,3.523809,3.904761,4.857142,4.95238,4.97619,4.785714,4.642857,4.97619,Yes
191560,No,68fa8635,ZQOR,Part Time,4.633333,4.55,Yes,2,P28252,001A,IGFY,Elective,No,Masters1,2024,Summer,20242,2023-24,1.5,38.0,,,19.0,13.0,4.0,0.0,1.0,1.0,61.9000015258789,2.0,Yes,Building2,"M,T,W",08:30:00,9.0,8.0,4.076923,4.923076,4.615384,3.076923,1.076923,4.461538,4.538461,3.153846,3.615384,4.307692,4.846153,4.846153,4.846153,4.846153,4.846153,No
191560,No,3bb7aeca,ZQOR,Full Time,4.633333,4.55,Yes,2,P28252,001,IGFY,Elective,No,Masters1,2024,Summer,20242,2023-24,1.5,38.0,,,19.0,13.0,4.0,0.0,1.0,1.0,61.9000015258789,2.0,Yes,Building2,"M,T,W",08:30:00,9.0,8.0,4.076923,4.923076,4.615384,3.076923,1.076923,4.461538,4.538461,3.153846,3.615384,4.307692,4.846153,4.846153,4.846153,4.846153,4.846153,Yes
191564,No,7357616a,VUFA,Full Time,4.638889,4.6,No,1,T37978,001,WIRK,Elective,No,Masters1,2024,Summer,20242,2023-24,3.0,74.0,,,44.0,25.0,5.0,0.0,0.0,14.0,80.8499984741211,0.0,No,Building2,"M,T,W,R,U",09:00:00,8.0,17.0,4.236842,4.736842,4.631578,3.578947,1.263157,4.473684,4.394736,3.710526,3.710526,4.473684,4.5,4.552631,4.605263,4.289473,4.68421,Yes
191565,No,ce8f8233,VUFA,Full Time,4.721739,4.509091,No,1,G48390,001,WIRK,Elective,No,Masters1,2024,Summer,20242,2023-24,3.0,54.0,,,30.0,23.0,3.0,0.0,0.0,4.0,80.0,0.0,No,Building2,"M,T,W,R,U",09:00:00,8.0,10.0,4.291666,4.458333,4.5,3.541666,1.25,4.416666,4.708333,3.583333,3.5,4.291666,4.583333,4.541666,4.25,4.291666,4.5,Yes
191568,No,0c45289c,AFQO,,4.790476,4.785366,No,1,A05341,001,SBFH,Elective,No,Masters1,2024,Summer,20242,2023-24,3.0,60.0,,Corequisite,48.0,26.0,21.0,0.0,0.0,1.0,84.9100036621094,0.0,No,Building2,"M,T,W,R,U",09:00:00,8.0,17.0,4.4,4.711111,4.555555,2.688888,1.0,4.488888,4.6,4.0,4.066666,4.222222,4.311111,4.422222,4.311111,3.866666,4.244444,Yes
191570,Yes,74b784c7,USIE,Full Time,3.250465,3.261419,No,1,X06607,003,USIE,Core,No,Masters1,2024,Summer,20242,2023-24,1.5,74.0,Prerequisites,,44.0,44.0,0.0,0.0,0.0,0.0,97.7300033569336,0.0,No,Building2,"T,R",14:20:00,1.5,44.0,3.558139,4.209302,4.418604,2.488372,0.976744,3.232558,3.209302,3.046511,2.953488,3.44186,3.418604,3.232558,3.325581,3.255813,4.255813,Yes
191571,Yes,74b784c7,USIE,Full Time,3.138447,3.020076,No,1,X06607,004,USIE,Core,No,Masters1,2024,Summer,20242,2023-24,1.5,74.0,Prerequisites,,51.0,51.0,0.0,0.0,0.0,0.0,94.120002746582,0.0,No,Building2,"T,R",16:10:00,1.5,44.0,3.5,3.916666,4.354166,2.854166,0.979166,3.041666,3.145833,3.125,2.979166,3.1875,3.25,3.166666,3.3125,3.208333,3.833333,Yes
191594,Yes,8ed4d7cb,ZQOR,Part Time,4.851064,4.926087,Yes,2,S16768,001,IGFY,Elective,No,Masters1,2024,Summer,20242,2023-24,3.0,50.0,,,48.0,37.0,11.0,0.0,0.0,0.0,95.9199981689453,9.0,Yes,Building2,"M,T,W,R,U",09:00:00,8.0,4.0,4.425531,4.978723,4.978723,3.404255,1.021276,4.914893,4.914893,2.595744,3.170212,4.659574,4.893617,4.893617,4.893617,4.787234,4.957446,Yes
191594,No,a8a5288b,ZQOR,Full Time,4.978724,4.926087,Yes,2,S16768,001A,IGFY,Elective,No,Masters1,2024,Summer,20242,2023-24,3.0,50.0,,,48.0,37.0,11.0,0.0,0.0,0.0,95.9199981689453,9.0,Yes,Building2,"M,T,W,R,U",09:00:00,8.0,4.0,4.425531,4.978723,4.978723,3.404255,1.021276,4.914893,4.914893,2.595744,3.170212,4.659574,4.893617,4.893617,4.893617,4.787234,4.957446,No
191604,No,b3a47ed1,QAHF,Full Time,4.697778,4.632653,No,1,C78116,001,QAHF,Core,No,Masters2,2024,Summer,20242,2023-24,3.0,74.0,,,49.0,0.0,49.0,0.0,0.0,0.0,100.0,0.0,No,Building2,"F, S",08:30:00,10.25,17.0,4.38,4.7,4.54,2.52,0.98,4.54,4.52,3.68,3.24,4.12,4.42,4.46,4.52,4.0,4.7,Yes
191605,No,b3a47ed1,QAHF,Full Time,4.751111,4.678261,No,1,C78116,002,QAHF,Core,No,Masters2,2024,Summer,20242,2023-24,3.0,74.0,,,48.0,0.0,48.0,0.0,0.0,0.0,100.0,0.0,No,Building2,"F, S",08:30:00,10.25,17.0,4.583333,4.958333,4.770833,2.520833,1.0,4.666666,4.666666,3.833333,3.291666,4.5,4.479166,4.645833,4.333333,3.375,4.541666,Yes
191606,No,b3a47ed1,QAHF,Full Time,4.651596,4.65708,No,1,C78116,300,QAHF,Core,No,Masters2,2024,Summer,20242,2023-24,3.0,50.0,,,44.0,0.0,44.0,0.0,0.0,0.0,100.0,0.0,No,Building2,"U, T, R, S",08:30:00,8.0,17.0,4.340909,4.818181,4.704545,3.181818,1.090909,4.477272,4.454545,4.0,3.454545,4.386363,4.295454,4.522727,4.272727,3.727272,4.590909,Yes
191607,No,14d8b814,QAHF,Part Time,4.777778,4.45,No,1,C80084,001,QAHF,Elective,No,Masters2,2024,Summer,20242,2023-24,1.5,74.0,,,23.0,1.0,20.0,0.0,0.0,2.0,81.8199996948242,0.0,No,Building2,S,08:30:00,10.25,3.0,3.888888,4.222222,4.277777,3.222222,1.0,4.444444,4.777777,2.833333,3.0,4.055555,4.444444,4.666666,4.555555,4.166666,4.555555,Yes
191608,No,922768f3,QAHF,Part Time,4.455555,4.4,No,1,Q32632,001,QAHF,Elective,No,Masters2,2024,Summer,20242,2023-24,3.0,74.0,Prerequisites,,31.0,0.0,31.0,0.0,0.0,0.0,64.5199966430664,0.0,No,Building2,"F, S",08:30:00,10.25,11.0,4.35,4.6,4.7,3.2,0.95,4.35,4.4,3.95,3.4,4.2,4.1,4.4,4.1,4.4,4.25,Yes
191610,No,0bdf6216,ZQOR,Full Time,4.531579,4.709524,No,1,Y72396,001,IGFY,Core,No,Masters2,2024,Summer,20242,2023-24,3.0,74.0,,,51.0,0.0,51.0,0.0,0.0,0.0,86.5400009155273,0.0,No,Building2,"U, S",08:30:00,10.25,18.0,4.488888,4.666666,4.688888,3.488888,1.0,4.688888,4.488888,3.977777,3.266666,4.577777,4.644444,4.711111,4.577777,4.4,4.488888,Yes
191611,No,0bdf6216,ZQOR,Full Time,4.663158,4.7,No,1,Y72396,002,IGFY,Core,No,Masters2,2024,Summer,20242,2023-24,3.0,74.0,,,51.0,0.0,51.0,0.0,0.0,0.0,78.4300003051758,0.0,No,Building2,"U, S",08:30:00,10.25,18.0,4.575,4.575,4.7,3.3,0.975,4.7,4.65,4.25,3.425,4.675,4.4,4.675,4.4,3.95,4.525,Yes
191612,No,0bdf6216,ZQOR,Full Time,4.911765,4.852941,No,1,Y72396,300,IGFY,Core,No,Masters2,2024,Summer,20242,2023-24,3.0,50.0,,,44.0,0.0,44.0,0.0,0.0,0.0,79.5500030517578,0.0,No,Building2,"M, T, R, F, S",08:30:00,11.0,18.0,4.257142,4.971428,4.714285,3.285714,1.085714,4.714285,4.771428,4.314285,3.285714,4.628571,4.428571,4.628571,4.714285,4.142857,4.542857,Yes
191613,No,b5b44131,USIE,Part Time,4.112821,3.762162,No,1,A61877,001,USIE,Core,No,Masters2,2024,Summer,20242,2023-24,3.0,74.0,,,48.0,0.0,48.0,0.0,0.0,0.0,89.8000030517578,0.0,No,Building2,"U, F, S",08:30:00,10.25,16.0,4.318181,4.477272,4.568181,2.90909,1.0,3.65909,3.931818,2.613636,3.295454,3.431818,3.795454,3.840909,3.954545,3.681818,4.363636,Yes
191614,No,225343cf,ZQOR,Full Time,4.73,4.6,No,1,W64260,001,IGFY,Elective,No,Masters2,2024,Summer,20242,2023-24,3.0,74.0,,,28.0,5.0,20.0,0.0,0.0,3.0,81.4800033569336,0.0,No,Building2,S,08:30:00,10.25,6.0,4.272727,4.636363,4.590909,3.318181,1.090909,4.5,4.5,3.636363,3.136363,4.227272,4.227272,4.318181,4.40909,4.545454,4.40909,Yes
191615,No,b5b44131,USIE,Part Time,4.108572,4.016216,No,1,A61877,002,USIE,Core,No,Masters2,2024,Summer,20242,2023-24,3.0,74.0,,,49.0,0.0,49.0,0.0,0.0,0.0,77.5500030517578,0.0,No,Building2,"U, F, S",08:30:00,10.25,16.0,4.368421,4.342105,4.263157,2.710526,1.0,4.0,4.052631,2.68421,3.421052,3.789473,3.921052,4.0,3.815789,3.315789,4.289473,Yes
191616,No,00ed99b6,ZQOR,Part Time,4.210811,4.152632,No,1,Y74247,001,IGFY,Elective,No,Masters2,2024,Summer,20242,2023-24,3.0,74.0,,,59.0,2.0,57.0,0.0,0.0,0.0,69.4899978637695,0.0,No,Building2,"F, S",08:30:00,10.25,9.0,4.121951,4.512195,4.609756,2.902439,0.975609,4.07317,4.02439,3.292682,3.02439,3.829268,4.07317,4.146341,4.146341,4.09756,4.292682,Yes
191618,No,20df2d5a,ZQOR,Part Time,4.09375,3.737931,No,1,Y74247,002,IGFY,Elective,No,Masters2,2024,Summer,20242,2023-24,3.0,74.0,,,54.0,0.0,48.0,0.0,0.0,6.0,70.370002746582,0.0,No,Building2,S,08:30:00,10.25,9.0,3.342105,4.263157,3.973684,2.868421,1.0,3.605263,3.868421,3.026315,2.947368,3.68421,4.131578,4.157894,3.868421,3.973684,4.368421,Yes
191619,No,4df386e8,USIE,Part Time,4.25,4.1875,No,1,D71223,002,USIE,Elective,No,Masters2,2024,Summer,20242,2023-24,1.5,74.0,,,18.0,3.0,15.0,0.0,0.0,0.0,84.2099990844727,0.0,No,Building2,S,08:30:00,10.25,6.0,4.3125,4.5625,4.5,3.0,1.0,4.1875,4.25,3.6875,3.5625,4.0625,4.0,4.0625,3.5,3.3125,4.25,Yes
191620,No,c2ded81a,USIE,Part Time,4.6,4.5,No,1,C68031,001,USIE,Elective,No,Masters2,2024,Summer,20242,2023-24,1.5,74.0,,,11.0,0.0,11.0,0.0,0.0,0.0,45.4500007629395,0.0,No,Building2,"F, S",08:30:00,10.25,2.0,4.4,4.8,4.8,1.6,1.0,3.6,4.6,3.8,4.6,4.2,4.2,4.4,4.2,3.4,4.8,Yes
191621,No,2b86262a,ZQOR,Part Time,3.836364,4.034782,No,1,Y54923,001,IGFY,Elective,No,Masters2,2024,Summer,20242,2023-24,1.5,36.0,,,35.0,0.0,35.0,0.0,0.0,0.0,74.2900009155273,3.0,No,Building2,S,08:30:00,10.25,16.0,3.692307,4.230769,4.230769,3.0,1.0,3.923076,3.615384,2.76923,2.961538,3.961538,3.961538,4.153846,3.76923,4.038461,4.307692,Yes
191622,No,ce03109b,VUFA,Part Time,4.367568,4.140541,No,1,J10369,001,WIRK,Elective,No,Masters2,2024,Summer,20242,2023-24,1.5,74.0,,,50.0,18.0,32.0,0.0,0.0,0.0,76.4700012207031,0.0,No,Building2,"F, S",08:30:00,10.25,1.0,3.948717,4.538461,4.333333,2.76923,1.025641,4.076923,4.205128,2.717948,3.307692,4.128205,4.307692,4.410256,3.846153,4.102564,4.435897,Yes
191623,No,36d61998,VUFA,Full Time,5.0,4.5,No,1,M91582,001,WIRK,Elective,No,Masters2,2024,Summer,20242,2023-24,1.5,25.0,,,8.0,0.0,8.0,0.0,0.0,0.0,50.0,0.0,No,Building2,"F, S",08:30:00,7.0,21.0,4.5,4.75,4.75,2.5,1.0,4.5,5.0,2.75,3.25,4.25,5.0,5.0,4.75,4.5,4.75,No
191628,No,76c98501,VQWP,,3.748387,4.20625,No,1,N88827,001,SBFH,Elective,No,Masters2,2024,Summer,20242,2023-24,3.0,74.0,,,52.0,0.0,52.0,0.0,0.0,0.0,63.4599990844727,0.0,No,Building2,"F, S",08:30:00,10.25,18.0,4.060606,4.363636,4.424242,2.848484,0.969696,4.181818,3.727272,3.727272,3.212121,3.969696,3.515151,3.636363,3.757575,3.454545,4.030303,Yes
191629,No,76c98501,VQWP,,4.008333,4.176923,No,1,N88827,002,SBFH,Elective,No,Masters2,2024,Summer,20242,2023-24,3.0,74.0,,,35.0,0.0,35.0,0.0,0.0,0.0,77.1399993896484,0.0,No,Building2,"F, S",08:30:00,10.25,18.0,4.111111,4.518518,4.555555,2.703703,0.925925,4.148148,3.814814,3.74074,3.444444,4.148148,4.0,4.333333,3.962962,3.444444,4.333333,Yes
191630,No,13b49786,CGCH,Full Time,4.458824,4.511111,Yes,2,F59053,001,SBFH,Elective,No,Masters2,2024,Summer,20242,2023-24,3.0,74.0,,Corequisite,26.0,0.0,26.0,0.0,0.0,0.0,76.9199981689453,0.0,Yes,Building2,"T, W",18:00:00,3.0,3.0,4.2,4.7,4.65,3.1,1.0,4.45,4.375,3.45,3.45,4.2,4.3,4.45,4.3,3.8,4.35,Yes
191630,No,de03dd37,OGPX,Full Time,4.455714,4.511111,Yes,2,F59053,001A,SBFH,Elective,No,Masters2,2024,Summer,20242,2023-24,3.0,74.0,,Corequisite,26.0,0.0,26.0,0.0,0.0,0.0,76.9199981689453,0.0,Yes,Building2,"T, W",18:00:00,3.0,3.0,4.2,4.7,4.65,3.1,1.0,4.45,4.375,3.45,3.45,4.2,4.3,4.45,4.3,3.8,4.35,No
191631,No,603803a8,CGCH,Part Time,4.78,4.501754,No,1,F62660,001,SBFH,Elective,No,Masters2,2024,Summer,20242,2023-24,3.0,74.0,,Corequisite,72.0,0.0,72.0,0.0,0.0,0.0,90.2799987792969,2.0,No,Building2,"F, S",08:30:00,10.25,6.0,4.446153,4.876923,4.6,2.738461,1.0,4.338461,4.615384,3.984615,3.415384,4.153846,4.123076,4.4,4.230769,4.046153,4.36923,Yes
191632,No,603803a8,CGCH,Part Time,4.6625,4.392157,No,1,F62660,002,SBFH,Elective,No,Masters2,2024,Summer,20242,2023-24,3.0,74.0,,Corequisite,61.0,11.0,50.0,0.0,0.0,0.0,86.4400024414063,0.0,No,Building2,S,08:30:00,10.25,6.0,3.941176,4.529411,4.470588,3.039215,0.980392,4.392156,4.647058,4.0,3.235294,4.098039,4.333333,4.568627,4.352941,4.235294,4.568627,Yes
191655,No,737ec218,CGCH,,3.766667,3.933333,No,1,T38733,001,SBFH,Elective,No,Masters2,2024,Summer,20242,2023-24,1.5,50.0,,Corequisite,18.0,3.0,15.0,0.0,0.0,0.0,83.3300018310547,0.0,No,Building2,S,08:30:00,10.25,2.0,3.933333,4.4,4.466666,3.133333,0.933333,3.933333,3.466666,3.466666,3.466666,3.866666,3.933333,4.0,3.666666,4.066666,4.266666,Yes
191876,Yes,80faa0b6,,Part Time,2.995614,3.13727,No,1,H74641,D01,IGFY,Elective,No,Masters1,2024,Summer,20242,2023-24,1.5,100.0,,,199.0,199.0,0.0,0.0,0.0,0.0,53.0,0.0,No,off-campus,,,,2.0,3.141509,2.462264,2.386792,2.867924,0.971698,3.037735,2.707547,2.707547,2.273584,2.584905,2.443396,2.424528,2.528301,2.245283,2.198113,No
196499,No,f8fd0ba8,ZQOR,Full Time,3.884211,4.0,No,1,I78200,001,IGFY,Elective,No,Masters2,2024,Summer,20242,2023-24,3.0,74.0,,,37.0,1.0,36.0,0.0,0.0,0.0,62.1599998474121,0.0,No,Building2,"F, S",08:30:00,10.25,6.0,3.869565,3.695652,4.565217,3.391304,0.913043,4.0,3.565217,2.956521,3.086956,3.826086,3.086956,3.260869,3.521739,3.347826,4.043478,Yes
196500,No,f8fd0ba8,ZQOR,Full Time,4.272727,4.5,No,1,I78200,002,IGFY,Elective,No,Masters2,2024,Summer,20242,2023-24,3.0,50.0,,,21.0,1.0,20.0,0.0,0.0,0.0,60.0,0.0,No,Building2,S,08:30:00,10.25,6.0,4.416666,4.25,4.25,3.333333,0.916666,4.5,3.916666,3.0,3.0,4.333333,3.833333,3.833333,3.833333,3.166666,3.833333,Yes
196501,No,7357616a,VUFA,Full Time,5.0,4.75,Yes,2,D53931,001,WIRK,Elective,No,MSPHD,2024,Summer,20242,2023-24,3.0,50.0,,,6.0,0.0,0.0,0.0,6.0,0.0,66.6699981689453,0.0,Yes,Building1,"T, R, F",10:00:00,7.0,1.0,4.75,5.0,5.0,4.0,1.0,4.75,5.0,3.75,4.0,4.25,5.0,5.0,4.75,5.0,5.0,No
196501,No,ce8f8233,VUFA,Full Time,5.0,4.75,Yes,2,D53931,001A,WIRK,Elective,No,MSPHD,2024,Summer,20242,2023-24,3.0,50.0,,,6.0,0.0,0.0,0.0,6.0,0.0,66.6699981689453,0.0,Yes,Building1,"T, R, F",10:00:00,7.0,1.0,4.75,5.0,5.0,4.0,1.0,4.75,5.0,3.75,4.0,4.25,5.0,5.0,4.75,5.0,5.0,No
185804,No,ed40ef17,NZJO,Part Time,4.609,4.392,Yes,2,P69262,001,TRXC,Elective,No,Masters1,2024,Spring,20241,2023-24,3.0,150.0,,,110.0,104.0,2.0,1.0,0.0,3.0,94.5899963378906,0.0,Yes,Building2,"T,W,R,F,S",09:00:00,8.0,3.0,4.057142,4.561904,4.523809,3.161904,1.0,4.190476,4.423809,2.95238,3.247619,4.057142,4.180952,4.457142,4.371428,3.409523,4.504761,Yes
185804,No,5acfc014,YICC,Full Time,4.572,4.392,Yes,2,P69262,001A,TRXC,Elective,No,Masters1,2024,Spring,20241,2023-24,3.0,150.0,,,110.0,104.0,2.0,1.0,0.0,3.0,94.5899963378906,0.0,Yes,Building2,"T,W,R,F,S",09:00:00,8.0,3.0,4.057142,4.561904,4.523809,3.161904,1.0,4.190476,4.423809,2.95238,3.247619,4.057142,4.180952,4.457142,4.371428,3.409523,4.504761,No
185805,No,d8eb656b,NZJO,Full Time,4.809,4.54,Yes,2,X04354,001A,TRXC,Elective,No,Masters1,2024,Spring,20241,2023-24,3.0,125.0,,,123.0,120.0,1.0,1.0,0.0,1.0,85.0,15.0,Yes,Building2,"T,W,R,F,S",09:00:00,8.0,2.0,4.264705,4.705882,4.549019,2.686274,0.990196,4.470588,4.563725,3.519607,3.647058,4.117647,4.40196,4.67647,4.558823,3.509803,4.696078,No
185805,No,8c4fa1f6,GYQP,Full Time,4.649,4.54,Yes,2,X04354,001,TRXC,Elective,No,Masters1,2024,Spring,20241,2023-24,3.0,125.0,,,123.0,120.0,1.0,1.0,0.0,1.0,85.0,15.0,Yes,Building2,"T,W,R,F,S",09:00:00,8.0,2.0,4.264705,4.705882,4.549019,2.686274,0.990196,4.470588,4.563725,3.519607,3.647058,4.117647,4.40196,4.67647,4.558823,3.509803,4.696078,Yes
185806,No,37d16a3b,KFZN,Full Time,4.969,4.862,No,1,L23345,001,KAFN,Elective,No,Masters1,2024,Spring,20241,2023-24,1.5,74.0,,,68.0,56.0,11.0,0.0,0.0,1.0,94.2900009155273,62.0,No,Building2,"T,W,R",09:00:00,8.0,3.0,4.439393,4.833333,4.80303,3.075757,1.015151,4.787878,4.893939,3.166666,3.60606,4.575757,4.636363,4.833333,4.818181,3.621212,4.742424,Yes
185808,Yes,f280a7ba,USIE,Part Time,4.353,4.333,No,1,H42208,001,USIE,Elective,No,Masters1,2024,Spring,20241,2023-24,3.0,50.0,,,19.0,17.0,1.0,1.0,0.0,0.0,94.7399978637695,0.0,No,Building2,"T,W,R,F,S",09:00:00,8.0,3.0,4.444444,4.5,4.166666,1.777777,1.0,4.333333,4.111111,4.5,4.5,4.0,3.833333,4.444444,3.888888,4.277777,4.444444,Yes
185809,No,abf6b261,GYQP,Part Time,4.634,4.516,No,1,J77500,001,SBFH,Elective,No,Masters1,2024,Spring,20241,2023-24,3.0,74.0,Prerequisites,,67.0,64.0,2.0,0.0,0.0,1.0,95.4499969482422,1.0,No,Building1,"T,W,R,F,S",09:00:00,8.0,3.0,4.412698,4.809523,4.619047,2.761904,0.968253,4.349206,4.603174,4.190476,4.15873,4.222222,4.253968,4.365079,4.444444,4.142857,4.698412,Yes
185810,No,db9fa0d4,CGCH,Full Time,4.944,4.806,No,1,R96472,001,SBFH,Elective,No,Masters1,2024,Spring,20241,2023-24,1.5,44.0,,Corequisite,42.0,42.0,0.0,0.0,0.0,0.0,83.7200012207031,43.0,No,Building1,"T,W,R",09:00:00,8.0,24.0,4.361111,4.666666,4.611111,3.027777,1.0,4.805555,4.944444,2.75,3.361111,4.472222,4.777777,4.833333,4.75,4.166666,4.722222,Yes
185819,No,a5a0fa6c,ZQOR,Full Time,4.695,4.719,No,1,Q44513,001,IGFY,Elective,No,Masters1,2024,Spring,20241,2023-24,3.0,50.0,,,50.0,50.0,0.0,0.0,0.0,0.0,90.0,9.0,No,Building2,"T,W,R,F,S",09:00:00,8.0,43.0,4.288888,4.711111,4.711111,2.888888,0.955555,4.555555,4.666666,2.888888,3.377777,4.4,4.4,4.533333,4.511111,4.333333,4.666666,Yes
185820,No,68fa8635,ZQOR,Part Time,4.646,4.456,Yes,2,P28252,001A,IGFY,Elective,No,Masters1,2024,Spring,20241,2023-24,1.5,38.0,,,35.0,29.0,6.0,0.0,0.0,0.0,90.9100036621094,4.0,Yes,Building1,"T,W,R",08:30:00,9.0,7.0,4.166666,4.4,4.1,3.1,0.966666,4.166666,4.366666,2.866666,3.133333,4.066666,4.3,4.5,4.3,4.433333,4.6,No
185820,No,3bb7aeca,ZQOR,Full Time,4.646,4.456,Yes,2,P28252,001,IGFY,Elective,No,Masters1,2024,Spring,20241,2023-24,1.5,38.0,,,35.0,29.0,6.0,0.0,0.0,0.0,90.9100036621094,4.0,Yes,Building1,"T,W,R",08:30:00,9.0,7.0,4.166666,4.4,4.1,3.1,0.966666,4.166666,4.366666,2.866666,3.133333,4.066666,4.3,4.5,4.3,4.433333,4.6,Yes
185821,No,e0934680,VUFA,Part Time,4.867,4.807,No,1,U32641,001,WIRK,Elective,No,Masters1,2024,Spring,20241,2023-24,1.5,60.0,,,60.0,51.0,7.0,2.0,0.0,0.0,100.0,15.0,No,Building2,"T,W,R",09:00:00,8.0,5.0,4.45,4.916666,4.883333,3.3,1.0,4.8,4.866666,2.35,3.566666,4.55,4.5,4.483333,4.583333,3.65,4.566666,Yes
185822,No,efee091f,VUFA,Part Time,4.635,4.504,No,1,M15228,001,WIRK,Elective,No,Masters1,2024,Spring,20241,2023-24,3.0,24.0,,,24.0,22.0,2.0,0.0,0.0,0.0,100.0,0.0,No,Building2,"T,W,R,F,S",09:00:00,8.0,3.0,4.291666,4.666666,4.541666,3.25,1.0,4.5,4.625,4.25,3.833333,4.25,4.125,4.25,4.0,4.583333,4.333333,Yes
185823,No,0c7ae29a,VUFA,Full Time,4.243,4.296,No,1,T73232,001,WIRK,Elective,No,Masters1,2024,Spring,20241,2023-24,3.0,74.0,,,61.0,50.0,1.0,5.0,0.0,5.0,90.4800033569336,0.0,No,Building1,"T,W,R,F,S",09:00:00,8.0,7.0,4.245614,4.68421,4.578947,2.736842,1.052631,4.280701,4.22807,3.438596,3.45614,4.105263,4.22807,4.122807,4.368421,3.649122,4.315789,Yes
185835,No,4073e50a,QAHF,Full Time,4.769,4.789,No,1,B80262,001,QAHF,Core,No,MSPHD,2024,Spring,20241,2023-24,3.0,74.0,,,60.0,60.0,0.0,0.0,0.0,0.0,86.7600021362305,0.0,No,Building1,"T,R,F",09:00:00,3.5,45.0,4.118644,4.694915,4.610169,2.728813,1.118644,4.661016,4.728813,3.474576,3.406779,4.59322,4.457627,4.559322,4.644067,4.305084,4.644067,Yes
185837,No,354eb1c6,VUFA,Full Time,4.608,4.608,No,1,K57828,060,WIRK,Elective,No,MSPHD,2024,Spring,20241,2023-24,1.5,50.0,,,29.0,8.0,0.0,2.0,0.0,19.0,81.8199996948242,0.0,No,Building2,W,09:00:00,3.25,9.0,4.037037,4.851851,4.74074,3.259259,1.629629,4.555555,4.592592,3.407407,3.481481,4.444444,4.222222,4.518518,4.444444,4.037037,4.37037,Yes
185838,No,4073e50a,QAHF,Full Time,4.574,4.565,No,1,B80262,003,QAHF,Core,No,MSPHD,2024,Spring,20241,2023-24,3.0,74.0,,,60.0,60.0,0.0,0.0,0.0,0.0,75.3600006103516,0.0,No,Building1,"T,R,F",10:50:00,4.666666,45.0,4.173076,4.615384,4.653846,2.557692,1.038461,4.403846,4.480769,3.634615,3.480769,4.173076,4.230769,4.230769,4.461538,4.01923,4.75,Yes
185839,No,b8b7c818,VUFA,Full Time,4.576,4.319,Yes,2,X19759,001,WPUS,Elective,No,Masters1,2024,Spring,20241,2023-24,3.0,90.0,,,85.0,80.0,2.0,2.0,0.0,1.0,87.2099990844727,6.0,Yes,Building2,"T,W,R,F,S",09:00:00,8.0,11.0,4.186666,4.586666,4.453333,3.0,0.986666,4.306666,4.506666,3.613333,3.493333,4.08,4.4,4.453333,4.48,3.24,4.493333,Yes
185839,No,bfe76817,NZJO,Full Time,4.482,4.319,Yes,2,X19759,001A,WPUS,Elective,No,Masters1,2024,Spring,20241,2023-24,3.0,90.0,,,85.0,80.0,2.0,2.0,0.0,1.0,87.2099990844727,6.0,Yes,Building2,"T,W,R,F,S",09:00:00,8.0,11.0,4.186666,4.586666,4.453333,3.0,0.986666,4.306666,4.506666,3.613333,3.493333,4.08,4.4,4.453333,4.48,3.24,4.493333,No
185840,No,a94d01e7,VUFA,Full Time,4.818,4.729,No,1,U67341,001,WIRK,Elective,No,Masters1,2024,Spring,20241,2023-24,3.0,50.0,,,15.0,14.0,0.0,1.0,0.0,0.0,97.0599975585938,0.0,No,Building1,"M,W",09:00:00,1.5,6.0,4.363636,4.757575,4.696969,3.757575,1.454545,4.575757,4.818181,2.939393,3.0,4.636363,4.666666,4.787878,4.696969,4.484848,4.454545,Yes
185841,No,14a85f87,QAHF,Part Time,4.493,4.369,No,1,B80262,004,QAHF,Core,No,MSPHD,2024,Spring,20241,2023-24,3.0,74.0,,,62.0,62.0,0.0,0.0,0.0,0.0,68.6600036621094,0.0,No,Building1,"T,R,F",09:00:00,3.5,45.0,4.021739,4.369565,4.434782,3.130434,1.021739,4.347826,4.391304,3.608695,3.043478,3.913043,4.173913,4.152173,4.326086,4.086956,4.5,Yes
185842,No,d68d7e71,QAHF,,4.463,4.411,No,1,D43425,001,QAHF,Elective,No,Masters1,2024,Spring,20241,2023-24,1.5,50.0,,,16.0,16.0,0.0,0.0,0.0,0.0,78.5699996948242,0.0,No,Building2,"M,W",09:00:00,1.5,9.0,4.0,4.363636,4.40909,2.545454,1.454545,4.318181,4.363636,3.318181,3.454545,4.136363,4.045454,4.227272,4.136363,4.0,4.318181,Yes
185843,No,36d61998,VUFA,Full Time,4.284,4.09,No,1,T00856,001,WIRK,Elective,No,Masters1,2024,Spring,20241,2023-24,3.0,74.0,,,68.0,58.0,2.0,5.0,0.0,3.0,67.6500015258789,0.0,No,Building2,"T,R",14:20:00,3.25,4.0,3.760869,4.043478,4.173913,3.065217,0.934782,3.956521,4.130434,2.586956,3.043478,3.934782,3.97826,4.152173,4.065217,3.673913,4.173913,Yes
185844,No,d68d7e71,QAHF,,4.587,4.392,No,1,D43425,002,QAHF,Elective,No,Masters1,2024,Spring,20241,2023-24,1.5,74.0,,,67.0,55.0,0.0,0.0,0.0,12.0,81.5400009155273,0.0,No,Building2,"M,W",10:50:00,1.5,9.0,4.056603,4.603773,4.245283,2.679245,1.132075,4.207547,4.396226,3.132075,3.528301,4.245283,4.283018,4.509433,4.226415,3.490566,4.45283,Yes
185845,No,ce8f8233,VUFA,Full Time,4.215,4.023,No,1,G48390,001,WIRK,Elective,No,Masters1,2024,Spring,20241,2023-24,3.0,54.0,,,42.0,38.0,0.0,3.0,0.0,1.0,64.2900009155273,0.0,No,Building2,W,09:00:00,3.25,8.0,4.037037,4.222222,4.37037,3.444444,1.037037,4.0,4.185185,3.185185,3.0,3.703703,4.222222,4.333333,4.148148,4.407407,4.518518,Yes
185846,No,440cea27,QAHF,Full Time,4.442,4.298,No,1,O00432,001,QAHF,Elective,No,Masters1,2024,Spring,20241,2023-24,3.0,74.0,,,59.0,40.0,0.0,6.0,1.0,12.0,82.6100006103516,15.0,No,Building1,"M,W",10:50:00,1.5,10.0,3.964912,4.263157,4.315789,3.508771,1.22807,4.14035,4.157894,3.070175,3.491228,4.052631,3.877192,4.192982,4.017543,3.894736,4.122807,Yes
185847,No,ce8f8233,VUFA,Full Time,4.368,4.168,No,1,G48390,002,WIRK,Elective,No,Masters1,2024,Spring,20241,2023-24,3.0,54.0,,,32.0,31.0,0.0,0.0,0.0,1.0,84.379997253418,0.0,No,Building2,W,14:20:00,3.25,8.0,4.259259,4.407407,4.444444,3.074074,1.0,4.074074,4.222222,3.259259,3.0,4.074074,4.407407,4.407407,4.259259,4.259259,4.555555,Yes
185848,No,440cea27,QAHF,Full Time,4.589,4.6,No,1,O00432,002,QAHF,Elective,No,Masters1,2024,Spring,20241,2023-24,3.0,74.0,,,53.0,29.0,1.0,6.0,0.0,17.0,83.3300018310547,19.0,No,Building1,"M,W",14:20:00,1.5,10.0,3.983333,4.583333,4.566666,3.416666,1.383333,4.483333,4.483333,3.083333,3.533333,4.3,4.35,4.433333,4.45,3.983333,4.516666,Yes
185849,No,8a06b1c0,VUFA,Full Time,4.205,4.179,No,1,T73232,002,WIRK,Elective,No,Masters1,2024,Spring,20241,2023-24,1.5,74.0,,,64.0,36.0,1.0,8.0,0.0,19.0,69.8399963378906,0.0,No,Building1,"T,R",10:50:00,1.5,7.0,4.068181,4.227272,4.090909,3.022727,1.272727,4.045454,4.045454,3.931818,3.25,4.045454,4.045454,4.068181,3.886363,3.954545,3.954545,Yes
185850,No,c2ffc26f,QAHF,Full Time,4.523,4.417,No,1,C26850,001,QAHF,Elective,No,Masters1,2024,Spring,20241,2023-24,3.0,74.0,Prerequisites,,59.0,41.0,1.0,9.0,0.0,8.0,89.8300018310547,4.0,No,Building1,W,14:20:00,3.25,15.0,4.150943,4.566037,4.415094,3.415094,1.094339,4.320754,4.396226,3.169811,3.188679,4.113207,4.35849,4.490566,4.396226,3.924528,4.584905,Yes
185851,No,d196f345,ZQOR,Full Time,4.8,4.646,No,1,W99571,001,IGFY,Core,No,Masters1,2024,Spring,20241,2023-24,1.5,74.0,,,66.0,66.0,0.0,0.0,0.0,0.0,100.0,0.0,No,Building1,"T,W,R,F,S",09:00:00,3.25,43.0,4.151515,4.878787,4.681818,3.378787,0.984848,4.5,4.757575,3.424242,3.530303,4.287878,4.636363,4.742424,4.515151,4.121212,4.712121,Yes
185852,No,d5ff7468,CGCH,Part Time,4.804,4.692,No,1,H14240,003,SBFH,Core,No,Masters1,2024,Spring,20241,2023-24,1.5,74.0,,,57.0,57.0,0.0,0.0,0.0,0.0,91.2300033569336,0.0,No,Building1,"M,W",09:00:00,1.5,22.0,4.115384,4.903846,4.788461,2.865384,1.0,4.692307,4.711538,3.230769,3.5,4.211538,4.557692,4.634615,4.634615,3.826923,4.730769,Yes
185853,No,c2ffc26f,QAHF,Full Time,4.746,4.702,No,1,C26850,002,QAHF,Elective,No,Masters1,2024,Spring,20241,2023-24,3.0,74.0,Prerequisites,,68.0,43.0,4.0,8.0,0.0,13.0,83.3300018310547,10.0,No,Building1,W,18:00:00,3.25,15.0,4.272727,4.672727,4.654545,3.163636,1.181818,4.690909,4.727272,3.254545,3.290909,4.563636,4.50909,4.581818,4.581818,4.272727,4.727272,Yes
185854,No,8b24f98b,VUFA,Part Time,4.233,3.979,No,1,K45212,001,WIRK,Elective,No,Masters1,2024,Spring,20241,2023-24,3.0,28.0,,,23.0,21.0,1.0,1.0,0.0,0.0,86.9599990844727,1.0,No,Building1,T,14:20:00,3.25,4.0,3.8,4.25,4.5,3.15,1.0,3.9,4.15,3.35,3.1,4.0,3.95,4.05,4.3,4.4,4.2,Yes
185855,No,d196f345,ZQOR,Full Time,4.648,4.557,No,1,W99571,002,IGFY,Core,No,Masters1,2024,Spring,20241,2023-24,1.5,74.0,,,66.0,66.0,0.0,0.0,0.0,0.0,100.0,0.0,No,Building1,"T,W,R,F,S",14:00:00,3.25,43.0,4.134328,4.731343,4.671641,3.044776,0.985074,4.447761,4.492537,3.477611,3.626865,4.298507,4.432835,4.507462,4.402985,3.895522,4.552238,Yes
185856,No,d7fc3c95,CGCH,Full Time,4.589,4.533,No,1,M03972,001,SBFH,Core,No,Masters1,2024,Spring,20241,2023-24,1.5,74.0,Prerequisites,,60.0,60.0,0.0,0.0,0.0,0.0,71.1900024414063,0.0,No,Building1,"M,W",16:10:00,1.5,22.0,4.166666,4.666666,4.547619,2.95238,0.97619,4.47619,4.547619,3.214285,3.047619,4.166666,4.333333,4.523809,4.547619,4.142857,4.404761,Yes
185857,No,c8c8050e,QAHF,Full Time,4.178,4.15,No,1,U42948,001,QAHF,Elective,No,Masters1,2024,Spring,20241,2023-24,3.0,45.0,,,44.0,40.0,1.0,0.0,0.0,3.0,69.7699966430664,11.0,No,Building1,"T,F",09:00:00,3.25,6.0,4.333333,4.533333,4.4,2.8,1.066666,4.066666,4.033333,3.733333,4.033333,4.0,3.8,3.866666,4.066666,3.6,4.3,No
185858,No,224ecde3,VUFA,Part Time,4.452,4.204,Yes,2,N16012,001,WIRK,Elective,No,Masters1,2024,Spring,20241,2023-24,1.5,74.0,,,62.0,53.0,7.0,1.0,0.0,1.0,78.3300018310547,41.0,Yes,Building2,M,18:00:00,3.25,4.0,3.978723,4.680851,4.638297,3.021276,1.0,4.148936,4.340425,3.212765,3.319148,4.021276,4.510638,4.531914,4.489361,4.255319,4.659574,Yes
185858,No,393e8c68,VUFA,Part Time,4.407,4.204,Yes,2,N16012,001A,WIRK,Elective,No,Masters1,2024,Spring,20241,2023-24,1.5,74.0,,,62.0,53.0,7.0,1.0,0.0,1.0,78.3300018310547,41.0,Yes,Building2,M,18:00:00,3.25,4.0,3.978723,4.680851,4.638297,3.021276,1.0,4.148936,4.340425,3.212765,3.319148,4.021276,4.510638,4.531914,4.489361,4.255319,4.659574,No
185859,No,a8a5288b,ZQOR,Full Time,4.872,4.77,No,1,W99571,003,IGFY,Core,No,Masters1,2024,Spring,20241,2023-24,1.5,74.0,,,64.0,64.0,0.0,0.0,0.0,0.0,95.4499969482422,0.0,No,Building1,"T,W,R,F,S",09:00:00,3.25,43.0,4.111111,4.857142,4.746031,2.857142,1.0,4.682539,4.825396,3.365079,3.650793,4.555555,4.714285,4.825396,4.79365,4.111111,4.809523,Yes
185860,No,d7fc3c95,CGCH,Full Time,4.705,4.615,No,1,M03972,002,SBFH,Core,No,Masters1,2024,Spring,20241,2023-24,1.5,74.0,Prerequisites,,59.0,59.0,0.0,0.0,0.0,0.0,72.879997253418,0.0,No,Building1,"M,W",14:20:00,1.5,22.0,4.139534,4.744186,4.604651,3.325581,0.930232,4.604651,4.581395,3.418604,3.255813,4.232558,4.465116,4.604651,4.558139,4.232558,4.465116,Yes
185861,No,c8c8050e,QAHF,Full Time,4.4,4.664,No,1,U42948,002,QAHF,Elective,No,Masters1,2024,Spring,20241,2023-24,3.0,45.0,,,44.0,18.0,1.0,6.0,0.0,19.0,68.1800003051758,13.0,No,Building1,"W,F",09:00:00,3.25,6.0,4.266666,4.6,3.966666,3.366666,1.333333,4.5,4.4,3.966666,4.133333,4.5,4.0,4.266666,4.266666,4.166666,4.5,No
185862,No,a8a5288b,ZQOR,Full Time,4.912,4.745,No,1,W99571,004,IGFY,Core,No,Masters1,2024,Spring,20241,2023-24,1.5,74.0,,,69.0,69.0,0.0,0.0,0.0,0.0,100.0,0.0,No,Building1,"T,W,R,F,S",14:00:00,3.25,43.0,4.376811,4.826086,4.826086,3.028985,1.0,4.666666,4.768115,3.31884,3.57971,4.507246,4.652173,4.826086,4.681159,4.260869,4.710144,Yes
185863,No,d7fc3c95,CGCH,Full Time,4.477,4.495,No,1,M03972,003,SBFH,Core,No,Masters1,2024,Spring,20241,2023-24,1.5,74.0,Prerequisites,,58.0,58.0,0.0,0.0,0.0,0.0,79.3099975585938,0.0,No,Building1,"M,W",09:00:00,1.5,22.0,4.152173,4.695652,4.565217,2.782608,0.956521,4.369565,4.347826,3.391304,3.043478,4.217391,4.326086,4.456521,4.5,3.869565,4.543478,Yes
185864,No,91485667,VUFA,Full Time,4.533,4.533,No,1,N64281,001,WIRK,Elective,No,MSPHD,2024,Spring,20241,2023-24,4.0,18.0,,,4.0,0.0,0.0,0.0,4.0,0.0,100.0,0.0,No,Building2,R,09:00:00,3.25,1.0,4.75,4.75,4.0,3.5,1.0,4.5,4.25,4.5,2.75,3.75,4.0,4.25,4.75,4.0,4.25,Yes
185865,No,c8c8050e,QAHF,Full Time,4.658,4.582,No,1,U42948,003,QAHF,Elective,No,Masters1,2024,Spring,20241,2023-24,3.0,45.0,,,38.0,34.0,0.0,3.0,0.0,1.0,71.0500030517578,11.0,No,Building1,"R,F",09:00:00,3.25,6.0,4.629629,4.851851,4.851851,3.037037,0.962962,4.222222,4.629629,4.111111,4.185185,4.555555,4.259259,4.481481,4.481481,4.333333,4.666666,No
185866,No,291c33d5,ZQOR,Part Time,4.744,4.451,No,1,J20703,004,IGFY,Core,No,Masters1,2024,Spring,20241,2023-24,1.5,74.0,,,68.0,68.0,0.0,0.0,0.0,0.0,97.0599975585938,0.0,No,Building1,"M,W",09:00:00,1.5,43.0,4.015151,4.818181,4.924242,3.075757,0.984848,4.348484,4.636363,3.196969,3.530303,4.121212,4.40909,4.60606,4.257575,4.136363,4.712121,Yes
185867,No,d7fc3c95,CGCH,Full Time,4.605,4.515,No,1,M03972,004,SBFH,Core,No,Masters1,2024,Spring,20241,2023-24,1.5,74.0,Prerequisites,,61.0,61.0,0.0,0.0,0.0,0.0,67.2099990844727,0.0,No,Building1,"M,W",10:50:00,1.5,22.0,4.365853,4.609756,4.512195,3.268292,0.975609,4.512195,4.487804,3.439024,3.195121,4.268292,4.195121,4.463414,4.487804,4.170731,4.365853,Yes
185868,No,3949797c,VUFA,Full Time,5.0,5.0,No,1,I62672,001,WIRK,Elective,No,MSPHD,2024,Spring,20241,2023-24,3.0,25.0,,,6.0,0.0,0.0,0.0,6.0,0.0,33.3300018310547,0.0,No,Building1,M,10:30:00,3.5,1.0,4.5,4.5,4.5,4.0,1.0,5.0,5.0,4.0,3.5,4.0,4.5,4.0,4.0,4.0,4.0,Yes
185869,No,0f3dc5dd,QAHF,Full Time,4.547,4.428,No,1,C44311,001,QAHF,Elective,No,Masters1,2024,Spring,20241,2023-24,3.0,74.0,Prerequisites,Corequisite,46.0,16.0,0.0,29.0,0.0,1.0,62.9599990844727,0.0,No,Building1,M,14:20:00,3.25,3.0,4.205882,4.470588,4.5,3.794117,1.147058,4.235294,4.470588,3.235294,3.117647,4.17647,4.352941,4.411764,4.441176,4.17647,4.470588,Yes
185870,No,86629cfe,ZQOR,,4.959,4.78,No,1,Z43549,001,IGFY,Elective,No,Masters1,2024,Spring,20241,2023-24,1.5,68.0,,,69.0,68.0,0.0,0.0,0.0,1.0,73.5299987792969,136.0,No,Building1,"M,W",10:50:00,1.5,17.0,4.68,4.94,4.66,3.48,0.96,4.78,4.86,3.9,3.96,4.74,4.82,4.86,4.68,4.46,4.78,Yes
185871,No,abf6b261,GYQP,Part Time,4.544,4.246,No,1,H90785,001,SBFH,Elective,No,Masters1,2024,Spring,20241,2023-24,1.5,68.0,Prerequisites,,43.0,42.0,0.0,1.0,0.0,0.0,85.7099990844727,0.0,No,Building1,M,14:20:00,3.25,2.0,4.333333,4.555555,4.472222,2.944444,0.944444,4.222222,4.5,3.583333,3.694444,4.027777,4.055555,4.166666,3.833333,4.333333,4.361111,Yes
185872,No,ba223305,YICC,Full Time,5.0,5.0,No,1,G72089,001,WIRK,Elective,No,MSPHD,2024,Spring,20241,2023-24,3.0,25.0,,,4.0,0.0,0.0,0.0,4.0,0.0,50.0,0.0,No,Building1,F,09:00:00,3.25,3.0,4.5,4.5,4.5,3.5,1.0,5.0,5.0,3.5,4.0,4.0,5.0,5.0,4.5,5.0,5.0,Yes
185873,No,c2ffc26f,QAHF,Full Time,4.9,4.663,No,1,A65413,001,QAHF,Elective,No,Masters1,2024,Spring,20241,2023-24,1.5,50.0,,,19.0,17.0,0.0,1.0,0.0,1.0,68.9700012207031,6.0,No,Building2,R,09:00:00,3.25,2.0,4.1,4.7,4.65,3.1,1.45,4.55,4.9,3.05,3.4,4.6,4.7,4.65,4.75,3.75,4.8,Yes
185874,No,86629cfe,ZQOR,,4.904,4.819,No,1,Z43549,002,IGFY,Elective,No,Masters1,2024,Spring,20241,2023-24,1.5,68.0,,,69.0,69.0,0.0,0.0,0.0,0.0,79.4100036621094,110.0,No,Building1,"M,W",14:20:00,1.5,17.0,4.518518,4.907407,4.851851,2.962962,0.981481,4.722222,4.722222,3.74074,3.592592,4.666666,4.629629,4.814814,4.796296,4.666666,4.87037,Yes
185875,No,2f803d7c,CGCH,,4.838,4.516,No,1,O60984,001,SBFH,Elective,No,Masters1,2024,Spring,20241,2023-24,3.0,74.0,Prerequisites,,74.0,73.0,0.0,0.0,0.0,1.0,90.5400009155273,21.0,No,Building1,"T,R",09:00:00,1.5,44.0,4.253731,4.701492,4.567164,2.955223,1.0,4.402985,4.656716,3.656716,3.477611,4.194029,4.313432,4.507462,4.432835,3.895522,4.686567,Yes
185876,No,d68d7e71,QAHF,,4.776,4.541,No,1,W20303,001,QAHF,Elective,No,Masters1,2024,Spring,20241,2023-24,3.0,74.0,,,41.0,36.0,0.0,3.0,0.0,2.0,79.629997253418,0.0,No,Building2,"M,W",09:00:00,3.25,3.0,4.209302,4.627906,4.511627,2.906976,1.209302,4.534883,4.767441,3.116279,3.44186,4.511627,4.511627,4.627906,4.418604,4.186046,4.697674,Yes
185877,No,9da21744,VUFA,Part Time,4.26,4.494,No,1,S02007,001,WIRK,Elective,No,MSPHD,2024,Spring,20241,2023-24,1.5,74.0,,,46.0,2.0,1.0,12.0,0.0,31.0,100.0,0.0,No,Building1,T,18:00:00,3.0,4.0,4.46,4.66,4.66,3.36,1.58,4.4,4.26,3.98,3.84,4.02,3.96,4.08,3.9,3.54,4.2,Yes
185878,No,39c0cb52,ZQOR,Part Time,4.45,4.218,No,1,Q44513,002,IGFY,Elective,No,Masters1,2024,Spring,20241,2023-24,3.0,50.0,,,40.0,35.0,0.0,0.0,0.0,5.0,87.5,8.0,No,Building1,R,09:00:00,3.25,43.0,4.057142,4.457142,4.371428,2.971428,1.085714,4.142857,4.285714,3.057142,2.914285,3.971428,4.142857,4.371428,4.428571,3.885714,4.4,Yes
185879,No,2f803d7c,CGCH,,4.749,4.448,No,1,O60984,002,SBFH,Elective,No,Masters1,2024,Spring,20241,2023-24,3.0,73.0,Prerequisites,,74.0,74.0,0.0,0.0,0.0,0.0,84.0,26.0,No,Building1,"T,R",10:50:00,1.5,44.0,4.380952,4.63492,4.571428,3.111111,0.95238,4.396825,4.587301,3.698412,3.396825,4.206349,4.444444,4.587301,4.444444,3.857142,4.650793,Yes
185880,No,d68d7e71,QAHF,,4.8,4.6,No,1,T92399,001,QAHF,Elective,No,MSPHD,2024,Spring,20241,2023-24,3.0,12.0,,,7.0,0.0,0.0,2.0,5.0,0.0,62.5,0.0,No,Building2,T,14:20:00,3.25,1.0,4.6,4.2,4.2,3.8,0.8,4.6,4.8,3.2,3.6,3.2,4.8,4.8,4.6,4.4,4.8,No
185881,No,9da21744,VUFA,Part Time,4.394,4.519,No,1,Q27744,001,WIRK,Elective,No,MSPHD,2024,Spring,20241,2023-24,1.5,74.0,,,42.0,5.0,0.0,7.0,0.0,30.0,90.6999969482422,0.0,No,Building1,T,18:00:00,3.0,3.0,4.538461,4.641025,4.692307,3.564102,1.589743,4.461538,4.205128,3.589743,3.743589,4.051282,4.230769,4.25641,4.153846,3.51282,4.205128,Yes
185882,No,39c0cb52,ZQOR,Part Time,4.552,4.213,No,1,Q44513,003,IGFY,Elective,No,Masters1,2024,Spring,20241,2023-24,3.0,50.0,,,45.0,45.0,0.0,0.0,0.0,0.0,77.7799987792969,13.0,No,Building1,R,14:20:00,3.25,43.0,4.228571,4.571428,4.514285,3.085714,0.942857,4.114285,4.542857,2.657142,2.657142,4.057142,4.457142,4.485714,4.428571,4.228571,4.685714,Yes
185883,No,b925a0e4,CGCH,Full Time,4.779,4.367,No,1,D49006,001,SBFH,Elective,No,Masters1,2024,Spring,20241,2023-24,3.0,74.0,Prerequisites,Corequisite,64.0,58.0,2.0,2.0,0.0,2.0,76.5599975585938,0.0,No,Building1,"M,W",09:00:00,1.5,13.0,4.163265,4.408163,4.530612,3.510204,1.020408,4.367346,4.632653,3.306122,2.979591,4.367346,4.55102,4.714285,4.653061,4.346938,4.734693,Yes
185884,No,8a06b1c0,VUFA,Full Time,4.786,4.929,No,1,U56235,001,WIRK,Elective,No,MSPHD,2024,Spring,20241,2023-24,1.5,25.0,,,8.0,0.0,0.0,4.0,0.0,4.0,100.0,0.0,No,Building1,"T,R",14:20:00,1.5,6.0,3.785714,4.0,4.0,3.071428,1.571428,4.928571,4.785714,3.285714,3.428571,4.642857,4.857142,4.785714,4.571428,4.571428,4.857142,Yes
185885,No,daa21d45,QAHF,Full Time,4.467,4.2,Yes,2,G42687,001A,QAHF,Elective,No,MSPHD,2024,Spring,20241,2023-24,3.0,40.0,,,27.0,0.0,0.0,27.0,0.0,0.0,55.560001373291,0.0,Yes,Building2,T,09:00:00,3.25,3.0,4.2,4.466666,4.4,3.733333,0.933333,4.2,4.5,4.0,3.733333,4.266666,4.666666,4.733333,4.533333,4.466666,4.6,No
185885,No,0f3dc5dd,QAHF,Full Time,4.533,4.2,Yes,2,G42687,001,QAHF,Elective,No,MSPHD,2024,Spring,20241,2023-24,3.0,40.0,,,27.0,0.0,0.0,27.0,0.0,0.0,55.560001373291,0.0,Yes,Building2,T,09:00:00,3.25,3.0,4.2,4.466666,4.4,3.733333,0.933333,4.2,4.5,4.0,3.733333,4.266666,4.666666,4.733333,4.533333,4.466666,4.6,Yes
185886,No,423e8acc,ZQOR,Full Time,4.905,4.893,No,1,Q44513,004,IGFY,Elective,No,Masters1,2024,Spring,20241,2023-24,3.0,50.0,,,49.0,49.0,0.0,0.0,0.0,0.0,85.7099990844727,10.0,No,Building1,T,09:00:00,3.25,43.0,4.547619,4.690476,4.642857,3.023809,1.0,4.833333,4.904761,3.0,2.97619,4.714285,4.738095,4.904761,4.904761,4.595238,4.857142,Yes
185887,No,b925a0e4,CGCH,Full Time,4.712,4.455,No,1,D49006,002,SBFH,Elective,No,Masters1,2024,Spring,20241,2023-24,3.0,74.0,Prerequisites,Corequisite,72.0,66.0,0.0,2.0,0.0,4.0,70.8300018310547,11.0,No,Building1,"M,W",10:50:00,1.5,13.0,4.235294,4.549019,4.686274,3.431372,1.0,4.411764,4.666666,3.352941,3.058823,4.372549,4.607843,4.666666,4.686274,4.196078,4.470588,Yes
185888,No,423e8acc,ZQOR,Full Time,4.626,4.682,No,1,Q44513,005,IGFY,Elective,No,Masters1,2024,Spring,20241,2023-24,3.0,50.0,,,48.0,48.0,0.0,0.0,0.0,0.0,91.6699981689453,22.0,No,Building1,T,14:20:00,3.25,43.0,4.204545,4.772727,4.477272,2.818181,1.0,4.681818,4.477272,2.931818,3.113636,4.295454,4.704545,4.772727,4.704545,4.431818,4.727272,Yes
185889,No,b3a47ed1,QAHF,Full Time,4.625,4.509,No,1,N70944,001,QAHF,Elective,Yes,MSPHD,2024,Spring,20241,2023-24,1.5,50.0,,,30.0,1.0,0.0,29.0,0.0,0.0,72.7300033569336,0.0,No,Building1,"T,W,R,F,S",09:00:00,4.0,,4.375,4.541666,4.541666,3.666666,0.958333,4.5,4.625,3.833333,3.75,4.208333,4.625,4.666666,4.333333,4.583333,4.5,Yes
185890,No,76c98501,VQWP,,4.526,4.424,No,1,T54607,001,SBFH,Elective,No,Masters1,2024,Spring,20241,2023-24,1.5,50.0,Prerequisites,,25.0,19.0,1.0,5.0,0.0,0.0,67.8600006103516,0.0,No,Building1,"M,W",10:50:00,1.5,3.0,4.368421,4.68421,4.631578,3.631578,1.0,4.421052,4.526315,3.526315,3.526315,4.157894,4.105263,4.315789,4.473684,3.842105,4.263157,Yes
185891,No,423e8acc,ZQOR,Full Time,4.732,4.795,No,1,Q44513,006,IGFY,Elective,No,Masters1,2024,Spring,20241,2023-24,3.0,50.0,,,50.0,50.0,0.0,0.0,0.0,0.0,83.6699981689453,12.0,No,Building1,W,09:00:00,3.25,43.0,4.463414,4.804878,4.804878,2.878048,1.0,4.658536,4.658536,2.951219,3.04878,4.585365,4.634146,4.682926,4.609756,4.439024,4.707317,Yes
185892,No,9d3cb87d,CGCH,Part Time,4.462,4.331,No,1,U67724,001,SBFH,Elective,No,Masters1,2024,Spring,20241,2023-24,1.5,50.0,,Corequisite,43.0,40.0,2.0,0.0,0.0,1.0,85.0,49.0,No,Building2,T,09:00:00,3.25,2.0,3.764705,4.352941,4.323529,3.294117,1.0,4.17647,4.294117,4.17647,3.882352,4.147058,3.970588,4.088235,3.911764,4.5,4.411764,Yes
185893,No,00c8a86b,ZQOR,Full Time,4.477,4.329,No,1,U57158,001,IGFY,Elective,No,Masters1,2024,Spring,20241,2023-24,3.0,74.0,,,66.0,65.0,0.0,0.0,0.0,1.0,95.4499969482422,18.0,No,Building1,T,09:00:00,3.25,4.0,3.95238,4.666666,4.746031,3.206349,1.0,4.238095,4.15873,2.984126,3.015873,4.031746,4.253968,4.285714,4.365079,4.031746,4.603174,Yes
185895,No,1b7cba7c,CGCH,Part Time,4.629,4.52,No,1,H48373,001,SBFH,Elective,No,Masters1,2024,Spring,20241,2023-24,1.5,25.0,Prerequisites,,22.0,22.0,0.0,0.0,0.0,0.0,78.2600021362305,31.0,No,Building2,M,18:00:00,3.25,1.0,4.222222,4.611111,4.388888,3.833333,0.944444,4.444444,4.277777,3.5,3.388888,4.166666,4.277777,4.444444,4.333333,3.777777,4.444444,Yes
185896,No,00c8a86b,ZQOR,Full Time,4.226,4.059,No,1,U57158,002,IGFY,Elective,No,Masters1,2024,Spring,20241,2023-24,3.0,74.0,,,55.0,54.0,0.0,0.0,0.0,1.0,92.7300033569336,31.0,No,Building1,T,14:20:00,3.25,4.0,3.882352,4.352941,4.431372,3.235294,1.0,3.843137,4.039215,2.803921,2.784313,3.784313,4.019607,4.17647,4.117647,3.568627,4.392156,Yes
185897,No,96256d7a,CGCH,,4.285,4.164,No,1,S95648,001,SBFH,Elective,No,Masters1,2024,Spring,20241,2023-24,1.5,74.0,,Corequisite,59.0,59.0,0.0,0.0,0.0,0.0,66.0999984741211,3.0,No,Building1,"M,W",16:10:00,1.5,1.0,4.230769,4.333333,4.076923,3.51282,0.897435,3.820512,3.923076,3.589743,3.230769,3.974358,3.76923,3.794871,3.897435,3.384615,4.230769,Yes
185898,No,f06d5cf6,ZQOR,Full Time,3.82,3.416,No,1,Q88265,001,IGFY,Elective,No,Masters1,2024,Spring,20241,2023-24,3.0,74.0,,,73.0,71.0,0.0,0.0,0.0,2.0,77.629997253418,23.0,No,Building1,T,14:20:00,3.25,14.0,3.966101,4.440677,4.559322,2.762711,1.016949,3.372881,3.728813,2.813559,2.542372,3.474576,4.067796,4.050847,3.932203,3.288135,4.406779,Yes
185899,No,f06d5cf6,ZQOR,Full Time,4.296,3.973,No,1,Q88265,002,IGFY,Elective,No,Masters1,2024,Spring,20241,2023-24,3.0,74.0,,,68.0,60.0,1.0,2.0,0.0,5.0,77.6100006103516,12.0,No,Building1,R,14:20:00,3.25,14.0,3.942307,4.384615,4.596153,3.326923,1.0,3.807692,4.173076,2.826923,2.653846,3.673076,4.211538,4.346153,4.115384,3.923076,4.307692,Yes
185900,No,d51358a4,CGCH,Part Time,4.223,4.307,No,1,Y49023,001,SBFH,Elective,No,Masters1,2024,Spring,20241,2023-24,3.0,50.0,Prerequisites,,23.0,23.0,0.0,0.0,0.0,0.0,87.879997253418,0.0,No,Building2,R,14:20:00,3.25,3.0,4.310344,4.655172,4.206896,2.862068,1.137931,4.275862,4.103448,3.172413,3.241379,3.793103,4.034482,4.413793,4.0,3.793103,4.137931,Yes
185901,No,00a9ac6a,ZQOR,Part Time,4.509,4.333,Yes,2,E66065,001,IGFY,Elective,No,Masters1,2024,Spring,20241,2023-24,3.0,50.0,Prerequisites,,12.0,11.0,1.0,0.0,0.0,0.0,100.0,1.0,Yes,Building1,T,09:00:00,3.25,8.0,4.0,4.25,4.5,3.083333,1.0,4.333333,4.5,3.583333,3.25,4.0,4.166666,4.416666,4.25,4.666666,4.666666,Yes
185901,No,b52692d4,ZQOR,Part Time,4.5,4.333,Yes,2,E66065,001A,IGFY,Elective,No,Masters1,2024,Spring,20241,2023-24,3.0,50.0,Prerequisites,,12.0,11.0,1.0,0.0,0.0,0.0,100.0,1.0,Yes,Building1,T,09:00:00,3.25,8.0,4.0,4.25,4.5,3.083333,1.0,4.333333,4.5,3.583333,3.25,4.0,4.166666,4.416666,4.25,4.666666,4.666666,No
185902,No,0c45289c,AFQO,,4.557,4.385,No,1,A05341,001,SBFH,Elective,No,Masters1,2024,Spring,20241,2023-24,3.0,60.0,,Corequisite,32.0,24.0,0.0,0.0,0.0,8.0,61.9000015258789,4.0,No,Building1,M,09:00:00,3.25,15.0,3.923076,4.307692,4.423076,3.038461,1.346153,4.384615,4.538461,3.692307,3.961538,4.038461,4.153846,4.307692,4.0,4.115384,4.615384,Yes
185903,No,db491214,NZJO,Full Time,4.308,4.282,No,1,I48088,003,TRXC,Core,No,Masters1,2024,Spring,20241,2023-24,1.5,74.0,,,61.0,61.0,0.0,0.0,0.0,0.0,90.1600036621094,0.0,No,Building1,"T,R",09:00:00,1.5,45.0,4.072727,4.6,4.50909,3.290909,1.0,4.2,4.163636,3.30909,3.218181,3.781818,4.036363,4.090909,4.163636,3.563636,4.345454,Yes
185904,No,c78707cb,CGCH,Part Time,4.917,4.681,No,1,A05341,002,SBFH,Elective,No,Masters1,2024,Spring,20241,2023-24,3.0,74.0,,Corequisite,72.0,56.0,2.0,6.0,0.0,8.0,83.3300018310547,9.0,No,Building1,W,14:20:00,3.25,15.0,4.316666,4.883333,4.75,3.616666,1.083333,4.666666,4.916666,2.883333,3.266666,4.416666,4.666666,4.8,4.683333,4.3,4.833333,Yes
185905,No,adb6bf4c,ZQOR,Part Time,4.809,4.774,No,1,S08097,001,IGFY,Elective,No,Masters1,2024,Spring,20241,2023-24,1.5,74.0,,,63.0,58.0,5.0,0.0,0.0,0.0,77.0500030517578,78.0,No,Building2,"T,R",10:50:00,1.5,4.0,4.468085,4.893617,4.659574,2.957446,1.0,4.74468,4.80851,4.063829,3.787234,4.617021,4.617021,4.787234,4.595744,4.255319,4.80851,Yes
185906,No,cdc4c1dd,NZJO,Part Time,4.258,4.296,No,1,D09899,001,TRXC,Core,No,Masters1,2024,Spring,20241,2023-24,1.5,74.0,,,61.0,61.0,0.0,0.0,0.0,0.0,78.3300018310547,0.0,No,Building1,"T,R",10:50:00,1.5,45.0,4.063829,4.531914,4.234042,3.148936,0.957446,4.276595,4.148936,3.212765,4.085106,3.893617,3.702127,3.978723,3.765957,3.851063,4.574468,Yes
185907,No,601ee8d9,CGCH,Full Time,4.247,4.295,No,1,T42714,001,SBFH,Elective,No,Masters1,2024,Spring,20241,2023-24,3.0,90.0,,Corequisite,85.0,82.0,1.0,1.0,0.0,1.0,72.620002746582,5.0,No,Building2,"M,W",16:10:00,1.5,20.0,4.131147,4.639344,4.557377,2.901639,1.0,4.180327,4.163934,3.754098,3.52459,4.114754,4.163934,4.262295,4.327868,3.852459,4.52459,Yes
185908,No,08470d1d,ZQOR,Part Time,4.288,4.248,No,1,M20044,001,IGFY,Elective,No,Masters1,2024,Spring,20241,2023-24,3.0,50.0,,,28.0,22.0,3.0,3.0,0.0,0.0,60.0,7.0,No,Building2,M,14:20:00,3.25,4.0,3.851851,4.444444,4.444444,3.222222,1.222222,4.111111,4.185185,3.259259,2.888888,3.814814,4.222222,4.148148,3.962962,3.555555,4.37037,Yes
185910,No,cdc4c1dd,NZJO,Part Time,3.676,3.68,No,1,D09899,002,TRXC,Core,No,Masters1,2024,Spring,20241,2023-24,1.5,74.0,,,62.0,62.0,0.0,0.0,0.0,0.0,75.8099975585938,0.0,No,Building1,"T,R",14:20:00,1.5,45.0,3.80851,4.382978,4.510638,3.106382,0.957446,3.617021,3.510638,3.404255,4.085106,3.170212,3.127659,3.319148,3.297872,3.595744,3.87234,Yes
185911,No,601ee8d9,CGCH,Full Time,4.491,4.518,No,1,T42714,002,SBFH,Elective,No,Masters1,2024,Spring,20241,2023-24,3.0,90.0,,Corequisite,79.0,74.0,5.0,0.0,0.0,0.0,67.0899963378906,0.0,No,Building2,"M,W",18:00:00,1.5,20.0,4.509433,4.641509,4.603773,3.113207,0.981132,4.471698,4.35849,4.0,3.754716,4.320754,4.490566,4.528301,4.471698,4.245283,4.660377,Yes
185912,No,51f2fdbf,ZQOR,Full Time,3.855,3.656,No,1,G31839,001,IGFY,Elective,No,Masters1,2024,Spring,20241,2023-24,3.0,74.0,,,65.0,65.0,0.0,0.0,0.0,0.0,86.1500015258789,14.0,No,Building1,"T,R",09:00:00,1.5,5.0,3.839285,4.357142,3.946428,3.232142,0.964285,3.375,3.642857,2.821428,2.5,3.5,4.017857,3.875,3.75,3.142857,3.982142,Yes
185914,No,cdc4c1dd,NZJO,Part Time,4.221,4.254,No,1,D09899,003,TRXC,Core,No,Masters1,2024,Spring,20241,2023-24,1.5,74.0,,,60.0,60.0,0.0,0.0,0.0,0.0,85.0,0.0,No,Building1,"T,R",09:00:00,1.5,45.0,4.235294,4.72549,4.72549,2.960784,1.0,4.137254,4.117647,3.352941,4.156862,3.823529,3.686274,4.058823,3.784313,3.607843,4.529411,Yes
185915,No,8f68d9d9,OGPX,Part Time,3.907,3.8,No,1,T02977,001,SBFH,Elective,No,Masters1,2024,Spring,20241,2023-24,3.0,29.0,Prerequisites,,24.0,19.0,4.0,0.0,0.0,1.0,66.6699981689453,0.0,No,Building2,W,14:20:00,3.25,4.0,4.0,4.25,4.4375,3.6875,0.9375,3.75,3.875,3.5,3.1875,3.875,3.625,3.75,3.875,3.5625,4.125,Yes
185916,No,62729069,ZQOR,Part Time,4.553,4.451,Yes,2,T49989,001,IGFY,Elective,No,Masters1,2024,Spring,20241,2023-24,1.5,74.0,,,65.0,64.0,0.0,1.0,0.0,0.0,74.5999984741211,5.0,Yes,Building1,"T,R",10:50:00,1.5,3.0,4.234042,4.468085,4.617021,3.893617,0.93617,4.446808,4.446808,3.021276,3.148936,4.0,4.170212,4.319148,4.276595,3.829787,4.297872,Yes
185916,No,b1bb2f8c,ZQOR,Part Time,4.458,4.451,Yes,2,T49989,001A,IGFY,Elective,No,Masters1,2024,Spring,20241,2023-24,1.5,74.0,,,65.0,64.0,0.0,1.0,0.0,0.0,74.5999984741211,5.0,Yes,Building1,"T,R",10:50:00,1.5,3.0,4.234042,4.468085,4.617021,3.893617,0.93617,4.446808,4.446808,3.021276,3.148936,4.0,4.170212,4.319148,4.276595,3.829787,4.297872,No
185918,No,cdc4c1dd,NZJO,Part Time,3.839,3.935,No,1,D09899,004,TRXC,Core,No,Masters1,2024,Spring,20241,2023-24,1.5,74.0,,,62.0,62.0,0.0,0.0,0.0,0.0,70.9700012207031,0.0,No,Building1,"T,R",16:10:00,1.5,45.0,4.113636,4.65909,4.454545,2.681818,0.931818,3.840909,3.613636,3.227272,4.113636,3.40909,3.363636,3.5,3.181818,3.5,4.113636,Yes
185919,No,8f68d9d9,OGPX,Part Time,5.0,5.0,No,1,T02977,D01,SBFH,Elective,No,Masters1,2024,Spring,20241,2023-24,3.0,3.0,Prerequisites,,2.0,0.0,2.0,0.0,0.0,0.0,50.0,0.0,No,off-campus,W,14:20:00,3.25,4.0,5.0,5.0,5.0,5.0,1.0,5.0,5.0,3.0,3.0,5.0,5.0,5.0,5.0,5.0,5.0,Yes
185920,No,406c71e9,NZJO,Part Time,4.657,4.514,Yes,2,D64693,001,TRXC,Elective,No,Masters1,2024,Spring,20241,2023-24,3.0,49.0,,,13.0,12.0,0.0,0.0,1.0,0.0,66.6699981689453,0.0,Yes,Building1,R,14:20:00,3.25,1.0,4.0625,4.8125,4.0625,3.25,1.375,4.5,4.34375,2.9375,3.1875,4.25,4.5625,4.625,4.625,4.5625,4.625,No
185920,No,a04c2c7c,NZJO,Part Time,4.262,4.514,Yes,2,D64693,001A,TRXC,Elective,No,Masters1,2024,Spring,20241,2023-24,3.0,49.0,,,13.0,12.0,0.0,0.0,1.0,0.0,66.6699981689453,0.0,Yes,Building1,R,14:20:00,3.25,1.0,4.0625,4.8125,4.0625,3.25,1.375,4.5,4.34375,2.9375,3.1875,4.25,4.5625,4.625,4.625,4.5625,4.625,No
185921,No,a5a0fa6c,ZQOR,Full Time,4.157,4.25,No,1,X37454,001,IGFY,Elective,No,Masters1,2024,Spring,20241,2023-24,1.5,36.0,,Corequisite,33.0,32.0,0.0,0.0,0.0,1.0,72.7300033569336,23.0,No,Building2,T,09:00:00,3.25,40.0,4.041666,4.458333,4.666666,3.208333,0.958333,4.25,4.125,2.916666,3.125,4.041666,4.416666,4.416666,4.291666,4.166666,4.583333,Yes
185923,No,a5a0fa6c,ZQOR,Full Time,3.848,4.191,No,1,X37454,002,IGFY,Elective,No,Masters1,2024,Spring,20241,2023-24,1.5,36.0,,Corequisite,31.0,31.0,0.0,0.0,0.0,0.0,80.0,17.0,No,Building2,T,14:20:00,3.25,40.0,4.125,4.375,4.541666,3.541666,1.0,4.083333,3.75,3.083333,2.916666,3.666666,3.875,3.666666,3.791666,3.916666,4.083333,Yes
185925,No,25779859,CGCH,Part Time,4.25,3.75,No,1,F86890,001,SBFH,Elective,No,Masters1,2024,Spring,20241,2023-24,1.5,50.0,Prerequisites,,8.0,7.0,1.0,0.0,0.0,0.0,40.0,1.0,No,Building2,M,18:00:00,3.25,5.0,3.75,4.75,4.75,3.5,1.0,3.75,4.25,4.0,3.5,3.75,4.25,4.0,4.0,3.25,5.0,Yes
185926,No,11a4baed,KFZN,,4.316,4.414,No,1,T20893,001,TRXC,Elective,No,Masters1,2024,Spring,20241,2023-24,1.5,74.0,Prerequisites,,54.0,51.0,2.0,1.0,0.0,0.0,88.8899993896484,0.0,No,Building2,M,09:00:00,3.25,1.0,4.208333,4.395833,4.541666,3.1875,1.0,4.1875,4.166666,3.625,3.291666,4.041666,3.729166,3.895833,4.104166,4.291666,4.145833,Yes
185927,No,a5a0fa6c,ZQOR,Full Time,4.3,4.343,No,1,X37454,003,IGFY,Elective,No,Masters1,2024,Spring,20241,2023-24,1.5,36.0,,Corequisite,32.0,32.0,0.0,0.0,0.0,0.0,71.879997253418,23.0,No,Building2,T,18:00:00,3.25,40.0,4.043478,4.391304,4.173913,3.173913,1.0,4.217391,4.217391,3.173913,3.130434,3.913043,4.086956,4.260869,4.304347,4.130434,4.391304,Yes
185928,No,25779859,CGCH,Part Time,4.0,4.0,No,1,F86890,D01,SBFH,Elective,No,Masters1,2024,Spring,20241,2023-24,1.5,5.0,Prerequisites,,1.0,0.0,1.0,0.0,0.0,0.0,100.0,0.0,No,off-campus,M,18:00:00,3.25,5.0,5.0,5.0,0.0,4.0,1.0,4.0,4.0,3.0,3.0,4.0,5.0,5.0,5.0,0.0,5.0,Yes
185929,No,54871f7d,NZJO,,4.514,4.432,No,1,H81467,001,TRXC,Elective,No,Masters1,2024,Spring,20241,2023-24,3.0,74.0,,,42.0,40.0,0.0,1.0,0.0,1.0,74.2399978637695,8.0,No,Building1,R,09:00:00,3.25,22.0,4.020408,4.591836,4.673469,3.306122,1.367346,4.387755,4.367346,3.142857,3.081632,4.32653,4.448979,4.428571,4.55102,4.040816,4.755102,Yes
185930,No,640ca4b8,ZQOR,Part Time,4.71,4.76,No,1,X37454,004,IGFY,Elective,No,Masters1,2024,Spring,20241,2023-24,1.5,36.0,,Corequisite,35.0,35.0,0.0,0.0,0.0,0.0,62.8600006103516,57.0,No,Building1,M,14:20:00,3.25,40.0,4.545454,4.954545,4.863636,3.681818,0.90909,4.727272,4.681818,3.227272,3.227272,4.590909,4.772727,4.818181,4.818181,4.90909,4.863636,Yes
185931,No,1ee90e5f,CGCH,Part Time,4.846,4.833,Yes,2,D25533,001,SBFH,Elective,No,Masters1,2024,Spring,20241,2023-24,1.5,32.0,Prerequisites,,24.0,18.0,6.0,0.0,0.0,0.0,54.1699981689453,0.0,Yes,Building1,T,14:20:00,3.25,5.0,4.692307,4.923076,4.76923,4.384615,0.846153,4.461538,4.846153,3.846153,3.615384,4.230769,4.307692,4.538461,4.230769,3.846153,4.538461,Yes
185931,No,86ada1bb,CGCH,Part Time,4.846,4.833,Yes,2,D25533,001A,SBFH,Elective,No,Masters1,2024,Spring,20241,2023-24,1.5,32.0,Prerequisites,,24.0,18.0,6.0,0.0,0.0,0.0,54.1699981689453,0.0,Yes,Building1,T,14:20:00,3.25,5.0,4.692307,4.923076,4.76923,4.384615,0.846153,4.461538,4.846153,3.846153,3.615384,4.230769,4.307692,4.538461,4.230769,3.846153,4.538461,No
185932,No,54871f7d,NZJO,,4.319,4.297,No,1,H81467,002,TRXC,Elective,No,Masters1,2024,Spring,20241,2023-24,3.0,74.0,,,57.0,53.0,0.0,3.0,0.0,1.0,60.6100006103516,5.0,No,Building1,R,14:20:00,3.25,22.0,4.15,4.425,4.375,3.425,1.15,4.25,4.25,3.3,3.1,4.075,4.2,4.275,4.2,3.675,4.1,Yes
185933,No,640ca4b8,ZQOR,Part Time,4.811,4.644,No,1,X37454,005,IGFY,Elective,No,Masters1,2024,Spring,20241,2023-24,1.5,36.0,,Corequisite,27.0,27.0,0.0,0.0,0.0,0.0,70.370002746582,44.0,No,Building1,M,18:00:00,3.25,40.0,4.052631,4.68421,4.842105,3.157894,1.0,4.578947,4.736842,3.157894,3.210526,4.368421,4.736842,4.842105,4.421052,4.578947,4.631578,Yes
185934,No,98ffe2d9,NZJO,Part Time,3.885,3.944,No,1,H81467,003,TRXC,Elective,No,Masters1,2024,Spring,20241,2023-24,3.0,74.0,,,45.0,39.0,1.0,0.0,0.0,5.0,55.3600006103516,4.0,No,Building1,W,09:00:00,3.25,22.0,3.774193,4.32258,4.387096,3.193548,1.16129,3.741935,3.741935,3.193548,2.838709,3.741935,3.774193,3.870967,3.935483,3.16129,4.258064,Yes
185935,No,a1f188f8,ZQOR,Part Time,4.504,4.667,No,1,X37454,006,IGFY,Elective,No,Masters1,2024,Spring,20241,2023-24,1.5,36.0,,Corequisite,27.0,26.0,1.0,0.0,0.0,0.0,88.8899993896484,21.0,No,Building2,R,09:00:00,3.25,40.0,4.166666,4.708333,4.5,3.625,0.916666,4.666666,4.5,3.416666,3.208333,4.333333,4.416666,4.5,4.333333,4.583333,4.666666,Yes
185936,No,96256d7a,CGCH,,3.669,3.651,No,1,G93788,001,SBFH,Elective,No,Masters1,2024,Spring,20241,2023-24,3.0,135.0,,Corequisite,132.0,131.0,0.0,1.0,0.0,0.0,81.5400009155273,23.0,No,Building2,"M,W",09:00:00,1.5,6.0,3.886792,4.075471,4.235849,3.094339,0.981132,3.556603,3.5,3.962264,3.188679,3.547169,3.45283,3.528301,3.462264,3.216981,3.943396,Yes
185937,No,2b86262a,ZQOR,Part Time,4.661,4.536,No,1,X37454,007,IGFY,Elective,No,Masters1,2024,Spring,20241,2023-24,1.5,36.0,,Corequisite,32.0,32.0,0.0,0.0,0.0,0.0,83.870002746582,23.0,No,Building1,T,14:20:00,3.25,40.0,4.153846,4.615384,4.653846,3.307692,0.923076,4.230769,4.346153,2.730769,2.846153,4.076923,4.5,4.461538,4.346153,4.653846,4.576923,Yes
185938,No,5747340c,NZJO,Full Time,4.452,4.331,No,1,K21507,001,TRXC,Elective,No,Masters1,2024,Spring,20241,2023-24,1.5,50.0,,,33.0,27.0,0.0,5.0,0.0,1.0,81.8199996948242,0.0,No,Building1,"M,W",14:20:00,1.5,13.0,4.222222,4.74074,4.666666,3.74074,1.037037,4.259259,4.444444,3.259259,2.962962,4.259259,4.0,4.111111,4.333333,3.703703,4.666666,Yes
185939,No,eb8eca91,CGCH,Full Time,4.44,4.573,No,1,C17477,001,SBFH,Elective,No,Masters1,2024,Spring,20241,2023-24,3.0,50.0,Prerequisites,Corequisite,22.0,21.0,1.0,0.0,0.0,0.0,72.7300033569336,2.0,No,Building2,M,14:20:00,3.25,4.0,4.125,4.6875,4.6875,2.625,0.9375,4.5625,4.4375,3.0625,3.0625,4.4375,4.125,4.25,4.125,3.625,4.5,Yes
185941,No,f8710654,ZQOR,Part Time,4.474,4.17,No,1,P20112,001,IGFY,Elective,No,Masters1,2024,Spring,20241,2023-24,1.5,40.0,,,36.0,36.0,0.0,0.0,0.0,0.0,83.3300018310547,0.0,No,Building1,M,14:20:00,3.25,3.0,3.9,4.566666,4.566666,2.8,1.0,3.866666,4.433333,3.2,2.8,3.866666,4.133333,4.1,3.833333,3.866666,4.3,Yes
185942,Yes,1fd9ffa4,NZJO,Part Time,3.904,4.033,No,1,G58277,001,TRXC,Elective,No,Masters1,2024,Spring,20241,2023-24,3.0,50.0,,,37.0,36.0,0.0,0.0,0.0,1.0,75.0,0.0,No,Building2,R,09:00:00,3.25,6.0,3.962962,4.333333,4.222222,3.444444,0.962962,3.925925,3.592592,2.814814,2.962962,3.666666,3.777777,3.592592,3.851851,3.481481,3.74074,Yes
185943,No,6872ba4a,CGCH,Full Time,4.2,4.129,No,1,S05340,001,SBFH,Elective,No,Masters1,2024,Spring,20241,2023-24,1.5,50.0,Prerequisites,,31.0,31.0,0.0,0.0,0.0,0.0,56.6699981689453,0.0,No,Building1,"M,W",09:00:00,1.5,30.0,3.764705,4.588235,4.647058,3.411764,0.941176,3.882352,3.941176,2.647058,2.823529,3.705882,3.882352,4.058823,4.058823,3.529411,4.470588,No
185946,No,bfe76817,NZJO,Full Time,3.818,3.822,No,1,T08112,001,TRXC,Elective,No,Masters1,2024,Spring,20241,2023-24,3.0,74.0,,,68.0,65.0,2.0,0.0,0.0,1.0,80.879997253418,2.0,No,Building2,W,14:20:00,3.25,3.0,3.818181,4.254545,4.454545,3.490909,1.0,3.618181,3.6,3.381818,2.818181,3.763636,3.690909,3.836363,3.818181,3.781818,4.127272,Yes
185947,No,1803de70,GYQP,Part Time,4.855,4.786,No,1,U60062,001,SBFH,Elective,No,Masters1,2024,Spring,20241,2023-24,3.0,64.0,Prerequisites,,63.0,58.0,4.0,0.0,0.0,1.0,73.0199966430664,43.0,No,Building1,W,18:00:00,3.25,11.0,4.543478,4.913043,4.847826,3.826086,0.97826,4.652173,4.73913,3.760869,3.717391,4.586956,4.652173,4.826086,4.826086,4.826086,4.760869,Yes
185948,No,4a824882,ZQOR,Part Time,4.567,4.321,No,1,T61937,001,IGFY,Elective,No,Masters1,2024,Spring,20241,2023-24,1.5,74.0,,,43.0,42.0,1.0,0.0,0.0,0.0,74.0699996948242,11.0,No,Building1,"T,R",18:00:00,1.5,5.0,3.825,4.45,4.65,3.15,1.15,4.25,4.5,3.2,3.075,3.95,4.4,4.375,4.325,4.175,4.55,Yes
185949,No,7b190889,NZJO,Full Time,4.508,4.431,No,1,F18137,001,TRXC,Elective,No,Masters1,2024,Spring,20241,2023-24,3.0,50.0,Prerequisites,,14.0,12.0,0.0,0.0,0.0,2.0,73.6800003051758,0.0,No,Building1,R,09:00:00,3.25,3.0,4.142857,4.642857,4.357142,2.714285,1.285714,4.428571,4.5,3.5,3.357142,4.357142,4.571428,4.642857,4.428571,4.571428,4.714285,Yes
185950,No,f1f2f416,GYQP,Part Time,4.13,3.685,Yes,3,X89610,001,SBFH,Elective,No,Masters1,2024,Spring,20241,2023-24,3.0,74.0,Prerequisites,Corequisite,72.0,68.0,2.0,2.0,0.0,0.0,70.4199981689453,20.0,Yes,Building2,R,18:00:00,3.25,3.0,4.16,4.3,4.34,3.34,0.94,3.48,3.886666,3.96,3.22,3.64,3.9,4.06,3.96,4.02,4.1,Yes
185950,No,76a7e119,CGCH,Part Time,4.235,3.685,Yes,3,X89610,001A,SBFH,Elective,No,Masters1,2024,Spring,20241,2023-24,3.0,74.0,Prerequisites,Corequisite,72.0,68.0,2.0,2.0,0.0,0.0,70.4199981689453,20.0,Yes,Building2,R,18:00:00,3.25,3.0,4.16,4.3,4.34,3.34,0.94,3.48,3.886666,3.96,3.22,3.64,3.9,4.06,3.96,4.02,4.1,No
185950,No,25813918,CGCH,Part Time,3.936,3.685,Yes,3,X89610,001B,SBFH,Elective,No,Masters1,2024,Spring,20241,2023-24,3.0,74.0,Prerequisites,Corequisite,72.0,68.0,2.0,2.0,0.0,0.0,70.4199981689453,20.0,Yes,Building2,R,18:00:00,3.25,3.0,4.16,4.3,4.34,3.34,0.94,3.48,3.886666,3.96,3.22,3.64,3.9,4.06,3.96,4.02,4.1,No
185951,No,2c7bac1c,ZQOR,Full Time,4.133,4.204,Yes,2,K53164,001,IGFY,Elective,No,Masters1,2024,Spring,20241,2023-24,1.5,74.0,,,65.0,65.0,0.0,0.0,0.0,0.0,76.5599975585938,6.0,Yes,Building1,R,14:20:00,3.25,4.0,3.979591,4.632653,4.571428,3.55102,1.0,4.10204,4.224489,3.265306,3.061224,4.081632,4.448979,4.571428,4.408163,3.816326,4.632653,Yes
185951,No,c5fc3880,VUFA,Part Time,4.431,4.204,Yes,2,K53164,001A,IGFY,Elective,No,Masters1,2024,Spring,20241,2023-24,1.5,74.0,,,65.0,65.0,0.0,0.0,0.0,0.0,76.5599975585938,6.0,Yes,Building1,R,14:20:00,3.25,4.0,3.979591,4.632653,4.571428,3.55102,1.0,4.10204,4.224489,3.265306,3.061224,4.081632,4.448979,4.571428,4.408163,3.816326,4.632653,No
185952,No,98ffe2d9,NZJO,Part Time,4.536,4.574,No,1,S31075,001,TRXC,Elective,No,Masters1,2024,Spring,20241,2023-24,3.0,50.0,,,24.0,23.0,0.0,0.0,0.0,1.0,80.6500015258789,0.0,No,Building1,W,14:20:00,3.25,2.0,4.08,4.64,4.4,2.8,1.2,4.56,4.52,2.92,3.2,4.36,4.12,4.24,4.2,3.68,4.12,No
185953,No,24b941bb,ZQOR,Part Time,4.857,4.714,No,1,B01344,001,IGFY,Elective,No,Masters1,2024,Spring,20241,2023-24,1.5,40.0,,,22.0,22.0,0.0,0.0,0.0,0.0,77.7799987792969,0.0,No,Building2,R,09:00:00,3.25,3.0,4.333333,4.95238,4.523809,2.380952,1.142857,4.714285,4.857142,3.142857,3.095238,3.857142,4.523809,4.904761,4.571428,4.47619,4.95238,Yes
185954,No,f511d9cb,NZJO,Part Time,4.375,4.375,No,1,K63190,001,TRXC,Elective,No,Masters1,2024,Spring,20241,2023-24,1.5,74.0,,,35.0,33.0,0.0,2.0,0.0,0.0,51.060001373291,0.0,No,Building1,"T,R",16:10:00,1.5,12.0,4.333333,4.458333,4.375,2.791666,1.125,4.375,4.375,3.125,3.625,4.083333,4.041666,4.208333,4.208333,3.416666,4.083333,Yes
185955,No,b61ad7be,CGCH,Part Time,5.0,4.75,Yes,2,V13963,001,SBFH,Elective,No,Masters1,2024,Spring,20241,2023-24,3.0,10.0,Prerequisites,,10.0,9.0,1.0,0.0,0.0,0.0,80.0,12.0,Yes,Building1,T,18:00:00,3.25,24.0,4.625,4.875,4.875,4.125,0.875,4.75,5.0,4.125,3.375,4.625,5.0,5.0,5.0,5.0,5.0,Yes
185955,No,a00c3520,CGCH,Part Time,5.0,4.75,Yes,2,V13963,001A,SBFH,Elective,No,Masters1,2024,Spring,20241,2023-24,3.0,10.0,Prerequisites,,10.0,9.0,1.0,0.0,0.0,0.0,80.0,12.0,Yes,Building1,T,18:00:00,3.25,24.0,4.625,4.875,4.875,4.125,0.875,4.75,5.0,4.125,3.375,4.625,5.0,5.0,5.0,5.0,5.0,No
185956,No,1f932881,ZQOR,Part Time,4.655,4.657,No,1,T81933,001,IGFY,Elective,No,Masters1,2024,Spring,20241,2023-24,1.5,74.0,,,70.0,64.0,5.0,0.0,0.0,1.0,68.5699996948242,14.0,No,Building2,R,09:00:00,3.25,3.0,4.270833,4.645833,4.5625,3.083333,0.979166,4.645833,4.520833,2.604166,3.375,4.354166,4.395833,4.5625,4.4375,3.833333,4.583333,No
185957,No,f511d9cb,NZJO,Part Time,4.3,3.733,No,1,K63190,002,TRXC,Elective,No,Masters1,2024,Spring,20241,2023-24,1.5,50.0,,,16.0,14.0,2.0,0.0,0.0,0.0,55.560001373291,0.0,No,Building1,"T,R",18:00:00,1.5,12.0,3.8,4.0,4.4,2.9,1.0,3.7,4.3,3.3,3.6,4.0,4.2,3.9,4.1,3.4,4.4,Yes
185958,No,626c7d4b,ZQOR,Part Time,4.633,4.326,No,1,P26952,001,IGFY,Elective,No,Masters1,2024,Spring,20241,2023-24,1.5,74.0,,,39.0,38.0,1.0,0.0,0.0,0.0,86.5400009155273,0.0,No,Building1,R,14:20:00,3.25,3.0,3.755555,4.266666,4.311111,2.822222,1.244444,4.133333,4.422222,2.822222,2.933333,3.822222,4.0,4.266666,3.955555,3.577777,4.355555,Yes
185959,No,8edbeac8,XLGG,Full Time,4.211,4.222,No,1,L93760,001,TRXC,Elective,No,Masters1,2024,Spring,20241,2023-24,3.0,48.0,,,43.0,42.0,1.0,0.0,0.0,0.0,90.6999969482422,4.0,No,Building1,M,14:20:00,3.25,2.0,4.230769,4.51282,4.487179,3.128205,1.0,4.153846,4.102564,3.25641,3.205128,3.974358,3.820512,4.076923,3.897435,3.487179,4.0,Yes
185960,No,f7089dd7,GYQP,Part Time,4.815,4.726,No,1,T70563,001,SBFH,Elective,No,Masters1,2024,Spring,20241,2023-24,3.0,44.0,Prerequisites,,37.0,33.0,4.0,0.0,0.0,0.0,77.7799987792969,7.0,No,Building1,M,18:00:00,3.25,5.0,4.392857,4.857142,4.75,2.785714,0.892857,4.678571,4.75,4.107142,4.0,4.357142,4.5,4.607142,4.607142,4.321428,4.464285,Yes
185961,No,0e8bba51,ZQOR,Full Time,4.529,4.625,No,1,B51668,001,IGFY,Elective,No,Masters1,2024,Spring,20241,2023-24,3.0,49.0,,,13.0,13.0,0.0,0.0,0.0,0.0,89.4700012207031,0.0,No,Building1,"T,R",09:00:00,1.5,6.0,3.941176,4.470588,4.529411,2.470588,1.352941,4.352941,4.529411,3.058823,3.0,3.882352,4.352941,4.17647,4.235294,3.823529,4.411764,Yes
185962,No,8edbeac8,XLGG,Full Time,4.317,4.342,No,1,Z68330,001,TRXC,Elective,No,Masters1,2024,Spring,20241,2023-24,3.0,36.0,,Corequisite,36.0,35.0,1.0,0.0,0.0,0.0,88.8899993896484,37.0,No,Building2,T,14:20:00,3.25,2.0,4.28125,4.625,4.53125,3.4375,1.0,4.3125,4.125,3.15625,3.0,4.0,4.0625,4.15625,4.3125,4.15625,4.40625,Yes
185963,No,2a340fee,CGCH,Part Time,4.875,4.875,No,1,T70563,002,SBFH,Elective,No,Masters1,2024,Spring,20241,2023-24,3.0,30.0,Prerequisites,,28.0,18.0,10.0,0.0,0.0,0.0,88.8899993896484,10.0,No,Building1,M,18:00:00,3.25,5.0,4.333333,4.833333,4.708333,3.25,0.958333,4.875,4.875,4.0,3.416666,4.833333,4.666666,4.833333,4.708333,4.166666,4.833333,Yes
185964,No,309d2564,ZQOR,Full Time,4.0,3.688,No,1,E82571,001,IGFY,Elective,No,Masters1,2024,Spring,20241,2023-24,3.0,74.0,,,52.0,48.0,0.0,0.0,0.0,4.0,62.2599983215332,11.0,No,Building2,T,14:20:00,3.25,7.0,3.848484,4.393939,4.515151,2.90909,1.060606,3.515151,3.848484,3.515151,2.636363,3.272727,3.818181,3.90909,3.666666,3.90909,4.242424,Yes
185965,No,8c4fa1f6,GYQP,Full Time,4.847,4.662,No,1,E68765,001,SBFH,Elective,No,Masters1,2024,Spring,20241,2023-24,1.5,74.0,Prerequisites,Corequisite,74.0,71.0,1.0,0.0,0.0,2.0,76.7099990844727,53.0,No,Building2,"T,R",16:10:00,1.5,7.0,4.464285,4.892857,4.803571,3.071428,1.0,4.625,4.839285,3.696428,3.821428,4.464285,4.446428,4.660714,4.5,4.035714,4.839285,Yes
185966,No,309d2564,ZQOR,Full Time,3.491,3.196,No,1,E82571,002,IGFY,Elective,No,Masters1,2024,Spring,20241,2023-24,3.0,74.0,,,51.0,42.0,1.0,1.0,0.0,7.0,63.9300003051758,14.0,No,Building2,W,09:00:00,3.25,7.0,3.692307,4.0,4.25641,2.820512,1.153846,3.179487,3.384615,3.358974,2.435897,3.179487,3.410256,3.564102,3.205128,3.25641,3.974358,Yes
185967,No,b40ef717,NZJO,Full Time,4.778,4.556,No,1,G27757,001,TRXC,Elective,No,MSPHD,2024,Spring,20241,2023-24,1.5,25.0,,,14.0,0.0,0.0,10.0,4.0,0.0,64.2900009155273,0.0,No,Building1,"M,W",14:20:00,1.5,3.0,4.444444,4.777777,4.777777,3.444444,1.0,4.555555,4.777777,3.555555,3.222222,4.111111,4.777777,4.666666,4.555555,4.444444,4.666666,No
185968,No,9396b3cc,ZQOR,Part Time,4.324,4.043,No,1,O31647,001,IGFY,Elective,No,Masters1,2024,Spring,20241,2023-24,1.5,74.0,,,55.0,54.0,0.0,0.0,0.0,1.0,70.7699966430664,1.0,No,Building2,W,14:20:00,3.25,4.0,3.717391,4.413043,4.347826,2.304347,1.130434,3.891304,4.282608,2.565217,3.152173,3.73913,3.891304,4.195652,3.847826,3.586956,4.217391,Yes
185969,No,b40ef717,NZJO,Full Time,4.833,4.385,No,1,R13428,001,TRXC,Elective,No,MSPHD,2024,Spring,20241,2023-24,1.5,25.0,,,15.0,0.0,0.0,11.0,4.0,0.0,86.6699981689453,0.0,No,Building2,"M,W",14:20:00,1.5,3.0,4.153846,4.307692,4.076923,3.538461,0.923076,4.384615,4.461538,3.307692,3.307692,4.0,4.846153,4.692307,4.615384,4.461538,4.76923,No
185970,No,8c4fa1f6,GYQP,Full Time,4.784,4.724,No,1,E68765,002,SBFH,Elective,No,Masters1,2024,Spring,20241,2023-24,1.5,74.0,Prerequisites,Corequisite,73.0,70.0,2.0,1.0,0.0,0.0,72.5999984741211,29.0,No,Building2,"T,R",18:00:00,1.5,7.0,4.509433,4.679245,4.622641,2.981132,0.962264,4.603773,4.641509,3.735849,3.735849,4.396226,4.339622,4.415094,4.35849,4.094339,4.566037,Yes
185971,No,9ef39e2b,ZQOR,Part Time,3.753,4.65,No,1,K94394,001,IGFY,Elective,No,Masters1,2024,Spring,20241,2023-24,3.0,36.0,Prerequisites,,26.0,25.0,1.0,0.0,0.0,0.0,80.0,0.0,No,Building2,W,10:50:00,1.5,7.0,4.35,4.5,4.65,3.2,0.95,4.65,3.7,3.8,3.15,4.3,3.95,4.0,3.85,3.6,4.4,No
185972,No,8c4fa1f6,GYQP,Full Time,4.636,4.72,No,1,U65039,001,SBFH,Elective,No,Masters1,2024,Spring,20241,2023-24,1.5,40.0,Prerequisites,,40.0,39.0,0.0,0.0,0.0,1.0,77.5,0.0,No,Building1,"T,R",18:00:00,1.5,3.0,4.387096,4.548387,4.580645,4.16129,0.967741,4.677419,4.516129,2.709677,2.903225,4.387096,4.387096,4.419354,4.612903,4.225806,4.48387,No
185973,No,c5fc3880,VUFA,Part Time,4.581,4.391,No,1,R90868,001,KAFN,Elective,No,Masters1,2024,Spring,20241,2023-24,3.0,58.0,,,32.0,27.0,5.0,0.0,0.0,0.0,76.6699981689453,0.0,No,Building1,W,18:00:00,3.25,2.0,4.347826,4.565217,4.521739,3.608695,1.0,4.391304,4.565217,4.347826,3.391304,4.217391,4.173913,4.304347,4.217391,4.347826,4.434782,Yes
185974,No,29cbe0bf,ZQOR,Part Time,4.604,4.435,No,1,R33776,001,IGFY,Elective,No,Masters1,2024,Spring,20241,2023-24,3.0,74.0,,,72.0,60.0,12.0,0.0,0.0,0.0,76.0599975585938,29.0,No,Building2,R,18:00:00,3.25,5.0,4.148148,4.518518,4.444444,3.425925,0.944444,4.148148,4.425925,2.796296,3.0,3.962962,4.37037,4.314814,4.37037,4.259259,4.185185,Yes
185975,No,8eb2993a,CGCH,Part Time,4.889,5.0,No,1,K94210,001,SBFH,Elective,No,Masters1,2024,Spring,20241,2023-24,3.0,12.0,Prerequisites,,11.0,11.0,0.0,0.0,0.0,0.0,90.0,0.0,No,Building1,T,18:30:00,3.0,9.0,4.888888,5.0,5.0,4.111111,1.0,5.0,4.888888,5.0,4.0,4.888888,4.777777,4.777777,4.555555,4.222222,4.888888,Yes
185976,No,11a4baed,KFZN,,4.351,4.406,No,1,L23345,003,KAFN,Elective,No,Masters1,2024,Spring,20241,2023-24,1.5,74.0,,,54.0,50.0,3.0,0.0,0.0,1.0,76.4700012207031,4.0,No,Building2,M,09:00:00,3.25,3.0,4.153846,4.820512,4.435897,2.974358,0.974358,4.179487,4.128205,2.76923,3.358974,3.923076,4.102564,4.179487,4.205128,3.51282,4.358974,Yes
185977,No,67af40c5,ZQOR,Full Time,4.615,4.283,No,1,R97216,001,IGFY,Elective,No,Masters1,2024,Spring,20241,2023-24,1.5,74.0,,,65.0,60.0,1.0,4.0,0.0,0.0,67.1900024414063,32.0,No,Building2,T,09:00:00,3.25,6.0,4.16279,4.651162,4.627906,3.395348,0.976744,4.16279,4.604651,3.186046,3.093023,4.116279,4.534883,4.651162,4.418604,4.44186,4.697674,Yes
185978,No,c1b0f269,CGCH,Part Time,4.496,4.559,No,1,K86511,001,SBFH,Elective,No,Masters1,2024,Spring,20241,2023-24,1.5,60.0,Prerequisites,,56.0,49.0,7.0,0.0,0.0,0.0,56.3600006103516,16.0,No,Building1,T,18:00:00,3.25,3.0,4.387096,4.677419,4.580645,3.354838,0.967741,4.451612,4.419354,3.387096,3.225806,4.290322,4.225806,4.48387,4.516129,3.806451,4.451612,Yes
185979,No,5ae198be,VUFA,Full Time,4.7,4.422,Yes,2,W26868,001A,KAFN,Elective,No,Masters1,2024,Spring,20241,2023-24,3.0,40.0,,,28.0,28.0,0.0,0.0,0.0,0.0,71.4300003051758,0.0,No,Building1,"M,T,W,R,F",09:00:00,8.0,2.0,4.1,4.5,4.35,3.05,1.0,4.2,4.0,3.2,3.15,3.8,4.45,4.4,4.2,4.1,4.75,No
185980,No,67af40c5,ZQOR,Full Time,4.588,4.298,No,1,R97216,002,IGFY,Elective,No,Masters1,2024,Spring,20241,2023-24,1.5,74.0,,,66.0,64.0,1.0,1.0,0.0,0.0,77.2699966430664,35.0,No,Building2,T,14:20:00,3.25,6.0,4.196078,4.62745,4.509803,3.686274,1.0,4.196078,4.490196,3.019607,3.17647,3.941176,4.411764,4.352941,4.294117,4.254901,4.352941,Yes
185981,No,ab93383f,CGCH,Part Time,4.25,4.068,Yes,2,H53848,001,SBFH,Elective,No,Masters1,2024,Spring,20241,2023-24,1.5,74.0,Prerequisites,,60.0,44.0,9.0,2.0,0.0,5.0,80.3600006103516,17.0,Yes,Building1,M,18:00:00,3.25,3.0,3.955555,4.466666,4.488888,3.644444,1.044444,3.977777,4.088888,2.844444,3.311111,3.711111,3.8,3.822222,3.822222,3.511111,4.066666,Yes
185981,No,1667143a,CGCH,Part Time,4.249,4.068,Yes,2,H53848,001A,SBFH,Elective,No,Masters1,2024,Spring,20241,2023-24,1.5,74.0,Prerequisites,,60.0,44.0,9.0,2.0,0.0,5.0,80.3600006103516,17.0,Yes,Building1,M,18:00:00,3.25,3.0,3.955555,4.466666,4.488888,3.644444,1.044444,3.977777,4.088888,2.844444,3.311111,3.711111,3.8,3.822222,3.822222,3.511111,4.066666,No
185982,No,6f524189,CGCH,Part Time,4.227,4.41,No,1,S40098,001,KAFN,Elective,No,Masters1,2024,Spring,20241,2023-24,3.0,30.0,,,30.0,30.0,0.0,0.0,0.0,0.0,73.3300018310547,32.0,No,Building1,"T,F",09:00:00,1.5,3.0,4.181818,4.363636,4.363636,3.318181,0.954545,4.40909,4.227272,4.0,3.227272,4.136363,4.045454,4.181818,4.136363,3.818181,4.272727,Yes
185983,No,31ce692e,ZQOR,Full Time,4.368,4.314,No,1,B27342,001,IGFY,Elective,No,Masters1,2024,Spring,20241,2023-24,1.5,74.0,,,46.0,42.0,0.0,0.0,0.0,4.0,82.6100006103516,0.0,No,Building2,"M,W",09:00:00,1.5,3.0,3.947368,4.552631,4.447368,3.18421,1.026315,4.289473,4.368421,2.789473,3.0,4.131578,4.421052,4.394736,4.236842,4.078947,4.473684,Yes
185984,No,aabaf466,ZQOR,Full Time,4.574,4.116,No,1,D65265,001,IGFY,Elective,No,Masters1,2024,Spring,20241,2023-24,1.5,50.0,,,44.0,44.0,0.0,0.0,0.0,0.0,97.7300033569336,3.0,No,Building2,M,14:20:00,3.25,2.0,4.372093,4.813953,4.744186,3.511627,1.0,3.906976,4.534883,3.651162,3.093023,3.790697,4.302325,4.418604,4.139534,3.581395,4.744186,Yes
185985,No,a8a5288b,ZQOR,Full Time,4.864,5.0,No,1,P25315,001,KAFN,Elective,No,Masters1,2024,Spring,20241,2023-24,3.0,30.0,,,30.0,30.0,0.0,0.0,0.0,0.0,73.3300018310547,38.0,No,Building2,"T,F",10:50:00,1.5,1.0,4.727272,4.90909,4.727272,2.772727,0.954545,5.0,4.863636,2.954545,3.272727,4.363636,4.681818,4.590909,4.318181,3.818181,4.681818,Yes
185986,No,b61ad7be,CGCH,Part Time,4.651,4.714,Yes,2,Q59881,001,SBFH,Elective,No,Masters1,2024,Spring,20241,2023-24,1.5,40.0,Prerequisites,,35.0,31.0,4.0,0.0,0.0,0.0,80.0,0.0,Yes,Building1,R,18:00:00,3.25,5.0,4.321428,4.642857,4.535714,3.178571,0.928571,4.714285,4.678571,3.571428,3.714285,4.678571,4.892857,4.785714,4.75,4.642857,4.928571,Yes
185986,No,d1fa7a5e,CGCH,Part Time,4.763,4.714,Yes,2,Q59881,001A,SBFH,Elective,No,Masters1,2024,Spring,20241,2023-24,1.5,40.0,Prerequisites,,35.0,31.0,4.0,0.0,0.0,0.0,80.0,0.0,Yes,Building1,R,18:00:00,3.25,5.0,4.321428,4.642857,4.535714,3.178571,0.928571,4.714285,4.678571,3.571428,3.714285,4.678571,4.892857,4.785714,4.75,4.642857,4.928571,No
185987,No,aabaf466,ZQOR,Full Time,4.816,4.151,No,1,D65265,002,IGFY,Elective,No,Masters1,2024,Spring,20241,2023-24,1.5,50.0,,,44.0,44.0,0.0,0.0,0.0,0.0,88.370002746582,10.0,No,Building1,T,14:20:00,3.25,2.0,4.157894,4.605263,4.5,3.68421,0.973684,4.131578,4.815789,3.763157,3.236842,3.736842,4.5,4.578947,4.052631,3.605263,4.815789,Yes
185988,No,35ff4b79,USIE,,4.782,4.678,No,1,E37133,001,KAFN,Elective,No,Masters1,2024,Spring,20241,2023-24,3.0,30.0,,,30.0,30.0,0.0,0.0,0.0,0.0,80.0,31.0,No,Building1,"M,F",09:00:00,6.5,2.0,4.0,4.791666,4.791666,2.375,1.0,4.666666,4.666666,3.0,3.125,4.541666,4.708333,4.791666,4.791666,4.5,4.833333,Yes
185989,No,aabaf466,ZQOR,Full Time,4.688,4.325,No,1,D65265,003,IGFY,Elective,No,Masters1,2024,Spring,20241,2023-24,1.5,50.0,,,29.0,27.0,0.0,1.0,0.0,1.0,82.8600006103516,0.0,No,Building1,R,14:20:00,3.25,2.0,4.137931,4.689655,4.620689,3.586206,1.172413,3.896551,4.275862,3.724137,3.275862,3.965517,4.37931,4.482758,4.275862,3.586206,4.517241,Yes
185990,No,cdc4c1dd,NZJO,Part Time,4.267,4.41,No,1,C03321,001,KAFN,Elective,No,Masters1,2024,Spring,20241,2023-24,3.0,30.0,,,29.0,29.0,0.0,0.0,0.0,0.0,78.5699996948242,28.0,No,Building1,"R,F",09:00:00,1.5,2.0,4.090909,4.5,4.545454,2.636363,0.954545,4.40909,4.227272,3.227272,3.272727,4.227272,4.136363,4.363636,3.90909,3.818181,4.636363,No
185991,No,a5534ea9,CGCH,Part Time,5.0,5.0,Yes,2,E09487,001,SBFH,Elective,No,Masters1,2024,Spring,20241,2023-24,1.5,13.0,Prerequisites,,12.0,12.0,0.0,0.0,0.0,0.0,75.0,0.0,Yes,Building2,W,14:20:00,3.25,3.0,4.444444,5.0,4.888888,3.666666,0.888888,5.0,4.944444,4.777777,4.333333,4.888888,5.0,5.0,5.0,5.0,5.0,No
185991,No,b07fcc9b,CGCH,Part Time,4.889,5.0,Yes,2,E09487,001A,SBFH,Elective,No,Masters1,2024,Spring,20241,2023-24,1.5,13.0,Prerequisites,,12.0,12.0,0.0,0.0,0.0,0.0,75.0,0.0,Yes,Building2,W,14:20:00,3.25,3.0,4.444444,5.0,4.888888,3.666666,0.888888,5.0,4.944444,4.777777,4.333333,4.888888,5.0,5.0,5.0,5.0,5.0,No
185992,No,a5dca330,ZQOR,Part Time,4.8,4.778,Yes,2,U21346,099,IGFY,Elective,No,Masters1,2024,Spring,20241,2023-24,3.0,25.0,,,12.0,11.0,1.0,0.0,0.0,0.0,83.3300018310547,0.0,Yes,off-campus,T,14:20:00,3.25,3.0,4.7,5.0,5.0,3.9,0.9,4.3,4.85,2.2,2.2,4.3,4.4,4.3,4.5,4.5,4.5,Yes
185992,No,87b6a27f,ZQOR,Part Time,4.9,4.778,Yes,2,U21346,099A,IGFY,Elective,No,Masters1,2024,Spring,20241,2023-24,3.0,25.0,,,12.0,11.0,1.0,0.0,0.0,0.0,83.3300018310547,0.0,Yes,off-campus,T,14:20:00,3.25,3.0,4.7,5.0,5.0,3.9,0.9,4.3,4.85,2.2,2.2,4.3,4.4,4.3,4.5,4.5,4.5,No
185993,No,ddf5f614,ZQOR,Full Time,4.113,4.157,No,1,F45510,001,KAFN,Elective,No,Masters1,2024,Spring,20241,2023-24,3.0,36.0,,,35.0,35.0,0.0,0.0,0.0,0.0,68.5699996948242,13.0,No,Building1,"T,F",09:00:00,1.5,1.0,4.083333,4.583333,4.625,2.041666,1.0,4.125,4.083333,2.708333,3.0,3.875,3.833333,4.041666,3.583333,3.25,4.208333,Yes
185994,No,1667baf1,CGCH,Part Time,4.663,4.587,Yes,2,P40028,001,SBFH,Elective,No,Masters1,2024,Spring,20241,2023-24,3.0,25.0,Prerequisites,,23.0,22.0,1.0,0.0,0.0,0.0,91.3000030517578,16.0,Yes,Building2,W,18:00:00,3.25,3.0,4.380952,4.761904,4.428571,3.238095,1.0,3.809523,4.428571,3.142857,2.95238,4.142857,4.380952,4.380952,4.333333,4.285714,4.47619,No
185994,No,cac38e7b,CGCH,Part Time,4.663,4.587,Yes,2,P40028,001A,SBFH,Elective,No,Masters1,2024,Spring,20241,2023-24,3.0,25.0,Prerequisites,,23.0,22.0,1.0,0.0,0.0,0.0,91.3000030517578,16.0,Yes,Building2,W,18:00:00,3.25,3.0,4.380952,4.761904,4.428571,3.238095,1.0,3.809523,4.428571,3.142857,2.95238,4.142857,4.380952,4.380952,4.333333,4.285714,4.47619,No
185995,No,db9fa0d4,CGCH,Full Time,5.0,4.663,No,1,M77592,001,KAFN,Elective,No,Masters1,2024,Spring,20241,2023-24,3.0,30.0,,Corequisite,25.0,24.0,0.0,0.0,0.0,1.0,68.0,15.0,No,Building1,"T,F",09:00:00,6.833333,1.0,4.411764,4.882352,4.529411,3.17647,1.0,4.647058,4.705882,2.529411,3.117647,4.411764,4.764705,4.823529,4.941176,4.235294,4.941176,Yes
185996,No,e1e06ccf,ZQOR,Part Time,4.424,4.457,No,1,J32944,001,IGFY,Elective,No,Masters1,2024,Spring,20241,2023-24,3.0,74.0,,,65.0,57.0,0.0,0.0,0.0,8.0,79.6900024414063,3.0,No,Building1,W,14:20:00,3.25,6.0,4.215686,4.568627,4.411764,3.607843,1.117647,4.215686,4.235294,2.882352,2.862745,4.156862,4.196078,4.392156,4.294117,4.117647,4.313725,Yes
185997,No,d8eb656b,NZJO,Full Time,4.646,4.468,No,1,Q13134,001,KAFN,Elective,No,Masters1,2024,Spring,20241,2023-24,1.5,100.0,,,96.0,94.0,1.0,0.0,0.0,1.0,70.5299987792969,79.0,No,Building2,W,14:20:00,3.25,2.0,4.268656,4.61194,4.477611,3.41791,0.940298,4.328358,4.462686,2.522388,2.880597,4.014925,4.388059,4.492537,4.358208,3.582089,4.552238,Yes
185998,No,db9fa0d4,CGCH,Full Time,4.776,4.671,No,1,R96472,002,SBFH,Elective,No,Masters1,2024,Spring,20241,2023-24,1.5,60.0,,Corequisite,59.0,58.0,1.0,0.0,0.0,0.0,77.5899963378906,65.0,No,Building1,W,09:00:00,3.25,24.0,4.288888,4.755555,4.311111,2.644444,0.977777,4.555555,4.622222,2.933333,3.311111,4.266666,4.444444,4.688888,4.644444,4.444444,4.733333,Yes
185999,No,31ce692e,ZQOR,Full Time,5.0,5.0,No,1,C12606,001,IGFY,Elective,No,MSPHD,2024,Spring,20241,2023-24,1.5,25.0,,,3.0,0.0,0.0,0.0,3.0,0.0,33.3300018310547,0.0,No,Building2,M,14:20:00,3.25,1.0,3.0,5.0,5.0,5.0,1.0,5.0,5.0,4.0,4.0,5.0,5.0,5.0,5.0,5.0,5.0,No
186000,No,db9fa0d4,CGCH,Full Time,3.971,4.067,No,1,R08033,001,SBFH,Elective,No,Masters1,2024,Spring,20241,2023-24,3.0,17.0,,Corequisite,15.0,15.0,0.0,0.0,0.0,0.0,66.6699981689453,0.0,No,off-campus,,,,2.0,3.9,4.6,4.2,3.8,1.0,3.9,3.6,2.8,2.9,3.9,3.9,4.0,3.7,3.1,4.4,Yes
186001,No,0e8bba51,ZQOR,Full Time,5.0,5.0,No,1,D94103,001,IGFY,Elective,No,MSPHD,2024,Spring,20241,2023-24,1.5,25.0,,,4.0,0.0,0.0,0.0,4.0,0.0,25.0,0.0,No,Building1,"T,R",10:50:00,1.5,1.0,4.0,5.0,5.0,4.0,1.0,5.0,5.0,4.0,4.0,5.0,5.0,5.0,5.0,5.0,5.0,Yes
186002,No,4d59975a,CGCH,Part Time,4.357,4.294,No,1,Y57133,001,SBFH,Elective,No,Masters1,2024,Spring,20241,2023-24,1.5,74.0,Prerequisites,,53.0,53.0,0.0,0.0,0.0,0.0,78.129997253418,0.0,No,Building1,"M,W",10:50:00,1.5,3.0,3.98,4.4,4.28,3.22,1.12,4.2,4.24,3.12,3.28,3.92,4.0,4.08,3.96,4.0,4.18,Yes
186003,No,3004a88d,ZQOR,Full Time,5.0,5.0,No,1,X81323,001,IGFY,Elective,No,MSPHD,2024,Spring,20241,2023-24,3.0,25.0,,,4.0,0.0,0.0,0.0,4.0,0.0,50.0,0.0,No,Building1,M,09:00:00,3.25,1.0,5.0,5.0,5.0,1.5,1.0,5.0,2.5,3.5,3.5,4.0,5.0,5.0,5.0,5.0,5.0,Yes
186004,No,698e3b36,CGCH,Part Time,4.881,4.93,Yes,2,R40628,001,SBFH,Elective,No,Masters1,2024,Spring,20241,2023-24,3.0,20.0,Prerequisites,,26.0,21.0,4.0,0.0,0.0,1.0,80.7699966430664,0.0,Yes,Building2,W,18:00:00,3.25,3.0,4.714285,4.857142,4.857142,3.666666,0.95238,4.904761,4.880952,3.761904,3.571428,4.714285,4.809523,4.809523,4.857142,4.619047,4.857142,Yes
186004,No,edb0235a,CGCH,Part Time,4.93,4.93,Yes,2,R40628,001A,SBFH,Elective,No,Masters1,2024,Spring,20241,2023-24,3.0,20.0,Prerequisites,,26.0,21.0,4.0,0.0,0.0,1.0,80.7699966430664,0.0,Yes,Building2,W,18:00:00,3.25,3.0,4.714285,4.857142,4.857142,3.666666,0.95238,4.904761,4.880952,3.761904,3.571428,4.714285,4.809523,4.809523,4.857142,4.619047,4.857142,No
186005,No,44b57473,VUFA,,4.895,4.4,No,1,B55819,001,WIRK,Core,No,Masters1,2024,Spring,20241,2023-24,1.5,74.0,,,63.0,63.0,0.0,0.0,0.0,0.0,64.5199966430664,0.0,No,Building1,"M,W",14:20:00,1.5,45.0,4.275,4.75,4.75,3.05,0.975,4.375,4.65,3.075,3.275,4.2,4.55,4.725,4.45,4.3,4.65,Yes
186006,No,44b57473,VUFA,,4.702,4.376,No,1,B55819,002,WIRK,Core,No,Masters1,2024,Spring,20241,2023-24,1.5,74.0,,,62.0,62.0,0.0,0.0,0.0,0.0,72.5800018310547,0.0,No,Building1,"M,W",16:10:00,1.5,45.0,4.088888,4.8,4.822222,3.466666,0.933333,4.288888,4.555555,3.155555,3.333333,4.111111,4.511111,4.466666,4.4,4.222222,4.444444,Yes
186007,No,78135933,CGCH,Part Time,4.142,4.1,Yes,2,X49316,001,SBFH,Elective,No,Masters1,2024,Spring,20241,2023-24,3.0,50.0,Prerequisites,,38.0,22.0,4.0,2.0,0.0,10.0,75.6800003051758,0.0,Yes,Building1,W,18:00:00,3.25,3.0,4.071428,4.607142,4.642857,3.321428,1.25,3.892857,3.910714,2.75,2.714285,3.428571,4.071428,4.214285,4.035714,3.714285,4.428571,Yes
186007,No,9cb6123d,CGCH,Part Time,4.064,4.1,Yes,2,X49316,001A,SBFH,Elective,No,Masters1,2024,Spring,20241,2023-24,3.0,50.0,Prerequisites,,38.0,22.0,4.0,2.0,0.0,10.0,75.6800003051758,0.0,Yes,Building1,W,18:00:00,3.25,3.0,4.071428,4.607142,4.642857,3.321428,1.25,3.892857,3.910714,2.75,2.714285,3.428571,4.071428,4.214285,4.035714,3.714285,4.428571,No
186008,No,44b57473,VUFA,,4.84,4.388,No,1,B55819,003,WIRK,Core,No,Masters1,2024,Spring,20241,2023-24,1.5,74.0,,,61.0,61.0,0.0,0.0,0.0,0.0,81.9700012207031,0.0,No,Building1,"M,W",10:50:00,1.5,45.0,3.94,4.84,4.74,2.9,0.9,4.26,4.84,3.06,3.28,4.22,4.7,4.78,4.66,4.06,4.64,Yes
186009,No,f3b2a2e4,USIE,Full Time,4.777,4.63,No,1,E78524,001,USIE,Core,No,Masters1,2024,Spring,20241,2023-24,1.5,74.0,,,52.0,52.0,0.0,0.0,0.0,0.0,92.3099975585938,0.0,No,Building1,"T,W,R",09:00:00,8.5,44.0,4.25,4.791666,4.708333,3.375,1.0,4.625,4.645833,3.125,3.145833,4.208333,4.416666,4.666666,4.541666,4.208333,4.8125,Yes
186010,No,f1dc4f75,CGCH,,4.78,4.8,No,1,L95870,001,SBFH,Elective,No,Masters1,2024,Spring,20241,2023-24,3.0,74.0,,Corequisite,66.0,59.0,1.0,2.0,0.0,4.0,80.0,7.0,No,Building2,R,09:00:00,3.25,6.0,4.26923,4.423076,4.288461,2.461538,0.980769,4.615384,4.596153,3.403846,3.25,4.26923,4.384615,4.403846,4.365384,4.51923,4.538461,Yes
186011,No,44b57473,VUFA,,4.533,4.295,No,1,B55819,004,WIRK,Core,No,Masters1,2024,Spring,20241,2023-24,1.5,74.0,,,64.0,64.0,0.0,0.0,0.0,0.0,68.75,0.0,No,Building1,"M,W",09:00:00,1.5,45.0,4.068181,4.75,4.681818,2.977272,0.954545,4.295454,4.318181,2.931818,3.318181,3.954545,4.40909,4.340909,4.136363,4.0,4.431818,Yes
186012,No,f3b2a2e4,USIE,Full Time,4.829,4.568,No,1,E78524,002,USIE,Core,No,Masters1,2024,Spring,20241,2023-24,1.5,74.0,,,59.0,59.0,0.0,0.0,0.0,0.0,91.5299987792969,0.0,No,Building1,"T,W,R",10:50:00,4.666666,44.0,4.24074,4.74074,4.537037,3.388888,0.944444,4.518518,4.425925,3.351851,3.518518,3.907407,4.37037,4.611111,4.407407,4.222222,4.518518,Yes
186013,No,20df2d5a,ZQOR,Part Time,4.933,4.815,No,1,F75121,001,WIRK,Elective,No,Masters1,2024,Spring,20241,2023-24,1.5,40.0,Prerequisites,,17.0,12.0,4.0,0.0,0.0,1.0,93.75,0.0,No,Building1,W,09:00:00,3.25,2.0,4.6,4.8,4.933333,3.533333,1.0,4.466666,4.933333,3.0,3.266666,4.4,4.733333,4.866666,4.533333,4.666666,4.933333,Yes
186014,No,db9fa0d4,CGCH,Full Time,4.552,4.431,No,1,B79646,001,SBFH,Elective,No,Masters1,2024,Spring,20241,2023-24,1.5,60.0,Prerequisites,,53.0,48.0,5.0,0.0,0.0,0.0,67.9199981689453,4.0,No,Building1,T,09:00:00,3.25,6.0,4.333333,4.833333,4.75,3.277777,1.0,4.277777,4.388888,2.805555,2.972222,4.111111,4.555555,4.527777,4.416666,3.805555,4.638888,Yes
186015,No,f3b2a2e4,USIE,Full Time,4.815,4.474,No,1,E78524,003,USIE,Core,No,Masters1,2024,Spring,20241,2023-24,1.5,74.0,,,49.0,49.0,0.0,0.0,0.0,0.0,89.8000030517578,0.0,No,Building1,"T,W,R",09:00:00,8.666666,44.0,4.295454,4.727272,4.340909,3.363636,0.954545,4.318181,4.477272,3.363636,3.363636,4.15909,4.477272,4.65909,4.5,4.136363,4.545454,Yes
186016,No,5df4a6f8,VUFA,Full Time,3.905,3.95,No,1,W54031,001,WIRK,Elective,No,Masters1,2024,Spring,20241,2023-24,1.5,74.0,,,61.0,58.0,1.0,1.0,0.0,1.0,78.6900024414063,43.0,No,Building2,T,18:00:00,3.25,2.0,4.041666,4.416666,4.395833,3.125,0.979166,3.8125,3.729166,2.6875,3.020833,3.5625,3.791666,3.8125,3.770833,3.791666,3.875,Yes
186017,No,21d93e27,CGCH,Part Time,4.533,4.617,Yes,2,E07335,001,SBFH,Elective,No,Masters1,2024,Spring,20241,2023-24,1.5,69.0,Prerequisites,,30.0,23.0,6.0,1.0,0.0,0.0,90.0,0.0,Yes,Building2,T,18:00:00,3.25,5.0,4.629629,4.74074,4.629629,3.481481,1.0,4.518518,4.24074,4.037037,3.703703,4.296296,4.0,4.074074,3.851851,4.074074,4.37037,Yes
186017,No,f174d580,CGCH,Part Time,4.397,4.617,Yes,2,E07335,001A,SBFH,Elective,No,Masters1,2024,Spring,20241,2023-24,1.5,69.0,Prerequisites,,30.0,23.0,6.0,1.0,0.0,0.0,90.0,0.0,Yes,Building2,T,18:00:00,3.25,5.0,4.629629,4.74074,4.629629,3.481481,1.0,4.518518,4.24074,4.037037,3.703703,4.296296,4.0,4.074074,3.851851,4.074074,4.37037,No
186018,No,f3b2a2e4,USIE,Full Time,4.7,4.541,No,1,E78524,004,USIE,Core,No,Masters1,2024,Spring,20241,2023-24,1.5,74.0,,,49.0,49.0,0.0,0.0,0.0,0.0,97.9599990844727,0.0,No,Building1,"T,W,R",09:00:00,6.5,44.0,4.270833,4.75,4.666666,3.145833,0.979166,4.4375,4.6875,3.520833,3.604166,4.333333,4.354166,4.520833,4.270833,3.833333,4.4375,Yes
186019,No,8a06b1c0,VUFA,Full Time,4.095,4.656,Yes,2,F48908,001,WIRK,Elective,No,Masters1,2024,Spring,20241,2023-24,1.5,50.0,,,48.0,42.0,6.0,0.0,0.0,0.0,66.6699981689453,90.0,Yes,Building1,T,18:00:00,3.25,2.0,4.46875,4.875,4.71875,3.125,0.96875,4.65625,4.4375,3.6875,3.375,4.53125,4.4375,4.78125,4.625,4.25,4.78125,Yes
186019,No,4827bc81,VUFA,Part Time,4.938,4.656,Yes,2,F48908,001A,WIRK,Elective,No,Masters1,2024,Spring,20241,2023-24,1.5,50.0,,,48.0,42.0,6.0,0.0,0.0,0.0,66.6699981689453,90.0,Yes,Building1,T,18:00:00,3.25,2.0,4.46875,4.875,4.71875,3.125,0.96875,4.65625,4.4375,3.6875,3.375,4.53125,4.4375,4.78125,4.625,4.25,4.78125,No
186020,No,1133483b,USIE,Full Time,3.76,4.125,No,1,N10444,001,USIE,Core,No,Masters1,2024,Spring,20241,2023-24,1.5,74.0,Prerequisites,,66.0,66.0,0.0,0.0,0.0,0.0,93.8499984741211,0.0,No,Building1,"T,R",14:20:00,1.5,44.0,4.065573,4.278688,4.459016,2.540983,0.967213,4.04918,3.590163,3.295081,3.52459,3.721311,3.377049,3.491803,3.196721,3.360655,3.786885,Yes
186021,No,21d93e27,CGCH,Part Time,5.0,5.0,Yes,2,E07335,D01,SBFH,Elective,No,Masters1,2024,Spring,20241,2023-24,1.5,5.0,Prerequisites,,6.0,0.0,6.0,0.0,0.0,0.0,83.3300018310547,0.0,Yes,off-campus,T,18:00:00,3.25,5.0,4.6,4.8,4.8,3.2,1.0,5.0,4.9,4.2,4.2,5.0,4.8,5.0,4.6,4.8,4.4,Yes
186021,No,f174d580,CGCH,Part Time,4.8,5.0,Yes,2,E07335,D01A,SBFH,Elective,No,Masters1,2024,Spring,20241,2023-24,1.5,5.0,Prerequisites,,6.0,0.0,6.0,0.0,0.0,0.0,83.3300018310547,0.0,Yes,off-campus,T,18:00:00,3.25,5.0,4.6,4.8,4.8,3.2,1.0,5.0,4.9,4.2,4.2,5.0,4.8,5.0,4.6,4.8,4.4,No
186022,No,c5fc3880,VUFA,Part Time,4.654,4.429,Yes,2,Z49998,001,WIRK,Elective,No,Masters1,2024,Spring,20241,2023-24,1.5,60.0,,,54.0,54.0,0.0,0.0,0.0,0.0,88.6800003051758,39.0,Yes,Building1,M,14:20:00,3.25,7.0,4.297872,4.617021,4.638297,3.638297,1.0,4.404255,4.659574,3.510638,3.191489,4.255319,4.531914,4.659574,4.531914,4.617021,4.638297,Yes
186022,No,66547dc9,VUFA,Part Time,4.73,4.429,Yes,2,Z49998,001A,WIRK,Elective,No,Masters1,2024,Spring,20241,2023-24,1.5,60.0,,,54.0,54.0,0.0,0.0,0.0,0.0,88.6800003051758,39.0,Yes,Building1,M,14:20:00,3.25,7.0,4.297872,4.617021,4.638297,3.638297,1.0,4.404255,4.659574,3.510638,3.191489,4.255319,4.531914,4.659574,4.531914,4.617021,4.638297,No
186023,No,1133483b,USIE,Full Time,3.9,4.228,No,1,N10444,002,USIE,Core,No,Masters1,2024,Spring,20241,2023-24,1.5,74.0,Prerequisites,,66.0,66.0,0.0,0.0,0.0,0.0,93.9400024414063,0.0,No,Building1,"T,R",10:50:00,1.5,44.0,4.048387,4.354838,4.241935,2.580645,0.98387,4.048387,3.677419,3.370967,3.612903,3.870967,3.467741,3.629032,3.451612,3.403225,3.82258,Yes
186024,No,7155ad5b,CGCH,Part Time,4.836,4.689,Yes,2,T14340,001,SBFH,Elective,No,Masters1,2024,Spring,20241,2023-24,1.5,55.0,Prerequisites,,53.0,49.0,2.0,1.0,0.0,1.0,76.9199981689453,8.0,Yes,Building1,T,18:00:00,3.25,3.0,4.6,4.725,4.5,3.35,0.975,4.675,4.7125,3.525,3.35,4.475,4.675,4.75,4.65,4.675,4.75,Yes
186024,No,9314f59c,GYQP,Part Time,4.633,4.689,Yes,2,T14340,001A,SBFH,Elective,No,Masters1,2024,Spring,20241,2023-24,1.5,55.0,Prerequisites,,53.0,49.0,2.0,1.0,0.0,1.0,76.9199981689453,8.0,Yes,Building1,T,18:00:00,3.25,3.0,4.6,4.725,4.5,3.35,0.975,4.675,4.7125,3.525,3.35,4.475,4.675,4.75,4.65,4.675,4.75,No
186025,No,1133483b,USIE,Full Time,3.776,4.182,No,1,N10444,003,USIE,Core,No,Masters1,2024,Spring,20241,2023-24,1.5,74.0,Prerequisites,,53.0,53.0,0.0,0.0,0.0,0.0,92.4499969482422,0.0,No,Building1,"T,R",16:10:00,1.5,44.0,4.142857,4.428571,4.591836,2.612244,0.979591,3.979591,3.673469,3.469387,3.632653,3.795918,3.387755,3.408163,3.489795,3.306122,3.857142,Yes
186026,No,91485667,VUFA,Full Time,4.018,4.086,No,1,A26934,001,WIRK,Elective,No,Masters1,2024,Spring,20241,2023-24,3.0,50.0,,,42.0,17.0,0.0,25.0,0.0,0.0,97.5599975585938,12.0,No,Building2,W,14:20:00,3.25,2.0,4.1,4.5,4.425,3.625,1.0,4.0,3.875,3.975,3.025,3.9,4.05,4.3,4.125,3.575,3.95,Yes
186027,No,1133483b,USIE,Full Time,3.239,4.033,No,1,N10444,004,USIE,Core,No,Masters1,2024,Spring,20241,2023-24,1.5,74.0,Prerequisites,,53.0,53.0,0.0,0.0,0.0,0.0,86.7900009155273,0.0,No,Building1,"T,R",09:00:00,1.5,44.0,4.021739,4.434782,4.608695,2.630434,1.0,3.956521,3.173913,3.108695,3.5,3.673913,2.913043,3.152173,3.108695,3.23913,3.630434,Yes
186028,No,ce03109b,VUFA,Part Time,4.288,4.039,No,1,G83767,001,WIRK,Elective,No,Masters1,2024,Spring,20241,2023-24,1.5,74.0,,,68.0,56.0,7.0,5.0,0.0,0.0,71.6399993896484,47.0,No,Building1,R,18:00:00,3.25,1.0,3.895833,4.333333,4.229166,2.854166,0.958333,3.833333,4.104166,3.145833,3.25,3.833333,4.041666,4.125,4.041666,3.708333,4.291666,Yes
186029,No,f499bf33,USIE,Full Time,4.052,4.617,Yes,2,D10179,001,SBFH,Elective,No,Masters1,2024,Spring,20241,2023-24,3.0,50.0,Prerequisites,,28.0,17.0,0.0,10.0,1.0,0.0,69.4400024414063,2.0,Yes,Building2,T,09:00:00,3.25,2.0,4.52,4.84,4.84,3.16,1.12,4.56,3.76,3.84,3.84,4.48,4.44,4.72,4.4,4.32,4.72,Yes
186029,No,253ec0f8,OGPX,Full Time,4.817,4.617,Yes,2,D10179,001A,SBFH,Elective,No,Masters1,2024,Spring,20241,2023-24,3.0,50.0,Prerequisites,,28.0,17.0,0.0,10.0,1.0,0.0,69.4400024414063,2.0,Yes,Building2,T,09:00:00,3.25,2.0,4.52,4.84,4.84,3.16,1.12,4.56,3.76,3.84,3.84,4.48,4.44,4.72,4.4,4.32,4.72,No
186030,No,795419b3,VUFA,Part Time,4.543,4.212,No,1,A77571,001,WIRK,Elective,No,Masters1,2024,Spring,20241,2023-24,3.0,74.0,Prerequisites,,74.0,59.0,11.0,3.0,0.0,1.0,78.870002746582,31.0,No,Building1,W,18:00:00,3.25,3.0,4.125,4.553571,4.607142,3.142857,1.0,4.071428,4.321428,3.553571,3.142857,4.071428,4.267857,4.357142,4.375,4.214285,4.553571,Yes
186031,No,8a9995d9,USIE,Full Time,4.446,3.832,No,1,X06607,003,USIE,Core,No,Masters1,2024,Spring,20241,2023-24,1.5,74.0,Prerequisites,,73.0,73.0,0.0,0.0,0.0,0.0,86.3000030517578,0.0,No,Building1,"M,W",16:10:00,1.5,35.0,3.777777,4.285714,4.126984,2.253968,0.984126,3.682539,4.285714,3.031746,3.079365,3.714285,4.142857,4.333333,4.174603,3.587301,4.301587,Yes
186032,No,6f524189,CGCH,Part Time,4.493,4.317,No,1,U56328,001,SBFH,Elective,No,Masters1,2024,Spring,20241,2023-24,1.5,74.0,,,50.0,46.0,0.0,4.0,0.0,0.0,64.5800018310547,21.0,No,Building1,T,14:20:00,3.25,3.0,4.0,4.580645,4.387096,3.096774,1.0,4.225806,4.387096,3.870967,3.064516,4.129032,4.354838,4.451612,4.354838,4.258064,4.451612,Yes
186033,No,132c085c,VUFA,Part Time,4.782,4.57,No,1,F94903,001,WIRK,Elective,No,Masters1,2024,Spring,20241,2023-24,1.5,30.0,,,28.0,28.0,0.0,0.0,0.0,0.0,85.7099990844727,55.0,No,Building2,M,14:20:00,3.25,5.0,4.166666,4.583333,4.5,3.208333,1.0,4.541666,4.75,3.541666,3.458333,4.333333,4.666666,4.583333,4.458333,4.666666,4.708333,Yes
186034,No,f126b8e1,USIE,Full Time,4.61,3.807,No,1,X06607,004,USIE,Core,No,Masters1,2024,Spring,20241,2023-24,1.5,74.0,Prerequisites,,75.0,75.0,0.0,0.0,0.0,0.0,84.0,0.0,No,Building1,"M,W",10:50:00,1.5,35.0,3.714285,4.682539,4.603174,2.396825,1.0,3.761904,4.603174,3.063492,3.190476,3.714285,4.333333,4.365079,4.206349,3.746031,4.571428,Yes
186035,Yes,4412adb0,CGCH,Part Time,4.239,4.363,Yes,2,T37029,001,SBFH,Elective,No,Masters1,2024,Spring,20241,2023-24,1.5,74.0,,Corequisite,68.0,62.0,5.0,0.0,0.0,1.0,84.8499984741211,28.0,Yes,Building2,R,14:20:00,3.25,7.0,3.964285,4.607142,4.642857,3.071428,0.928571,4.267857,4.285714,3.035714,3.053571,3.946428,4.339285,4.464285,4.428571,3.75,4.553571,Yes
186035,No,ea8dde21,CGCH,Part Time,4.6,4.363,Yes,2,T37029,001A,SBFH,Elective,No,Masters1,2024,Spring,20241,2023-24,1.5,74.0,,Corequisite,68.0,62.0,5.0,0.0,0.0,1.0,84.8499984741211,28.0,Yes,Building2,R,14:20:00,3.25,7.0,3.964285,4.607142,4.642857,3.071428,0.928571,4.267857,4.285714,3.035714,3.053571,3.946428,4.339285,4.464285,4.428571,3.75,4.553571,No
186036,No,2f471e27,VUFA,Part Time,4.523,4.302,No,1,O79370,001,WIRK,Elective,No,Masters1,2024,Spring,20241,2023-24,1.5,74.0,,,62.0,60.0,0.0,1.0,0.0,1.0,79.0299987792969,25.0,No,Building2,M,14:20:00,3.25,7.0,4.061224,4.612244,4.408163,3.020408,1.020408,4.244897,4.448979,2.306122,2.877551,4.183673,4.428571,4.571428,4.306122,3.612244,4.408163,No
186037,No,f126b8e1,USIE,Full Time,4.593,3.932,No,1,X06607,005,USIE,Core,No,Masters1,2024,Spring,20241,2023-24,1.5,74.0,Prerequisites,,74.0,74.0,0.0,0.0,0.0,0.0,86.4899978637695,0.0,No,Building1,"M,W",14:20:00,1.5,35.0,3.984375,4.625,4.671875,2.6875,0.984375,3.875,4.515625,3.09375,3.109375,3.796875,4.375,4.515625,4.328125,3.609375,4.578125,Yes
186038,Yes,73a0cc16,CGCH,Full Time,5.0,4.5,Yes,7,T56321,001,SBFH,Elective,No,MSPHD,2024,Spring,20241,2023-24,1.5,25.0,,,7.0,0.0,0.0,0.0,7.0,0.0,28.5699996948242,0.0,Yes,Building2,R,14:20:00,3.25,7.0,4.5,5.0,5.0,1.5,1.0,4.5,5.0,1.5,1.5,2.0,5.0,5.0,5.0,5.0,5.0,No
186038,No,8e31de46,CGCH,Full Time,5.0,4.5,Yes,7,T56321,001A,SBFH,Elective,No,MSPHD,2024,Spring,20241,2023-24,1.5,25.0,,,7.0,0.0,0.0,0.0,7.0,0.0,28.5699996948242,0.0,Yes,Building2,R,14:20:00,3.25,7.0,4.5,5.0,5.0,1.5,1.0,4.5,5.0,1.5,1.5,2.0,5.0,5.0,5.0,5.0,5.0,No
186038,No,105c9de1,CGCH,Full Time,5.0,4.5,Yes,7,T56321,001B,SBFH,Elective,No,MSPHD,2024,Spring,20241,2023-24,1.5,25.0,,,7.0,0.0,0.0,0.0,7.0,0.0,28.5699996948242,0.0,Yes,Building2,R,14:20:00,3.25,7.0,4.5,5.0,5.0,1.5,1.0,4.5,5.0,1.5,1.5,2.0,5.0,5.0,5.0,5.0,5.0,No
186038,No,1077395b,NZJO,Full Time,5.0,4.5,Yes,7,T56321,001C,SBFH,Elective,No,MSPHD,2024,Spring,20241,2023-24,1.5,25.0,,,7.0,0.0,0.0,0.0,7.0,0.0,28.5699996948242,0.0,Yes,Building2,R,14:20:00,3.25,7.0,4.5,5.0,5.0,1.5,1.0,4.5,5.0,1.5,1.5,2.0,5.0,5.0,5.0,5.0,5.0,No
186038,No,9322b968,CGCH,Full Time,5.0,4.5,Yes,7,T56321,001D,SBFH,Elective,No,MSPHD,2024,Spring,20241,2023-24,1.5,25.0,,,7.0,0.0,0.0,0.0,7.0,0.0,28.5699996948242,0.0,Yes,Building2,R,14:20:00,3.25,7.0,4.5,5.0,5.0,1.5,1.0,4.5,5.0,1.5,1.5,2.0,5.0,5.0,5.0,5.0,5.0,No
186038,No,b925a0e4,CGCH,Full Time,5.0,4.5,Yes,7,T56321,001E,SBFH,Elective,No,MSPHD,2024,Spring,20241,2023-24,1.5,25.0,,,7.0,0.0,0.0,0.0,7.0,0.0,28.5699996948242,0.0,Yes,Building2,R,14:20:00,3.25,7.0,4.5,5.0,5.0,1.5,1.0,4.5,5.0,1.5,1.5,2.0,5.0,5.0,5.0,5.0,5.0,No
186038,No,6872ba4a,CGCH,Full Time,5.0,4.5,Yes,7,T56321,,SBFH,Elective,No,MSPHD,2024,Spring,20241,2023-24,,,,,,,,,,,28.5699996948242,,Yes,off-campus,,,,7.0,4.5,5.0,5.0,1.5,1.0,4.5,5.0,1.5,1.5,2.0,5.0,5.0,5.0,5.0,5.0,No
186039,No,f126b8e1,USIE,Full Time,4.563,4.0,No,1,X06607,006,USIE,Core,No,Masters1,2024,Spring,20241,2023-24,1.5,74.0,Prerequisites,,73.0,73.0,0.0,0.0,0.0,0.0,79.4499969482422,0.0,No,Building1,"M,W",16:10:00,1.5,35.0,3.689655,4.448275,4.448275,2.672413,0.982758,3.827586,4.482758,3.103448,3.224137,3.844827,4.310344,4.293103,4.068965,3.689655,4.431034,Yes
186040,No,5df4a6f8,VUFA,Full Time,3.215,3.491,Yes,2,V58731,001,WIRK,Elective,No,Masters1,2024,Spring,20241,2023-24,3.0,74.0,,,68.0,64.0,0.0,3.0,0.0,1.0,69.120002746582,12.0,Yes,Building2,M,09:00:00,3.25,3.0,3.914893,4.382978,4.382978,2.978723,0.978723,3.468085,3.691489,2.80851,2.787234,3.595744,4.042553,4.148936,3.595744,3.553191,4.063829,Yes
186040,No,467ae184,VUFA,Part Time,4.382,3.491,Yes,2,V58731,001A,WIRK,Elective,No,Masters1,2024,Spring,20241,2023-24,3.0,74.0,,,68.0,64.0,0.0,3.0,0.0,1.0,69.120002746582,12.0,Yes,Building2,M,09:00:00,3.25,3.0,3.914893,4.382978,4.382978,2.978723,0.978723,3.468085,3.691489,2.80851,2.787234,3.595744,4.042553,4.148936,3.595744,3.553191,4.063829,No
186041,No,253ec0f8,OGPX,Full Time,5.0,4.875,No,1,L94135,001,SBFH,Elective,No,MSPHD,2024,Spring,20241,2023-24,1.5,30.0,,,11.0,0.0,0.0,6.0,5.0,0.0,53.3300018310547,0.0,No,Building2,M,18:00:00,3.25,3.0,4.25,4.875,4.75,3.5,1.25,4.875,5.0,3.0,3.75,3.875,4.875,5.0,4.875,4.875,4.875,Yes
186042,No,8a9995d9,USIE,Full Time,4.349,3.705,No,1,X06607,007,USIE,Core,No,Masters1,2024,Spring,20241,2023-24,1.5,74.0,Prerequisites,,75.0,74.0,0.0,0.0,0.0,1.0,85.3300018310547,0.0,No,Building1,"M,W",14:20:00,1.5,35.0,3.59375,4.21875,4.40625,2.375,0.96875,3.578125,4.28125,3.046875,3.109375,3.296875,3.984375,4.171875,3.75,3.21875,4.125,Yes
186043,No,105c9de1,CGCH,Full Time,4.331,4.192,No,1,J14775,001,SBFH,Elective,No,MSPHD,2024,Spring,20241,2023-24,1.5,50.0,,,38.0,1.0,0.0,30.0,7.0,0.0,69.2300033569336,0.0,No,Building2,R,09:00:00,3.25,3.0,4.148148,4.296296,4.37037,3.333333,1.0,4.037037,4.296296,4.407407,4.555555,3.962962,4.111111,4.259259,3.962962,4.037037,4.0,Yes
186044,No,7357616a,VUFA,Full Time,4.476,4.394,No,1,T37978,001,WIRK,Elective,No,Masters1,2024,Spring,20241,2023-24,3.0,74.0,,,49.0,38.0,0.0,1.0,0.0,10.0,62.2599983215332,0.0,No,Building1,"T,R",14:20:00,1.5,14.0,4.060606,4.666666,4.787878,3.151515,1.151515,4.30303,4.272727,3.30303,3.0,4.0,4.363636,4.424242,4.212121,4.030303,4.666666,Yes
186045,No,f499bf33,USIE,Full Time,4.822,4.255,No,1,X06607,008,USIE,Core,No,Masters1,2024,Spring,20241,2023-24,1.5,74.0,Prerequisites,,72.0,71.0,0.0,0.0,0.0,1.0,90.2799987792969,0.0,No,Building1,"M,W",14:20:00,1.5,35.0,3.953846,4.753846,4.553846,2.8,1.0,4.2,4.8,3.184615,3.36923,3.907692,4.538461,4.630769,4.415384,4.0,4.492307,Yes
186046,No,b925a0e4,CGCH,Full Time,4.917,4.765,No,1,D52595,001,SBFH,Elective,No,MSPHD,2024,Spring,20241,2023-24,1.5,50.0,,,39.0,1.0,0.0,31.0,7.0,0.0,61.5400009155273,0.0,No,Building2,T,09:00:00,3.25,3.0,4.041666,4.5,4.5,3.833333,0.916666,4.75,4.916666,2.291666,2.958333,3.875,4.458333,4.666666,4.666666,4.541666,4.541666,Yes
186047,No,7357616a,VUFA,Full Time,4.6,4.314,No,1,T37978,002,WIRK,Elective,No,Masters1,2024,Spring,20241,2023-24,3.0,49.0,,,4.0,2.0,0.0,0.0,0.0,2.0,69.2300033569336,0.0,No,Building1,"T,R",16:10:00,1.5,14.0,3.888888,4.444444,4.444444,3.333333,1.777777,3.888888,4.333333,3.0,3.111111,4.888888,4.777777,4.888888,4.777777,4.888888,4.888888,Yes
186048,No,f499bf33,USIE,Full Time,4.742,3.909,No,1,X06607,009,USIE,Core,No,Masters1,2024,Spring,20241,2023-24,1.5,74.0,Prerequisites,,74.0,74.0,0.0,0.0,0.0,0.0,82.4300003051758,0.0,No,Building1,"M,W",16:10:00,1.5,35.0,3.639344,4.672131,4.704918,2.278688,1.0,3.803278,4.442622,3.016393,3.295081,3.721311,4.377049,4.62295,4.245901,3.52459,4.508196,Yes
186049,No,b925a0e4,CGCH,Full Time,5.0,5.0,No,1,Y07591,001,SBFH,Elective,No,MSPHD,2024,Spring,20241,2023-24,3.0,25.0,,,8.0,0.0,0.0,4.0,4.0,0.0,61.5400009155273,0.0,No,Building2,R,09:00:00,3.25,3.0,4.25,4.875,4.75,3.625,1.25,5.0,5.0,2.625,3.0,4.125,4.625,4.75,4.875,4.875,4.75,Yes
186050,No,b8b7c818,VUFA,Full Time,4.692,4.533,No,1,T37978,003,WIRK,Elective,No,Masters1,2024,Spring,20241,2023-24,3.0,74.0,,,51.0,35.0,3.0,3.0,0.0,10.0,74.5100021362305,0.0,No,Building2,W,18:00:00,3.25,14.0,4.105263,4.578947,4.68421,3.342105,1.052631,4.526315,4.68421,3.026315,3.078947,4.368421,4.68421,4.657894,4.657894,4.342105,4.631578,Yes
186051,No,fed27360,USIE,Part Time,4.324,4.284,Yes,2,E39588,001,USIE,Elective,No,Masters1,2024,Spring,20241,2023-24,3.0,40.0,,,35.0,24.0,2.0,0.0,0.0,9.0,68.5699996948242,3.0,Yes,Building1,T,18:00:00,3.25,2.0,4.083333,4.458333,4.333333,3.375,1.25,3.916666,4.0625,3.333333,3.041666,3.875,4.291666,4.291666,4.416666,3.875,4.291666,Yes
186051,No,11d2574d,USIE,Full Time,4.235,4.284,Yes,2,E39588,001A,USIE,Elective,No,Masters1,2024,Spring,20241,2023-24,3.0,40.0,,,35.0,24.0,2.0,0.0,0.0,9.0,68.5699996948242,3.0,Yes,Building1,T,18:00:00,3.25,2.0,4.083333,4.458333,4.333333,3.375,1.25,3.916666,4.0625,3.333333,3.041666,3.875,4.291666,4.291666,4.416666,3.875,4.291666,No
186052,No,225b5fed,CGCH,Full Time,4.487,4.36,No,1,U72943,001,SBFH,Elective,No,MSPHD,2024,Spring,20241,2023-24,1.5,50.0,,,38.0,1.0,0.0,30.0,7.0,0.0,60.9799995422363,0.0,No,Building2,M,18:00:00,3.25,3.0,4.2,4.36,4.36,3.28,1.08,4.36,4.48,3.08,3.56,3.72,4.32,4.44,4.24,4.0,4.56,Yes
186053,No,8c5e8a1c,VUFA,Part Time,4.629,4.324,No,1,V25058,001,WIRK,Elective,No,Masters1,2024,Spring,20241,2023-24,1.5,50.0,,,42.0,41.0,1.0,0.0,0.0,0.0,92.6800003051758,21.0,No,Building2,T,09:00:00,3.25,7.0,4.078947,4.657894,4.657894,3.105263,1.0,4.210526,4.605263,3.315789,3.473684,4.394736,4.263157,4.552631,4.368421,4.026315,4.68421,Yes
186054,No,253ec0f8,OGPX,Full Time,4.791,4.748,No,1,C49728,001,SBFH,Elective,No,MSPHD,2024,Spring,20241,2023-24,1.5,50.0,,,38.0,1.0,0.0,31.0,6.0,0.0,59.5200004577637,0.0,No,Building2,T,14:20:00,3.25,5.0,4.48,4.6,4.56,3.64,0.92,4.68,4.72,4.28,4.08,4.48,4.6,4.64,4.6,4.4,4.72,Yes
186055,No,dcc276a3,USIE,Full Time,4.733,4.6,No,1,I78372,001,USIE,Elective,No,Masters1,2024,Spring,20241,2023-24,1.5,74.0,Prerequisites,,44.0,39.0,0.0,2.0,0.0,3.0,68.1800003051758,0.0,No,Building2,M,14:20:00,3.25,7.0,4.333333,4.766666,4.433333,3.066666,1.0,4.6,4.733333,3.266666,3.533333,4.366666,4.6,4.733333,4.6,4.033333,4.766666,Yes
186056,No,f2ab9d9d,VUFA,Part Time,4.085,3.876,No,1,J73875,001,WIRK,Elective,No,Masters1,2024,Spring,20241,2023-24,1.5,74.0,,,71.0,62.0,7.0,0.0,0.0,2.0,60.0,44.0,No,Building1,W,18:00:00,3.25,4.0,3.690476,4.5,4.285714,2.714285,1.0,3.690476,3.833333,2.0,2.97619,3.619047,4.071428,4.119047,3.761904,3.166666,4.023809,Yes
186057,No,f7321d1c,CGCH,Full Time,4.52,4.373,No,1,S68646,001,SBFH,Elective,No,MSPHD,2024,Spring,20241,2023-24,3.0,40.0,,,37.0,1.0,0.0,31.0,5.0,0.0,64.8600006103516,0.0,No,Building2,F,09:00:00,3.25,3.0,4.625,4.708333,4.583333,4.083333,0.916666,4.208333,4.416666,4.291666,3.791666,3.666666,4.375,4.375,4.291666,4.25,4.375,Yes
186058,No,dcc276a3,USIE,Full Time,4.444,4.479,No,1,I78372,002,USIE,Elective,No,Masters1,2024,Spring,20241,2023-24,1.5,74.0,Prerequisites,,53.0,51.0,1.0,0.0,0.0,1.0,63.4599990844727,0.0,No,Building2,T,09:00:00,3.25,7.0,4.484848,4.787878,4.454545,3.30303,0.939393,4.333333,4.212121,3.181818,3.424242,4.0,4.121212,4.212121,4.121212,3.272727,4.242424,Yes
186059,No,3c5eb40f,VUFA,,4.695,4.663,No,1,B47508,001,WIRK,Elective,No,Masters1,2024,Spring,20241,2023-24,3.0,32.0,Prerequisites,,32.0,28.0,0.0,2.0,0.0,2.0,65.629997253418,1.0,No,Building1,"T,R",10:50:00,1.5,3.0,4.285714,4.571428,4.428571,3.619047,0.904761,4.428571,4.666666,4.0,3.523809,4.571428,4.523809,4.619047,4.571428,4.666666,4.761904,Yes
186060,No,134eee52,CGCH,Part Time,4.7,4.652,No,1,B98182,001,SBFH,Elective,No,MSPHD,2024,Spring,20241,2023-24,3.0,25.0,,,24.0,1.0,0.0,23.0,0.0,0.0,100.0,3.0,No,Building1,W,14:20:00,3.25,3.0,4.206896,4.482758,4.275862,3.689655,1.206896,4.482758,4.689655,3.689655,3.344827,4.206896,4.413793,4.586206,4.275862,4.103448,4.620689,Yes
186061,No,dcc276a3,USIE,Full Time,4.721,4.664,No,1,I78372,003,USIE,Elective,No,Masters1,2024,Spring,20241,2023-24,1.5,74.0,Prerequisites,,43.0,40.0,0.0,1.0,0.0,2.0,71.4300003051758,0.0,No,Building2,T,14:20:00,3.25,7.0,4.466666,4.833333,4.833333,3.333333,1.0,4.5,4.666666,3.266666,3.433333,4.566666,4.766666,4.6,4.6,4.033333,4.733333,Yes
186062,No,2ed50729,VUFA,,3.753,3.569,No,1,P04779,001,WIRK,Elective,No,Masters1,2024,Spring,20241,2023-24,1.5,74.0,,,33.0,30.0,1.0,1.0,0.0,1.0,60.6100006103516,0.0,No,Building1,M,18:00:00,3.25,3.0,4.1,4.0,4.25,2.95,0.95,3.5,3.65,3.45,3.25,2.75,3.5,3.8,3.45,3.9,4.1,Yes
186064,No,35ff4b79,USIE,,4.629,4.453,No,1,E44373,001,USIE,Elective,No,Masters1,2024,Spring,20241,2023-24,3.0,65.0,,Corequisite,63.0,63.0,0.0,0.0,0.0,0.0,60.3199996948242,10.0,No,Building2,M,14:20:00,3.25,24.0,4.263157,4.631578,4.657894,3.078947,0.973684,4.368421,4.552631,2.973684,3.289473,4.18421,4.210526,4.578947,4.315789,3.973684,4.0,Yes
186065,No,2e0d2242,VUFA,Part Time,4.372,4.03,Yes,2,U93849,001,WIRK,Elective,No,Masters1,2024,Spring,20241,2023-24,3.0,74.0,,,69.0,45.0,1.0,1.0,0.0,22.0,73.9100036621094,12.0,Yes,Building2,M,18:00:00,3.25,9.0,4.098039,4.470588,4.235294,3.333333,1.274509,3.941176,4.382352,3.294117,3.117647,3.705882,4.411764,4.470588,4.274509,3.941176,4.549019,Yes
186065,No,12742bc9,VUFA,Part Time,4.413,4.03,Yes,2,U93849,001A,WIRK,Elective,No,Masters1,2024,Spring,20241,2023-24,3.0,74.0,,,69.0,45.0,1.0,1.0,0.0,22.0,73.9100036621094,12.0,Yes,Building2,M,18:00:00,3.25,9.0,4.098039,4.470588,4.235294,3.333333,1.274509,3.941176,4.382352,3.294117,3.117647,3.705882,4.411764,4.470588,4.274509,3.941176,4.549019,No
186067,No,35ff4b79,USIE,,4.723,4.622,No,1,E44373,002,USIE,Elective,No,Masters1,2024,Spring,20241,2023-24,3.0,65.0,,Corequisite,65.0,64.0,0.0,0.0,0.0,1.0,80.0,19.0,No,Building2,T,09:00:00,3.25,24.0,4.5,4.807692,4.711538,3.192307,0.980769,4.596153,4.692307,3.173076,3.25,4.442307,4.461538,4.692307,4.461538,4.0,4.442307,Yes
186068,No,bc569381,VUFA,Part Time,3.974,4.117,No,1,U93849,002,WIRK,Elective,No,Masters1,2024,Spring,20241,2023-24,3.0,50.0,,,17.0,9.0,5.0,2.0,0.0,1.0,67.5,10.0,No,Building1,R,18:00:00,3.25,9.0,4.185185,4.37037,4.333333,2.851851,1.481481,4.0,3.814814,3.111111,3.037037,3.925925,4.185185,4.037037,3.814814,3.777777,4.185185,Yes
186069,No,f7321d1c,CGCH,Full Time,4.889,4.833,No,1,C47684,001,SBFH,Elective,No,MSPHD,2024,Spring,20241,2023-24,1.5,50.0,,,21.0,0.0,0.0,19.0,2.0,0.0,90.4800033569336,0.0,No,Building2,F,14:20:00,3.25,1.0,4.473684,4.736842,4.68421,3.789473,0.842105,4.578947,4.631578,3.736842,3.526315,4.368421,4.210526,4.210526,4.210526,4.210526,4.210526,Yes
186070,No,35ff4b79,USIE,,4.677,4.517,No,1,E44373,003,USIE,Elective,No,Masters1,2024,Spring,20241,2023-24,3.0,65.0,,Corequisite,65.0,65.0,0.0,0.0,0.0,0.0,66.1500015258789,23.0,No,Building2,T,14:20:00,3.25,24.0,4.232558,4.651162,4.558139,2.88372,0.976744,4.325581,4.604651,3.186046,3.209302,4.232558,4.325581,4.372093,4.302325,3.930232,4.372093,Yes
186071,No,e5f50cbb,VUFA,Part Time,4.731,4.342,No,1,U93849,003,WIRK,Elective,No,Masters1,2024,Spring,20241,2023-24,3.0,74.0,,,74.0,70.0,0.0,0.0,0.0,4.0,90.5400009155273,21.0,No,Building1,R,09:00:00,3.25,9.0,4.0,4.716417,4.492537,3.044776,1.044776,4.298507,4.716417,2.641791,2.716417,4.0,4.477611,4.671641,4.462686,3.671641,4.537313,Yes
186072,No,b14b228f,CGCH,Full Time,4.783,4.486,No,1,O66873,001,SBFH,Elective,Yes,MSPHD,2024,Spring,20241,2023-24,1.5,50.0,,,30.0,1.0,0.0,29.0,0.0,0.0,67.6500015258789,0.0,No,Building1,"T,W,R,F,S",14:00:00,4.0,,4.434782,4.608695,4.608695,3.695652,0.956521,4.47826,4.782608,3.565217,3.913043,4.391304,4.47826,4.521739,4.304347,4.391304,4.260869,Yes
186073,No,35ff4b79,USIE,,4.737,4.679,No,1,E44373,004,USIE,Elective,No,Masters1,2024,Spring,20241,2023-24,3.0,65.0,,Corequisite,56.0,56.0,0.0,0.0,0.0,0.0,83.6399993896484,13.0,No,Building2,W,14:20:00,3.25,24.0,4.23913,4.456521,4.282608,3.326086,0.956521,4.565217,4.413043,3.152173,2.891304,4.23913,4.195652,4.456521,4.260869,3.652173,4.434782,Yes
186074,No,65d33764,VUFA,Part Time,4.155,4.095,No,1,L19319,001,WIRK,Elective,No,Masters1,2024,Spring,20241,2023-24,1.5,74.0,,,63.0,53.0,8.0,2.0,0.0,0.0,74.5999984741211,1.0,No,Building1,T,18:00:00,3.25,1.0,3.914893,4.595744,4.276595,2.893617,0.978723,3.978723,4.0,2.851063,3.234042,3.914893,4.276595,4.0,3.914893,3.702127,4.553191,Yes
186075,Yes,bacb508d,CGCH,Part Time,4.664,4.42,No,1,N84325,001,SBFH,Elective,No,MSPHD,2024,Spring,20241,2023-24,3.0,20.0,,,25.0,0.0,0.0,25.0,0.0,0.0,96.0,0.0,No,Building1,R,14:20:00,3.25,1.0,4.166666,4.5,4.375,3.791666,0.958333,4.416666,4.458333,3.541666,2.958333,4.083333,4.375,4.375,4.291666,4.416666,4.333333,No
186076,No,35ff4b79,USIE,,4.65,4.55,No,1,E44373,005,USIE,Elective,No,Masters1,2024,Spring,20241,2023-24,3.0,65.0,,Corequisite,63.0,63.0,0.0,0.0,0.0,0.0,73.7699966430664,9.0,No,Building2,R,09:00:00,3.25,24.0,4.377777,4.555555,4.577777,3.155555,0.977777,4.488888,4.577777,3.111111,3.022222,4.222222,4.355555,4.488888,4.333333,3.977777,4.311111,Yes
186077,No,8c5e8a1c,VUFA,Part Time,4.726,4.573,No,1,B20457,001,WIRK,Elective,No,Masters1,2024,Spring,20241,2023-24,1.5,50.0,,,47.0,44.0,3.0,0.0,0.0,0.0,82.9800033569336,32.0,No,Building1,T,14:20:00,3.25,7.0,4.410256,4.743589,4.589743,3.333333,0.974358,4.564102,4.717948,3.333333,3.461538,4.307692,4.538461,4.743589,4.538461,4.230769,4.666666,Yes
186078,No,35ff4b79,USIE,,4.624,4.59,No,1,E44373,062,USIE,Elective,No,Masters1,2024,Spring,20241,2023-24,3.0,65.0,,Corequisite,46.0,0.0,0.0,0.0,0.0,46.0,88.6800003051758,0.0,No,Building2,W,09:00:00,3.25,24.0,4.276595,4.638297,4.489361,3.382978,1.829787,4.425531,4.531914,3.191489,3.042553,4.191489,4.382978,4.468085,4.191489,3.87234,4.425531,Yes
186079,No,c898515a,VUFA,Part Time,3.561,3.479,No,1,Y05287,001,WIRK,Elective,No,Masters1,2024,Spring,20241,2023-24,1.5,40.0,,,41.0,40.0,1.0,0.0,0.0,0.0,65.8499984741211,86.0,No,Building1,W,14:20:00,3.25,3.0,3.777777,4.222222,4.111111,3.148148,0.962962,3.481481,3.518518,3.259259,3.037037,3.148148,3.407407,3.666666,3.518518,3.185185,4.037037,Yes
186080,No,19a6f603,USIE,Full Time,4.58,4.381,No,1,V76191,001,USIE,Elective,No,Masters1,2024,Spring,20241,2023-24,3.0,50.0,,Corequisite,24.0,23.0,0.0,0.0,0.0,1.0,87.1800003051758,8.0,No,Building1,"T,R",14:20:00,1.5,2.0,3.852941,4.617647,4.67647,2.882352,1.411764,4.294117,4.470588,3.235294,3.147058,4.147058,4.235294,4.382352,4.17647,3.941176,4.5,Yes
186081,No,354eb1c6,VUFA,Full Time,4.194,4.089,No,1,K57828,001,WIRK,Elective,No,MSPHD,2024,Spring,20241,2023-24,1.5,74.0,,,50.0,43.0,0.0,7.0,0.0,0.0,76.0,0.0,No,Building1,"T,R",10:50:00,1.5,9.0,3.868421,4.236842,4.394736,3.157894,0.973684,4.0,4.052631,3.473684,3.263157,3.815789,3.894736,3.947368,3.973684,3.526315,4.210526,Yes
186082,No,19a6f603,USIE,Full Time,4.754,4.648,No,1,V76191,002,USIE,Elective,No,Masters1,2024,Spring,20241,2023-24,3.0,50.0,,Corequisite,20.0,11.0,0.0,1.0,0.0,8.0,84.379997253418,0.0,No,Building1,"T,R",16:10:00,1.5,2.0,3.962962,4.703703,4.74074,3.296296,1.518518,4.629629,4.74074,3.259259,3.222222,4.333333,4.518518,4.481481,4.518518,4.37037,4.518518,Yes
186083,No,354eb1c6,VUFA,Full Time,4.39,4.189,No,1,K57828,002,WIRK,Elective,No,MSPHD,2024,Spring,20241,2023-24,1.5,74.0,,,62.0,51.0,0.0,11.0,0.0,0.0,68.3300018310547,0.0,No,Building1,"T,R",14:20:00,1.5,9.0,4.09756,4.292682,4.07317,2.853658,0.975609,4.04878,4.341463,3.195121,3.219512,4.04878,4.170731,4.292682,4.121951,3.731707,4.243902,Yes
186084,No,6f375008,USIE,Part Time,4.726,4.595,No,1,S31809,061,USIE,Elective,No,MSPHD,2024,Spring,20241,2023-24,3.0,50.0,,,44.0,0.0,0.0,0.0,0.0,44.0,88.6399993896484,0.0,No,Building2,R,14:20:00,3.25,6.0,4.128205,4.743589,4.666666,3.717948,1.871794,4.589743,4.717948,3.230769,3.179487,4.435897,4.641025,4.743589,4.717948,4.666666,4.76923,No
186086,No,4df386e8,USIE,Part Time,4.573,4.348,No,1,A74614,001,USIE,Elective,No,Masters1,2024,Spring,20241,2023-24,1.5,74.0,Prerequisites,,27.0,18.0,0.0,5.0,0.0,4.0,85.1900024414063,0.0,No,Building1,R,09:00:00,3.25,13.0,4.391304,4.73913,4.73913,3.913043,1.130434,4.347826,4.521739,3.521739,3.217391,3.869565,4.217391,4.217391,4.086956,4.0,4.347826,Yes
186087,No,a67ffac5,USIE,Part Time,4.348,4.209,No,1,C63645,001,USIE,Elective,No,Masters1,2024,Spring,20241,2023-24,1.5,74.0,,,62.0,61.0,0.0,1.0,0.0,0.0,70.9700012207031,21.0,No,Building2,T,09:00:00,3.25,7.0,3.840909,4.340909,4.431818,3.136363,1.0,4.113636,4.227272,2.90909,2.954545,3.863636,3.954545,4.15909,4.068181,3.227272,4.045454,Yes
186088,No,adaea479,USIE,,4.457,4.321,Yes,2,J61435,001,USIE,Elective,No,Masters1,2024,Spring,20241,2023-24,1.5,74.0,,,50.0,46.0,4.0,0.0,0.0,0.0,63.0800018310547,15.0,Yes,Building1,M,14:20:00,3.25,3.0,4.170731,4.609756,4.463414,2.829268,1.219512,4.170731,4.292682,3.07317,3.439024,4.146341,4.317073,4.414634,4.390243,4.243902,4.463414,Yes
186088,No,91bdacb3,USIE,,4.368,4.321,Yes,2,J61435,001A,USIE,Elective,No,Masters1,2024,Spring,20241,2023-24,1.5,74.0,,,50.0,46.0,4.0,0.0,0.0,0.0,63.0800018310547,15.0,Yes,Building1,M,14:20:00,3.25,3.0,4.170731,4.609756,4.463414,2.829268,1.219512,4.170731,4.292682,3.07317,3.439024,4.146341,4.317073,4.414634,4.390243,4.243902,4.463414,No
186089,No,0859a977,USIE,Part Time,4.762,4.688,No,1,A96256,H01,USIE,Elective,No,Masters1,2024,Spring,20241,2023-24,1.5,74.0,,,70.0,69.0,0.0,1.0,0.0,0.0,63.7700004577637,19.0,No,Building2,R,16:10:00,1.5,7.0,4.454545,4.727272,4.727272,2.75,0.977272,4.65909,4.545454,3.295454,3.568181,4.454545,4.204545,4.590909,4.5,3.977272,4.545454,Yes
186090,No,80d3762e,USIE,Part Time,4.484,4.345,No,1,U63457,001,USIE,Elective,No,Masters1,2024,Spring,20241,2023-24,1.5,74.0,,,60.0,58.0,0.0,0.0,0.0,2.0,64.7900009155273,9.0,No,Building1,W,14:20:00,3.25,3.0,4.0,4.47826,4.565217,3.260869,1.108695,4.304347,4.456521,3.065217,3.260869,3.956521,4.0,4.326086,4.326086,4.391304,4.630434,Yes
186091,No,f499bf33,USIE,Full Time,3.712,4.629,Yes,2,P92884,002,USIE,Elective,No,Masters1,2024,Spring,20241,2023-24,1.5,74.0,,,66.0,59.0,0.0,6.0,0.0,1.0,68.6600036621094,51.0,Yes,Building2,T,14:20:00,3.25,7.0,4.521739,4.717391,4.630434,3.065217,0.97826,4.608695,3.467391,3.521739,3.956521,4.282608,4.369565,4.652173,4.565217,4.23913,4.673913,Yes
186091,No,0859a977,USIE,Part Time,4.752,4.629,Yes,2,P92884,002A,USIE,Elective,No,Masters1,2024,Spring,20241,2023-24,1.5,74.0,,,66.0,59.0,0.0,6.0,0.0,1.0,68.6600036621094,51.0,Yes,Building2,T,14:20:00,3.25,7.0,4.521739,4.717391,4.630434,3.065217,0.97826,4.608695,3.467391,3.521739,3.956521,4.282608,4.369565,4.652173,4.565217,4.23913,4.673913,No
186092,No,638b34fa,USIE,Full Time,4.909,4.909,No,1,V61656,001,USIE,Elective,No,MSPHD,2024,Spring,20241,2023-24,5.0,25.0,,,9.0,0.0,0.0,5.0,4.0,0.0,78.5699996948242,0.0,No,Building1,W,09:00:00,3.25,3.0,3.90909,4.090909,4.090909,3.636363,1.272727,4.90909,4.90909,4.636363,3.90909,4.272727,4.454545,4.90909,4.545454,4.181818,4.636363,Yes
186094,Yes,8f362a60,ZQOR,Full Time,3.894,3.39,No,1,J20703,001,IGFY,Core,No,Masters1,2024,Spring,20241,2023-24,1.5,74.0,,,66.0,66.0,0.0,0.0,0.0,0.0,78.7900009155273,0.0,No,Building1,"M,W",14:20:00,1.5,43.0,3.538461,4.596153,4.51923,3.192307,0.980769,3.384615,3.865384,2.903846,2.788461,3.557692,3.942307,3.826923,3.673076,3.615384,4.211538,Yes
186095,Yes,8f362a60,ZQOR,Full Time,3.945,3.568,No,1,J20703,002,IGFY,Core,No,Masters1,2024,Spring,20241,2023-24,1.5,74.0,,,66.0,66.0,0.0,0.0,0.0,0.0,92.4199981689453,0.0,No,Building1,"M,W",16:10:00,1.5,43.0,3.852459,4.540983,4.590163,3.459016,0.967213,3.491803,3.803278,3.590163,3.04918,3.442622,4.04918,3.934426,3.852459,3.836065,4.377049,Yes
186096,Yes,8f362a60,ZQOR,Full Time,3.972,3.713,No,1,J20703,003,IGFY,Core,No,Masters1,2024,Spring,20241,2023-24,1.5,74.0,,,65.0,65.0,0.0,0.0,0.0,0.0,93.8499984741211,0.0,No,Building1,"M,W",10:50:00,1.5,43.0,3.606557,4.52459,4.704918,3.163934,1.0,3.62295,3.918032,3.295081,3.131147,3.459016,3.803278,3.885245,3.868852,3.786885,4.114754,Yes
186120,No,640d2369,GYQP,Full Time,4.769,4.833,No,1,E03990,100,TRXC,Elective,No,Masters2,2024,Spring,20241,2023-24,3.0,74.0,,,15.0,0.0,15.0,0.0,0.0,0.0,86.6699981689453,0.0,No,Building2,"M,T,W,R,U",09:00:00,8.0,10.0,4.692307,4.846153,4.846153,3.923076,0.923076,4.461538,4.76923,4.076923,4.076923,4.692307,4.692307,4.692307,4.692307,4.538461,4.461538,Yes
186121,No,11a4baed,KFZN,,4.357,4.286,No,1,E15391,001,KAFN,Elective,Yes,Masters2,2024,Spring,20241,2023-24,1.5,74.0,,,13.0,0.0,12.0,1.0,0.0,0.0,93.3300018310547,0.0,No,Building1,S,08:30:00,10.25,,4.285714,4.642857,4.214285,3.285714,1.071428,4.285714,4.357142,3.071428,3.214285,4.214285,4.142857,4.357142,4.357142,4.0,4.5,Yes
186124,No,de05c262,USIE,Full Time,4.067,3.859,No,1,I97516,001,USIE,Core,No,Masters2,2024,Spring,20241,2023-24,1.5,74.0,,,58.0,0.0,58.0,0.0,0.0,0.0,94.8300018310547,0.0,No,Building1,"F, S",08:30:00,10.25,16.0,3.854545,3.963636,4.018181,2.490909,0.963636,3.763636,4.054545,3.10909,3.818181,3.690909,3.50909,3.672727,3.472727,3.254545,4.345454,Yes
186125,No,de05c262,USIE,Full Time,3.898,3.707,No,1,I97516,002,USIE,Core,No,Masters2,2024,Spring,20241,2023-24,1.5,74.0,,,60.0,0.0,60.0,0.0,0.0,0.0,76.6699981689453,0.0,No,Building1,"F, S",08:30:00,10.25,16.0,3.913043,4.543478,4.260869,2.282608,0.956521,3.630434,3.673913,3.065217,3.73913,3.5,3.543478,3.565217,3.065217,3.0,4.369565,Yes
186126,No,de05c262,USIE,Full Time,4.022,3.696,No,1,I97516,003,USIE,Core,No,Masters2,2024,Spring,20241,2023-24,1.5,74.0,,,46.0,0.0,46.0,0.0,0.0,0.0,63.0400009155273,0.0,No,Building1,S,08:30:00,10.25,16.0,3.689655,4.344827,4.448275,2.931034,0.965517,3.620689,3.862068,3.068965,3.344827,3.655172,4.103448,3.827586,3.931034,3.862068,4.37931,Yes
186127,No,de05c262,USIE,Full Time,4.253,3.931,No,1,I97516,004,USIE,Core,No,Masters2,2024,Spring,20241,2023-24,1.5,74.0,,,43.0,0.0,43.0,0.0,0.0,0.0,81.4000015258789,0.0,No,Building1,S,08:30:00,10.25,16.0,3.685714,4.314285,4.314285,2.371428,1.0,3.857142,4.2,3.171428,3.685714,3.542857,3.914285,4.0,3.885714,3.457142,4.228571,Yes
186128,No,35ff4b79,USIE,,4.12,4.226,No,1,E98831,001,USIE,Elective,No,Masters2,2024,Spring,20241,2023-24,3.0,65.0,,Corequisite,33.0,0.0,33.0,0.0,0.0,0.0,93.9400024414063,0.0,No,Building1,"F, S",08:30:00,10.25,6.0,4.096774,4.354838,4.225806,3.129032,1.0,4.225806,4.096774,2.838709,2.806451,4.193548,4.0,4.064516,3.741935,3.580645,4.0,Yes
186129,No,35ff4b79,USIE,,4.564,4.457,No,1,E98831,002,USIE,Elective,No,Masters2,2024,Spring,20241,2023-24,3.0,65.0,,Corequisite,37.0,2.0,35.0,0.0,0.0,0.0,86.1100006103516,0.0,No,Building1,S,08:30:00,10.25,6.0,4.032258,4.387096,4.225806,2.935483,0.935483,4.419354,4.48387,3.32258,3.225806,4.0,4.096774,4.258064,4.129032,3.645161,3.903225,Yes
186131,No,225b5fed,CGCH,Full Time,4.585,4.357,No,1,N88827,001,SBFH,Elective,No,Masters2,2024,Spring,20241,2023-24,3.0,74.0,,,15.0,0.0,15.0,0.0,0.0,0.0,93.3300018310547,0.0,No,Building2,T,18:00:00,3.0,15.0,3.785714,4.285714,4.357142,2.714285,1.0,4.357142,4.571428,3.357142,3.5,4.428571,4.285714,4.142857,4.214285,3.857142,4.714285,Yes
186132,No,225b5fed,CGCH,Full Time,4.426,4.37,No,1,N88827,002,SBFH,Elective,No,Masters2,2024,Spring,20241,2023-24,3.0,74.0,,,57.0,0.0,57.0,0.0,0.0,0.0,80.6999969482422,0.0,No,Building1,S,08:30:00,10.25,15.0,4.282608,4.521739,4.565217,2.97826,0.934782,4.369565,4.282608,3.543478,3.5,4.108695,4.282608,4.391304,4.260869,4.043478,4.456521,Yes
186133,No,adadc168,CGCH,Full Time,5.0,4.857,No,1,N88827,300,SBFH,Elective,No,Masters2,2024,Spring,20241,2023-24,3.0,74.0,,,26.0,0.0,26.0,0.0,0.0,0.0,53.8499984741211,0.0,No,Building1,"M, T, W, R, F, S",08:30:00,11.0,15.0,4.642857,4.928571,4.928571,2.642857,1.0,4.857142,5.0,3.642857,3.785714,4.642857,4.5,4.857142,4.357142,3.5,4.714285,Yes
186134,No,0c45289c,AFQO,,4.328,3.996,No,1,K20735,001,SBFH,Elective,No,Masters2,2024,Spring,20241,2023-24,3.0,65.0,,Corequisite,61.0,0.0,61.0,0.0,0.0,0.0,93.4400024414063,0.0,No,Building1,"F, S",08:30:00,10.25,6.0,4.035087,4.508771,4.473684,2.91228,0.982456,3.789473,4.22807,3.807017,3.771929,3.877192,3.842105,3.68421,3.543859,3.68421,4.385964,Yes
186135,No,eb8eca91,CGCH,Full Time,4.467,4.769,No,1,I04586,001,SBFH,Elective,No,Masters2,2024,Spring,20241,2023-24,3.0,50.0,,Corequisite,16.0,0.0,16.0,0.0,0.0,0.0,81.25,0.0,No,Building1,"F, S",08:30:00,10.25,6.0,4.538461,4.692307,4.76923,2.846153,1.0,4.76923,4.461538,3.692307,3.615384,4.461538,4.307692,3.923076,4.538461,4.538461,4.692307,Yes
186136,No,eb8eca91,CGCH,Full Time,4.6,4.75,No,1,I04586,002,SBFH,Elective,No,Masters2,2024,Spring,20241,2023-24,3.0,50.0,,Corequisite,25.0,4.0,21.0,0.0,0.0,0.0,96.0,0.0,No,Building1,S,08:30:00,10.25,6.0,4.416666,4.541666,4.416666,3.208333,1.0,4.75,4.583333,3.333333,3.333333,4.75,4.416666,4.333333,4.458333,4.375,4.541666,Yes
186137,No,cdd82482,GYQP,Part Time,4.463,4.61,No,1,M69635,001,SBFH,Elective,No,Masters2,2024,Spring,20241,2023-24,3.0,36.0,,Corequisite,27.0,0.0,27.0,0.0,0.0,0.0,81.4800033569336,0.0,No,Building1,"F, S",08:30:00,10.25,6.0,4.590909,4.681818,4.681818,2.863636,0.954545,4.590909,4.40909,4.090909,3.090909,4.454545,3.90909,4.0,4.090909,2.818181,4.045454,Yes
186138,No,4b0ab014,CGCH,Part Time,4.905,4.642,No,1,A32763,100,SBFH,Elective,No,Masters2,2024,Spring,20241,2023-24,3.0,50.0,,Corequisite,22.0,1.0,21.0,0.0,0.0,0.0,95.4499969482422,0.0,No,Building2,"M,T,W,R,U",09:00:00,8.0,3.0,4.523809,4.571428,4.571428,3.809523,1.0,4.523809,4.904761,3.428571,4.380952,4.666666,4.523809,4.619047,4.619047,4.571428,4.809523,Yes
186139,No,13b49786,CGCH,Full Time,4.812,4.692,Yes,2,P67485,100,SBFH,Elective,No,Masters2,2024,Spring,20241,2023-24,3.0,74.0,Prerequisites,,53.0,0.0,53.0,0.0,0.0,0.0,96.2300033569336,0.0,Yes,Building2,"M,T,W,R,F",09:00:00,8.5,3.0,4.529411,4.784313,4.666666,2.470588,1.019607,4.568627,4.40196,4.607843,4.235294,4.549019,4.352941,4.607843,4.431372,3.823529,4.686274,Yes
186139,No,3f50edac,CGCH,Part Time,4.164,4.692,Yes,2,P67485,100A,SBFH,Elective,No,Masters2,2024,Spring,20241,2023-24,3.0,74.0,Prerequisites,,53.0,0.0,53.0,0.0,0.0,0.0,96.2300033569336,0.0,Yes,Building2,"M,T,W,R,F",09:00:00,8.5,3.0,4.529411,4.784313,4.666666,2.470588,1.019607,4.568627,4.40196,4.607843,4.235294,4.549019,4.352941,4.607843,4.431372,3.823529,4.686274,No
186168,No,2b7e8a00,ZQOR,,4.755,4.49,No,1,Y88728,300,IGFY,Elective,No,Masters2,2024,Spring,20241,2023-24,3.0,50.0,,,24.0,0.0,24.0,0.0,0.0,0.0,92.0,0.0,No,Building2,"U, M, T, W",08:30:00,11.0,16.0,3.73913,4.652173,4.173913,3.260869,1.086956,4.391304,4.73913,3.0,3.0,4.73913,4.73913,4.608695,4.73913,4.565217,4.913043,Yes
186169,No,1dd4c4e2,ZQOR,Part Time,4.447,4.457,No,1,Z45537,100,IGFY,Elective,No,Masters2,2024,Spring,20241,2023-24,3.0,74.0,,,67.0,0.0,67.0,0.0,0.0,0.0,89.5500030517578,0.0,No,Building2,"M,T,W,R,F",09:00:00,8.0,6.0,4.25,4.6,4.733333,2.95,1.0,4.4,4.333333,3.6,3.35,4.25,4.083333,4.366666,3.833333,3.6,4.416666,Yes
186170,No,00c8a86b,ZQOR,Full Time,3.6,3.754,No,1,F74226,001,IGFY,Elective,No,Masters2,2024,Spring,20241,2023-24,3.0,50.0,,,41.0,0.0,41.0,0.0,0.0,0.0,97.5599975585938,0.0,No,Building1,"F, S",08:30:00,10.25,1.0,3.65,4.375,4.625,3.325,0.95,3.5,3.5,2.9,3.025,3.675,3.525,3.475,3.675,3.2,4.425,Yes
186171,No,51f2fdbf,ZQOR,Full Time,4.378,4.459,No,1,B24956,100,IGFY,Elective,No,Masters2,2024,Spring,20241,2023-24,3.0,74.0,,,53.0,2.0,51.0,0.0,0.0,0.0,83.3300018310547,0.0,No,Building2,"M,T,W,R,F",09:00:00,8.0,6.0,4.222222,4.711111,4.4,3.133333,0.933333,4.355555,4.377777,3.355555,2.911111,4.422222,4.422222,4.288888,4.355555,4.266666,4.422222,Yes
186172,No,3d74c303,ZQOR,Part Time,4.722,4.506,No,1,N57784,100,IGFY,Elective,No,Masters2,2024,Spring,20241,2023-24,3.0,74.0,,,20.0,0.0,19.0,0.0,1.0,0.0,72.0,0.0,No,Building2,"M,T,W,R,U",09:00:00,8.0,3.0,4.555555,4.722222,4.666666,3.444444,1.0,4.5,4.722222,3.277777,3.388888,4.166666,4.611111,4.444444,4.444444,4.555555,4.666666,Yes
186173,No,31ce692e,ZQOR,Full Time,4.125,4.0,No,1,B79101,001,IGFY,Elective,No,Masters2,2024,Spring,20241,2023-24,1.5,50.0,,,11.0,1.0,9.0,0.0,0.0,1.0,80.0,0.0,No,Building1,S,08:30:00,10.25,5.0,4.25,4.25,4.375,3.375,0.875,4.0,4.125,2.75,3.0,4.125,4.0,4.125,4.0,3.75,4.375,Yes
186174,No,91485667,VUFA,Full Time,4.663,4.6,No,1,L16718,001,WIRK,Elective,No,Masters2,2024,Spring,20241,2023-24,3.0,50.0,,,21.0,2.0,17.0,1.0,0.0,1.0,95.2399978637695,0.0,No,Building1,S,08:30:00,10.25,3.0,4.35,4.7,4.75,3.65,1.05,4.6,4.65,4.25,3.55,4.55,4.5,4.65,4.6,4.45,4.45,Yes
186175,No,ce03109b,VUFA,Part Time,4.081,4.06,No,1,J10369,001,WIRK,Elective,No,Masters2,2024,Spring,20241,2023-24,1.5,74.0,,,43.0,9.0,33.0,1.0,0.0,0.0,80.4899978637695,0.0,No,Building1,"F, S",08:30:00,10.25,44.0,3.90909,4.454545,4.151515,2.666666,0.969696,3.969696,4.030303,3.030303,3.515151,3.969696,3.727272,3.878787,3.727272,3.90909,4.545454,Yes
186176,No,a94d01e7,VUFA,Full Time,4.909,4.833,No,1,C24263,001,WIRK,Elective,Yes,Masters2,2024,Spring,20241,2023-24,3.0,50.0,,,14.0,1.0,13.0,0.0,0.0,0.0,75.0,0.0,No,Building1,"F, S",08:30:00,10.25,,4.25,4.75,4.833333,2.916666,1.083333,4.833333,4.5,3.083333,3.166666,4.5,4.916666,5.0,4.916666,4.583333,5.0,Yes
186177,No,d3239ca2,VUFA,Part Time,4.427,4.425,Yes,2,F37100,100,WIRK,Elective,No,Masters2,2024,Spring,20241,2023-24,3.0,40.0,,,28.0,0.0,28.0,0.0,0.0,0.0,67.8600006103516,1.0,Yes,Building2,"M,T,W,R,U",09:00:00,8.0,1.0,4.052631,4.421052,4.526315,3.315789,0.947368,4.315789,4.289473,3.421052,3.368421,4.263157,4.368421,4.526315,4.421052,4.473684,4.578947,Yes
186177,No,3ec30635,VUFA,Full Time,4.427,4.425,Yes,2,F37100,100A,WIRK,Elective,No,Masters2,2024,Spring,20241,2023-24,3.0,40.0,,,28.0,0.0,28.0,0.0,0.0,0.0,67.8600006103516,1.0,Yes,Building2,"M,T,W,R,U",09:00:00,8.0,1.0,4.052631,4.421052,4.526315,3.315789,0.947368,4.315789,4.289473,3.421052,3.368421,4.263157,4.368421,4.526315,4.421052,4.473684,4.578947,No
186262,No,638b34fa,USIE,Full Time,4.8,4.686,No,1,H58653,001,KAFN,Elective,No,Masters1,2024,Spring,20241,2023-24,3.0,30.0,,,23.0,23.0,0.0,0.0,0.0,0.0,65.2200012207031,1.0,No,Building1,T,14:20:00,3.25,1.0,4.066666,4.866666,4.466666,2.8,1.0,4.666666,4.8,2.8,3.066666,4.2,4.666666,4.466666,4.8,4.066666,4.8,Yes
186395,No,1077395b,NZJO,Full Time,4.8,4.589,No,1,T03959,001,TRXC,Core,No,Masters2,2024,Spring,20241,2023-24,1.5,74.0,,,58.0,0.0,58.0,0.0,0.0,0.0,94.8300018310547,0.0,No,Building1,"T, R, F, S",08:30:00,10.25,8.0,4.2,4.690909,4.581818,2.8,0.945454,4.581818,4.8,3.018181,3.8,4.163636,4.30909,4.654545,4.381818,3.872727,4.618181,Yes
186397,No,1077395b,NZJO,Full Time,4.829,4.657,No,1,T03959,002,TRXC,Core,No,Masters2,2024,Spring,20241,2023-24,1.5,74.0,,,60.0,0.0,60.0,0.0,0.0,0.0,86.6699981689453,0.0,No,Building1,"T, R, F, S",08:30:00,10.25,8.0,4.153846,4.788461,4.730769,2.634615,1.0,4.557692,4.692307,2.980769,3.576923,4.211538,4.346153,4.76923,4.423076,3.923076,4.788461,Yes
186399,No,cdc4c1dd,NZJO,Part Time,4.718,4.513,No,1,T03959,003,TRXC,Core,No,Masters2,2024,Spring,20241,2023-24,1.5,74.0,,,45.0,0.0,45.0,0.0,0.0,0.0,86.6699981689453,0.0,No,Building1,"U, F, S",08:30:00,10.25,8.0,3.974358,4.615384,4.384615,3.0,1.0,4.51282,4.717948,3.0,3.307692,4.025641,4.615384,4.461538,4.538461,4.102564,4.307692,Yes
186401,No,cdc4c1dd,NZJO,Part Time,4.579,4.242,No,1,T03959,004,TRXC,Core,No,Masters2,2024,Spring,20241,2023-24,1.5,74.0,,,43.0,0.0,43.0,0.0,0.0,0.0,93.0199966430664,0.0,No,Building1,"U, F, S",08:30:00,10.25,8.0,3.925,4.775,4.375,2.575,0.975,4.2,4.575,3.125,3.5,3.8,4.05,4.2,4.25,3.6,4.55,Yes
186402,No,1077395b,NZJO,Full Time,4.826,4.709,No,1,Q95413,001,TRXC,Core,No,Masters2,2024,Spring,20241,2023-24,1.5,74.0,,,58.0,0.0,58.0,0.0,0.0,0.0,94.8300018310547,0.0,No,Building1,"F, S",08:30:00,10.25,15.0,4.090909,4.727272,4.418181,2.872727,0.963636,4.618181,4.781818,3.072727,3.70909,4.10909,4.490909,4.618181,4.4,3.8,4.6,Yes
186407,No,cdc4c1dd,NZJO,Part Time,4.653,4.4,No,1,Q95413,003,TRXC,Core,No,Masters2,2024,Spring,20241,2023-24,1.5,74.0,,,45.0,0.0,45.0,0.0,0.0,0.0,80.0,0.0,No,Building1,S,08:30:00,10.25,15.0,3.75,4.638888,4.638888,2.888888,0.972222,4.277777,4.638888,3.0,3.25,3.916666,4.194444,4.305555,4.25,4.055555,4.333333,Yes
186408,No,cdc4c1dd,NZJO,Part Time,4.562,4.4,No,1,Q95413,004,TRXC,Core,No,Masters2,2024,Spring,20241,2023-24,1.5,74.0,,,43.0,0.0,43.0,0.0,0.0,0.0,93.0199966430664,0.0,No,Building1,S,08:30:00,10.25,15.0,3.875,4.7,4.55,2.925,0.95,4.375,4.5,3.1,3.725,4.025,4.025,4.25,4.15,3.8,4.625,Yes
186409,No,4a167fe4,CGCH,Part Time,4.962,4.774,No,1,Z30890,001,SBFH,Core,No,Masters2,2024,Spring,20241,2023-24,3.0,74.0,,,56.0,0.0,56.0,0.0,0.0,0.0,92.9800033569336,0.0,No,Building1,"W, R, F, S",08:30:00,10.25,18.0,4.566037,4.830188,4.584905,2.679245,0.981132,4.773584,4.962264,3.754716,3.660377,4.603773,4.471698,4.773584,4.698113,4.566037,4.603773,Yes
186410,No,4a167fe4,CGCH,Part Time,4.936,4.817,No,1,Z30890,002,SBFH,Core,No,Masters2,2024,Spring,20241,2023-24,3.0,74.0,,,53.0,0.0,53.0,0.0,0.0,0.0,87.0400009155273,0.0,No,Building1,"W, R, F, S",08:30:00,10.25,18.0,4.553191,4.914893,4.659574,2.595744,0.978723,4.80851,4.93617,3.617021,3.680851,4.510638,4.659574,4.680851,4.595744,4.255319,4.723404,Yes
186422,Yes,b0341314,,Part Time,4.5,4.667,No,1,Y88728,001,FPVA,Elective,Yes,Masters2,2024,Spring,20241,2023-24,,,,,,,,,,,75.0,,No,off-campus,,,,,4.466666,4.666666,4.466666,3.666666,2.0,4.666666,4.2,3.6,3.466666,4.533333,3.466666,3.8,3.733333,3.8,3.266666,Yes
186453,No,2b7e8a00,ZQOR,,4.715,4.78,No,1,Y88728,001,IGFY,Elective,No,Masters2,2024,Spring,20241,2023-24,3.0,58.0,,,63.0,0.0,63.0,0.0,0.0,0.0,98.4100036621094,1.0,No,Building1,"F, S",08:30:00,10.25,16.0,4.403225,4.693548,4.596774,3.338709,1.0,4.774193,4.580645,3.241935,3.241935,4.548387,4.580645,4.564516,4.596774,4.451612,4.612903,Yes
186456,No,51f2fdbf,ZQOR,Full Time,4.384,4.342,No,1,B24956,001,IGFY,Elective,No,Masters2,2024,Spring,20241,2023-24,3.0,74.0,,,32.0,0.0,32.0,0.0,0.0,0.0,83.870002746582,0.0,No,Building1,S,08:30:00,10.25,6.0,4.115384,4.576923,4.615384,3.26923,0.961538,4.26923,4.346153,3.076923,2.846153,4.26923,4.115384,4.423076,4.230769,4.192307,4.346153,Yes
186459,No,a1f188f8,ZQOR,Part Time,4.833,4.833,No,1,Y54923,001,IGFY,Elective,No,Masters2,2024,Spring,20241,2023-24,1.5,36.0,,,15.0,0.0,15.0,0.0,0.0,0.0,75.0,0.0,No,Building1,"F, S",08:30:00,10.25,13.0,4.916666,4.916666,4.916666,3.0,1.083333,4.833333,4.833333,3.166666,3.416666,4.333333,4.833333,4.833333,4.833333,4.75,4.916666,Yes
186461,No,a1f188f8,ZQOR,Part Time,4.79,4.773,No,1,Y54923,002,IGFY,Elective,No,Masters2,2024,Spring,20241,2023-24,1.5,36.0,,,23.0,0.0,23.0,0.0,0.0,0.0,95.6500015258789,0.0,No,Building1,"F, S",12:30:00,6.25,13.0,4.636363,4.863636,4.545454,3.454545,1.0,4.772727,4.681818,3.363636,3.545454,4.636363,4.40909,4.727272,4.636363,4.818181,4.772727,Yes
186463,No,2b86262a,ZQOR,Part Time,5.0,4.857,No,1,Y54923,003,IGFY,Elective,No,Masters2,2024,Spring,20241,2023-24,1.5,36.0,,,8.0,0.0,8.0,0.0,0.0,0.0,87.5,0.0,No,Building1,S,08:30:00,10.25,13.0,4.714285,4.857142,4.857142,4.0,0.857142,4.857142,4.285714,3.285714,3.285714,4.714285,4.857142,4.857142,4.857142,4.857142,4.857142,Yes
186464,No,2c7bac1c,ZQOR,Full Time,4.45,4.575,No,1,F89959,001,IGFY,Elective,No,Masters2,2024,Spring,20241,2023-24,3.0,50.0,,,10.0,0.0,10.0,0.0,0.0,0.0,90.9100036621094,0.0,No,Building1,"F, S",08:30:00,10.25,6.0,4.0,4.5,4.6,3.1,1.1,3.9,3.9,2.7,2.6,3.6,4.1,4.1,3.9,3.6,4.2,Yes
186465,No,4d5af9cb,ZQOR,Part Time,4.917,4.697,No,1,B23438,001,IGFY,Elective,No,Masters2,2024,Spring,20241,2023-24,3.0,74.0,,,53.0,6.0,47.0,0.0,0.0,0.0,79.25,0.0,No,Building1,"F, S",08:30:00,10.25,1.0,4.333333,4.857142,4.738095,3.714285,0.97619,4.547619,4.880952,2.95238,3.142857,4.404761,4.738095,4.857142,4.761904,4.47619,4.857142,Yes
186466,No,26f46dca,VUFA,Full Time,3.731,3.722,No,1,R22062,001,WIRK,Core,No,Masters2,2024,Spring,20241,2023-24,3.0,74.0,,,58.0,0.0,58.0,0.0,0.0,0.0,86.205,0.0,Yes,Building1,"M, T, W, F, S",08:30:00,10.25,18.0,3.69,4.12,4.27,2.83,0.96,3.65,1.855,2.85,3.03,3.68,3.88,3.89,3.54,3.48,4.24,Yes
186466,No,3ec30635,VUFA,Full Time,3.868,3.722,No,1,R22062,001,WIRK,Core,No,Masters2,2024,Spring,20241,2023-24,3.0,74.0,,,58.0,0.0,58.0,0.0,0.0,0.0,86.205,0.0,Yes,Building1,"M, T, W, F, S",08:30:00,10.25,18.0,3.69,4.12,4.27,2.83,0.96,3.65,1.855,2.85,3.03,3.68,3.88,3.89,3.54,3.48,4.24,Yes
186467,No,26f46dca,VUFA,Full Time,3.875,4.04,No,1,R22062,002,WIRK,Core,No,Masters2,2024,Spring,20241,2023-24,3.0,74.0,,,60.0,0.0,60.0,0.0,0.0,0.0,71.665,0.0,Yes,Building1,"M, T, W, F, S",08:30:00,10.25,18.0,4.058139,4.593023,4.465116,2.697674,0.988372,3.976744,1.988372,2.930232,3.104651,3.872093,4.011627,4.058139,3.697674,3.639534,4.476744,Yes
186467,No,3ec30635,VUFA,Full Time,4.236,4.04,No,1,R22062,002,WIRK,Core,No,Masters2,2024,Spring,20241,2023-24,3.0,74.0,,,60.0,0.0,60.0,0.0,0.0,0.0,71.665,0.0,Yes,Building1,"M, T, W, F, S",08:30:00,10.25,18.0,4.058139,4.593023,4.465116,2.697674,0.988372,3.976744,1.988372,2.930232,3.104651,3.872093,4.011627,4.058139,3.697674,3.639534,4.476744,Yes
186468,No,f499bf33,USIE,Full Time,4.832,4.689,No,1,K14498,001,USIE,Core,No,Masters2,2024,Spring,20241,2023-24,1.5,74.0,,,57.0,0.0,57.0,0.0,0.0,0.0,100.0,0.0,No,Building1,"M, T, W, R, S",08:30:00,10.25,16.0,4.333333,4.807017,4.631578,2.754385,0.929824,4.68421,4.824561,3.403508,4.087719,4.210526,4.578947,4.68421,4.508771,4.175438,4.543859,Yes
186469,No,f499bf33,USIE,Full Time,4.92,4.54,No,1,K14498,002,USIE,Core,No,Masters2,2024,Spring,20241,2023-24,1.5,74.0,,,60.0,0.0,60.0,0.0,0.0,0.0,93.3300018310547,0.0,No,Building1,"M, T, W, R, S",12:30:00,6.25,16.0,4.339285,4.928571,4.839285,2.5,1.0,4.410714,4.910714,3.357142,4.178571,4.392857,4.607142,4.803571,4.625,4.125,4.839285,Yes
186470,No,3c5eb40f,VUFA,,4.844,4.733,No,1,Z97485,001,WIRK,Elective,No,Masters2,2024,Spring,20241,2023-24,3.0,32.0,Prerequisites,,17.0,2.0,7.0,0.0,0.0,8.0,50.0,0.0,No,Building1,"F, S",08:30:00,10.25,1.0,4.4,4.5,4.3,3.4,1.4,4.5,4.6,3.5,3.8,4.7,4.4,4.4,4.3,4.6,4.6,Yes
186471,No,354eb1c6,VUFA,Full Time,4.615,4.538,No,1,I55124,001,WIRK,Elective,No,Masters2,2024,Spring,20241,2023-24,1.5,50.0,,,15.0,0.0,15.0,0.0,0.0,0.0,92.8600006103516,0.0,No,Building1,S,08:30:00,10.25,13.0,4.307692,4.615384,4.692307,2.76923,1.0,4.538461,4.615384,3.692307,3.384615,4.461538,4.538461,4.461538,4.384615,4.076923,4.615384,Yes
186472,No,3949797c,VUFA,Full Time,4.825,4.825,No,1,R54737,001,WIRK,Elective,No,Masters2,2024,Spring,20241,2023-24,3.0,50.0,,,12.0,0.0,12.0,0.0,0.0,0.0,75.0,0.0,No,Building1,"F, S",08:30:00,10.25,5.0,4.444444,4.666666,4.222222,3.555555,1.0,4.777777,4.777777,3.111111,3.333333,4.666666,4.777777,4.777777,4.222222,4.777777,4.777777,Yes
186843,No,35ff4b79,USIE,,4.328,4.3,No,1,E44373,060,USIE,Elective,No,Masters1,2024,Spring,20241,2023-24,3.0,65.0,,Corequisite,59.0,4.0,0.0,0.0,0.0,55.0,73.3300018310547,0.0,No,Building2,R,14:20:00,3.25,24.0,4.181818,4.227272,4.068181,3.295454,1.772727,4.090909,4.068181,3.204545,2.954545,4.136363,4.022727,4.227272,4.068181,3.590909,4.113636,Yes
186861,No,2818e5bd,CGCH,Full Time,4.405,4.875,Yes,2,C00785,001,SBFH,Elective,No,Masters1,2024,Spring,20241,2023-24,1.5,25.0,Prerequisites,,15.0,12.0,0.0,2.0,0.0,1.0,53.3300018310547,0.0,Yes,Building1,R,14:20:00,3.25,1.0,4.625,4.875,4.875,4.125,1.0,4.875,4.625,2.875,3.375,4.75,5.0,5.0,5.0,5.0,5.0,No
186861,No,08326936,CGCH,Part Time,4.875,4.875,Yes,2,C00785,001A,SBFH,Elective,No,Masters1,2024,Spring,20241,2023-24,1.5,25.0,Prerequisites,,15.0,12.0,0.0,2.0,0.0,1.0,53.3300018310547,0.0,Yes,Building1,R,14:20:00,3.25,1.0,4.625,4.875,4.875,4.125,1.0,4.875,4.625,2.875,3.375,4.75,5.0,5.0,5.0,5.0,5.0,No
186862,No,37d16a3b,KFZN,Full Time,4.75,4.367,Yes,2,D52621,001,SBFH,Elective,No,Masters1,2024,Spring,20241,2023-24,3.0,40.0,Prerequisites,,20.0,19.0,1.0,0.0,0.0,0.0,100.0,0.0,Yes,Building1,W,14:20:00,3.25,1.0,4.3,4.55,4.2,3.65,1.0,4.1,4.65,3.65,3.3,4.3,4.35,4.6,4.3,4.45,4.6,Yes
186862,Yes,ae68aed1,CGCH,Part Time,4.563,4.367,Yes,2,D52621,001A,SBFH,Elective,No,Masters1,2024,Spring,20241,2023-24,3.0,40.0,Prerequisites,,20.0,19.0,1.0,0.0,0.0,0.0,100.0,0.0,Yes,Building1,W,14:20:00,3.25,1.0,4.3,4.55,4.2,3.65,1.0,4.1,4.65,3.65,3.3,4.3,4.35,4.6,4.3,4.45,4.6,No
186971,Yes,2b26fa8a,ZQOR,Full Time,4.647,4.529,No,1,R22177,001,IGFY,Elective,Yes,Masters1,2024,Spring,20241,2023-24,1.5,25.0,,,17.0,16.0,0.0,0.0,0.0,1.0,100.0,1.0,No,Building2,M,14:20:00,3.25,,4.529411,4.764705,4.411764,3.647058,1.058823,4.529411,4.647058,3.0,3.117647,4.647058,4.588235,4.705882,4.529411,4.470588,4.529411,Yes
186973,Yes,2b26fa8a,ZQOR,Full Time,4.7,4.504,No,1,R22177,002,IGFY,Elective,Yes,Masters1,2024,Spring,20241,2023-24,1.5,31.0,,,31.0,31.0,0.0,0.0,0.0,0.0,93.5500030517578,2.0,No,Building2,T,14:20:00,3.25,,4.482758,4.75862,4.689655,3.206896,1.0,4.344827,4.689655,3.0,3.37931,4.448275,4.448275,4.551724,4.551724,4.241379,4.793103,Yes
186976,Yes,2b26fa8a,ZQOR,Full Time,4.84,4.813,No,1,R22177,003,IGFY,Elective,Yes,Masters1,2024,Spring,20241,2023-24,1.5,25.0,,,17.0,17.0,0.0,0.0,0.0,0.0,88.8899993896484,2.0,No,Building2,R,14:20:00,3.25,,4.3125,4.875,4.5,3.4375,1.125,4.8125,4.8125,2.9375,3.0625,4.25,4.5625,4.5,4.5625,4.125,4.75,Yes
186979,Yes,dc30543f,ZQOR,Part Time,4.744,4.664,No,1,L73451,001,IGFY,Elective,No,Masters1,2024,Spring,20241,2023-24,1.5,50.0,,,34.0,22.0,10.0,0.0,0.0,2.0,84.8499984741211,8.0,No,Building2,R,18:00:00,3.25,2.0,4.285714,4.5,4.642857,3.464285,0.892857,4.285714,4.321428,3.357142,3.214285,4.357142,4.535714,4.607142,4.392857,4.035714,4.678571,Yes
186984,Yes,1a0294f1,NZJO,Full Time,4.693,4.437,No,1,I48088,001,TRXC,Core,No,Masters1,2024,Spring,20241,2023-24,1.5,74.0,,,62.0,62.0,0.0,0.0,0.0,0.0,96.7699966430664,0.0,No,Building1,"T,R",10:50:00,1.5,45.0,4.233333,4.566666,4.433333,2.916666,0.983333,4.433333,4.6,3.366666,3.3,4.116666,4.283333,4.45,4.3,3.9,4.5,Yes
186992,Yes,9cbda488,CGCH,Full Time,4.172,4.316,No,1,L23345,002,KAFN,Elective,No,Masters1,2024,Spring,20241,2023-24,1.5,50.0,,,48.0,47.0,1.0,0.0,0.0,0.0,79.1699981689453,16.0,No,Building1,T,14:20:00,3.25,3.0,3.868421,4.5,4.447368,2.815789,0.973684,4.315789,4.131578,3.0,3.342105,4.289473,4.210526,4.368421,4.236842,3.763157,4.552631,Yes
187108,Yes,73a0cc16,CGCH,Full Time,4.033,4.296,No,1,H14240,001,SBFH,Core,No,Masters1,2024,Spring,20241,2023-24,1.5,74.0,,,59.0,59.0,0.0,0.0,0.0,0.0,98.3099975585938,0.0,No,Building1,"M,W",16:10:00,1.5,22.0,4.051724,4.775862,4.465517,2.482758,1.0,4.206896,3.913793,3.103448,3.517241,3.931034,3.620689,3.896551,4.068965,3.241379,3.982758,Yes
187110,Yes,73a0cc16,CGCH,Full Time,3.604,3.878,No,1,H14240,002,SBFH,Core,No,Masters1,2024,Spring,20241,2023-24,1.5,74.0,,,58.0,58.0,0.0,0.0,0.0,0.0,96.5500030517578,0.0,No,Building1,"M,W",14:20:00,1.5,22.0,3.946428,4.303571,4.482142,2.678571,1.0,3.678571,3.482142,3.160714,3.428571,3.553571,3.392857,3.410714,3.732142,3.125,3.839285,Yes
187113,Yes,73a0cc16,CGCH,Full Time,2.996,3.753,No,1,H14240,004,SBFH,Core,No,Masters1,2024,Spring,20241,2023-24,1.5,74.0,,,61.0,61.0,0.0,0.0,0.0,0.0,93.4400024414063,0.0,No,Building1,"M,W",10:50:00,1.5,22.0,3.877192,3.947368,4.22807,2.526315,0.964912,3.578947,2.964912,3.22807,3.421052,3.526315,2.666666,3.017543,3.315789,2.929824,3.438596,Yes
187117,Yes,e75bc7a2,CGCH,,4.363,4.171,No,1,O60984,003,SBFH,Elective,No,Masters1,2024,Spring,20241,2023-24,3.0,60.0,Prerequisites,,60.0,60.0,0.0,0.0,0.0,0.0,73.3300018310547,17.0,No,Building2,"T,R",14:20:00,1.5,44.0,4.227272,4.431818,4.431818,3.068181,0.977272,4.113636,4.318181,3.840909,3.5,3.954545,4.272727,4.386363,4.386363,3.818181,4.545454,Yes
187120,Yes,e75bc7a2,CGCH,,4.453,4.128,No,1,O60984,004,SBFH,Elective,No,Masters1,2024,Spring,20241,2023-24,3.0,60.0,Prerequisites,,54.0,51.0,0.0,3.0,0.0,0.0,75.4700012207031,0.0,No,Building2,"T,R",16:10:00,1.5,44.0,4.175,4.5,4.35,3.15,0.975,4.025,4.225,3.725,3.45,3.75,4.2,4.325,4.275,4.025,4.3,Yes
187126,Yes,9cbda488,CGCH,Full Time,4.309,4.32,No,1,D88906,001,SBFH,Elective,No,Masters1,2024,Spring,20241,2023-24,1.5,50.0,Prerequisites,Corequisite,40.0,36.0,2.0,1.0,0.0,1.0,95.0,0.0,No,Building1,W,09:00:00,3.25,7.0,3.973684,4.210526,4.368421,2.921052,1.0,4.157894,4.236842,2.868421,3.078947,4.157894,4.18421,4.236842,4.236842,3.552631,4.18421,Yes
187129,Yes,9cbda488,CGCH,Full Time,4.509,4.418,No,1,D88906,002,SBFH,Elective,No,Masters1,2024,Spring,20241,2023-24,1.5,50.0,Prerequisites,Corequisite,31.0,28.0,3.0,0.0,0.0,0.0,80.0,0.0,No,Building1,W,14:20:00,3.25,7.0,4.291666,4.541666,4.541666,3.375,0.958333,4.375,4.458333,2.958333,3.125,3.875,4.375,4.5,4.416666,3.875,4.458333,Yes
187140,No,f499bf33,USIE,Full Time,3.033,4.72,Yes,2,P92884,001,USIE,Elective,No,Masters1,2024,Spring,20241,2023-24,1.5,50.0,,,29.0,26.0,3.0,0.0,0.0,0.0,81.25,4.0,Yes,Building2,R,18:00:00,3.25,7.0,4.461538,4.961538,4.730769,2.26923,1.076923,4.538461,3.134615,3.807692,4.076923,4.5,4.307692,4.730769,4.653846,4.461538,4.807692,Yes
187140,Yes,bcd01aef,USIE,Part Time,4.381,4.72,Yes,2,P92884,001A,USIE,Elective,No,Masters1,2024,Spring,20241,2023-24,1.5,50.0,,,29.0,26.0,3.0,0.0,0.0,0.0,81.25,4.0,Yes,Building2,R,18:00:00,3.25,7.0,4.461538,4.961538,4.730769,2.26923,1.076923,4.538461,3.134615,3.807692,4.076923,4.5,4.307692,4.730769,4.653846,4.461538,4.807692,No
187201,No,76f057fd,USIE,Part Time,4.593,4.644,No,1,R33778,060,USIE,Elective,No,MSPHD,2024,Spring,20241,2023-24,3.0,50.0,,,50.0,0.0,0.0,2.0,0.0,48.0,55.9300003051758,0.0,No,Building1,"M,W",18:00:00,1.5,3.0,4.090909,4.30303,4.30303,3.666666,1.757575,4.636363,4.575757,3.0,3.30303,4.333333,4.424242,4.515151,4.363636,4.272727,4.545454,Yes
187394,Yes,823bb168,CGCH,Part Time,4.757,4.543,No,1,S46249,001,SBFH,Elective,No,Masters1,2024,Spring,20241,2023-24,3.0,43.0,Prerequisites,,28.0,23.0,4.0,0.0,0.0,1.0,53.5699996948242,0.0,No,Building1,W,18:00:00,3.25,7.0,4.533333,4.6,4.6,3.466666,1.0,4.466666,4.666666,3.066666,3.266666,4.266666,4.533333,4.6,4.533333,4.466666,4.533333,Yes
187395,Yes,823bb168,CGCH,Part Time,4.5,4.5,No,1,S46249,D01,SBFH,Elective,No,Masters1,2024,Spring,20241,2023-24,3.0,5.0,Prerequisites,,6.0,0.0,6.0,0.0,0.0,0.0,66.6699981689453,0.0,No,off-campus,W,18:00:00,3.25,7.0,4.25,4.5,4.75,4.5,1.0,4.5,4.5,2.75,2.0,4.5,5.0,4.5,4.0,3.25,5.0,Yes
187782,No,6f375008,USIE,Part Time,4.568,4.407,No,1,S31809,060,USIE,Elective,No,MSPHD,2024,Spring,20241,2023-24,3.0,50.0,,,35.0,0.0,0.0,0.0,0.0,35.0,76.1900024414063,0.0,No,Building2,M,09:00:00,3.25,6.0,4.28125,4.625,4.5,3.84375,1.96875,4.40625,4.5625,3.15625,3.3125,4.21875,4.34375,4.3125,4.40625,4.4375,4.6875,No
187784,Yes,1894483c,CGCH,Part Time,4.677,4.592,No,1,N03516,001,SBFH,Elective,No,Masters1,2024,Spring,20241,2023-24,1.5,50.0,Prerequisites,,31.0,24.0,7.0,0.0,0.0,0.0,87.0999984741211,3.0,No,Building1,R,18:00:00,3.25,1.0,4.111111,4.222222,4.037037,2.888888,0.925925,4.37037,4.629629,3.148148,3.37037,4.333333,4.518518,4.74074,4.555555,4.444444,4.666666,Yes
187967,No,638b34fa,USIE,Full Time,4.141,4.272,Yes,6,L59828,001,USIE,Elective,No,Masters1,2024,Spring,20241,2023-24,1.5,150.0,,,110.0,65.0,0.0,1.0,0.0,44.0,75.7600021362305,0.0,Yes,Building2,M,09:00:00,3.25,6.0,3.92,4.33,4.41,3.39,1.38,4.16,4.161666,3.09,3.22,3.74,4.31,4.34,4.27,3.97,4.31,Yes
187967,No,0a270635,USIE,Full Time,4.319,4.272,Yes,6,L59828,001A,USIE,Elective,No,Masters1,2024,Spring,20241,2023-24,1.5,150.0,,,110.0,65.0,0.0,1.0,0.0,44.0,75.7600021362305,0.0,Yes,Building2,M,09:00:00,3.25,6.0,3.92,4.33,4.41,3.39,1.38,4.16,4.161666,3.09,3.22,3.74,4.31,4.34,4.27,3.97,4.31,No
187967,No,f499bf33,USIE,Full Time,4.739,4.272,Yes,6,L59828,001B,USIE,Elective,No,Masters1,2024,Spring,20241,2023-24,1.5,150.0,,,110.0,65.0,0.0,1.0,0.0,44.0,75.7600021362305,0.0,Yes,Building2,M,09:00:00,3.25,6.0,3.92,4.33,4.41,3.39,1.38,4.16,4.161666,3.09,3.22,3.74,4.31,4.34,4.27,3.97,4.31,No
187967,No,de05c262,USIE,Full Time,4.237,4.272,Yes,6,L59828,001C,USIE,Elective,No,Masters1,2024,Spring,20241,2023-24,1.5,150.0,,,110.0,65.0,0.0,1.0,0.0,44.0,75.7600021362305,0.0,Yes,Building2,M,09:00:00,3.25,6.0,3.92,4.33,4.41,3.39,1.38,4.16,4.161666,3.09,3.22,3.74,4.31,4.34,4.27,3.97,4.31,No
187967,No,f3b2a2e4,USIE,Full Time,4.452,4.272,Yes,6,L59828,001D,USIE,Elective,No,Masters1,2024,Spring,20241,2023-24,1.5,150.0,,,110.0,65.0,0.0,1.0,0.0,44.0,75.7600021362305,0.0,Yes,Building2,M,09:00:00,3.25,6.0,3.92,4.33,4.41,3.39,1.38,4.16,4.161666,3.09,3.22,3.74,4.31,4.34,4.27,3.97,4.31,No
187967,No,1133483b,USIE,Full Time,4.207,4.272,Yes,6,L59828,001E,USIE,Elective,No,Masters1,2024,Spring,20241,2023-24,1.5,150.0,,,110.0,65.0,0.0,1.0,0.0,44.0,75.7600021362305,0.0,Yes,Building2,M,09:00:00,3.25,6.0,3.92,4.33,4.41,3.39,1.38,4.16,4.161666,3.09,3.22,3.74,4.31,4.34,4.27,3.97,4.31,No
188824,Yes,c9c3877d,CGCH,Part Time,4.577,4.527,No,1,R96472,003,SBFH,Elective,No,Masters1,2024,Spring,20241,2023-24,1.5,50.0,,Corequisite,45.0,44.0,1.0,0.0,0.0,0.0,82.2200012207031,34.0,No,Building1,R,14:20:00,3.25,24.0,4.0,4.513513,4.162162,3.108108,1.0,4.486486,4.567567,2.621621,2.918918,4.189189,4.513513,4.567567,4.432432,3.594594,4.702702,Yes
188909,Yes,ed4c6e8d,ZQOR,Part Time,3.4,2.679,Yes,2,D53192,001,IGFY,Elective,No,Masters1,2024,Spring,20241,2023-24,3.0,30.0,,,25.0,23.0,2.0,0.0,0.0,0.0,62.5,0.0,Yes,Building1,T,16:10:00,3.25,7.0,3.333333,4.4,4.2,3.6,1.0,2.666666,3.333333,3.4,2.666666,2.866666,3.333333,3.466666,3.066666,3.533333,4.066666,Yes
188909,Yes,08084f0d,,,3.439,2.679,Yes,2,D53192,001A,IGFY,Elective,No,Masters1,2024,Spring,20241,2023-24,3.0,30.0,,,25.0,23.0,2.0,0.0,0.0,0.0,62.5,0.0,Yes,Building1,T,16:10:00,3.25,7.0,3.333333,4.4,4.2,3.6,1.0,2.666666,3.333333,3.4,2.666666,2.866666,3.333333,3.466666,3.066666,3.533333,4.066666,No
188930,Yes,f5acacf3,NZJO,Part Time,4.723,4.533,No,1,O98065,001,TRXC,Elective,Yes,Masters1,2024,Spring,20241,2023-24,3.0,56.0,,,52.0,50.0,2.0,0.0,0.0,0.0,92.1600036621094,0.0,No,Building1,T,09:00:00,3.25,,4.297872,4.74468,4.595744,3.276595,0.978723,4.382978,4.680851,3.063829,3.212765,4.297872,4.085106,4.382978,4.468085,4.106382,4.531914,Yes
189012,Yes,777b54c1,USIE,,4.311,3.868,No,1,X06607,002,USIE,Core,No,Masters1,2024,Spring,20241,2023-24,1.5,74.0,Prerequisites,,74.0,74.0,0.0,0.0,0.0,0.0,78.379997253418,0.0,No,Building1,"M,W",14:20:00,1.5,35.0,3.586206,4.155172,4.396551,2.517241,0.982758,3.793103,4.189655,2.965517,3.327586,3.482758,4.086206,4.086206,3.844827,3.37931,4.120689,Yes
189013,Yes,b598694b,USIE,Part Time,3.994,4.168,No,1,K14498,003,USIE,Core,No,Masters2,2024,Spring,20241,2023-24,1.5,74.0,,,45.0,0.0,45.0,0.0,0.0,0.0,86.6699981689453,0.0,No,Building1,"U, F, S",08:30:00,10.25,16.0,3.974358,4.538461,4.589743,2.358974,0.948717,4.128205,3.923076,3.51282,3.76923,3.820512,3.615384,3.820512,3.871794,3.487179,4.487179,Yes
189014,Yes,777b54c1,USIE,,3.769,3.509,No,1,X06607,001,USIE,Core,No,Masters1,2024,Spring,20241,2023-24,1.5,74.0,Prerequisites,,75.0,75.0,0.0,0.0,0.0,0.0,76.0,0.0,No,Building1,"M,W",10:50:00,1.5,35.0,3.68421,3.877192,4.298245,2.350877,0.982456,3.421052,3.701754,3.192982,3.315789,3.649122,3.771929,3.929824,3.666666,3.315789,3.649122,Yes
189015,Yes,777b54c1,USIE,,4.558,4.329,No,1,I36688,001,USIE,Elective,No,Masters1,2024,Spring,20241,2023-24,1.5,60.0,,,45.0,43.0,1.0,0.0,0.0,1.0,86.0500030517578,17.0,No,Building1,R,14:20:00,3.25,6.0,3.864864,4.567567,4.648648,2.594594,0.972972,4.162162,4.459459,3.756756,3.486486,4.027027,4.27027,4.351351,4.162162,3.864864,4.432432,Yes
189016,No,638b34fa,USIE,Full Time,3.853,4.023,Yes,6,L59828,002,USIE,Elective,No,Masters1,2024,Spring,20241,2023-24,1.5,150.0,,,142.0,133.0,0.0,4.0,0.0,5.0,73.0500030517578,28.0,Yes,Building2,M,14:20:00,3.25,6.0,4.009708,4.330097,4.407766,3.155339,1.009708,3.961165,4.114886,3.242718,3.320388,3.902912,4.61165,4.631067,4.582524,4.213592,4.592233,Yes
189016,No,0a270635,USIE,Full Time,4.351,4.023,Yes,6,L59828,002A,USIE,Elective,No,Masters1,2024,Spring,20241,2023-24,1.5,150.0,,,142.0,133.0,0.0,4.0,0.0,5.0,73.0500030517578,28.0,Yes,Building2,M,14:20:00,3.25,6.0,4.009708,4.330097,4.407766,3.155339,1.009708,3.961165,4.114886,3.242718,3.320388,3.902912,4.61165,4.631067,4.582524,4.213592,4.592233,No
189016,No,f499bf33,USIE,Full Time,4.752,4.023,Yes,6,L59828,002B,USIE,Elective,No,Masters1,2024,Spring,20241,2023-24,1.5,150.0,,,142.0,133.0,0.0,4.0,0.0,5.0,73.0500030517578,28.0,Yes,Building2,M,14:20:00,3.25,6.0,4.009708,4.330097,4.407766,3.155339,1.009708,3.961165,4.114886,3.242718,3.320388,3.902912,4.61165,4.631067,4.582524,4.213592,4.592233,No
189016,No,de05c262,USIE,Full Time,4.048,4.023,Yes,6,L59828,002C,USIE,Elective,No,Masters1,2024,Spring,20241,2023-24,1.5,150.0,,,142.0,133.0,0.0,4.0,0.0,5.0,73.0500030517578,28.0,Yes,Building2,M,14:20:00,3.25,6.0,4.009708,4.330097,4.407766,3.155339,1.009708,3.961165,4.114886,3.242718,3.320388,3.902912,4.61165,4.631067,4.582524,4.213592,4.592233,No
189016,No,f3b2a2e4,USIE,Full Time,4.327,4.023,Yes,6,L59828,002D,USIE,Elective,No,Masters1,2024,Spring,20241,2023-24,1.5,150.0,,,142.0,133.0,0.0,4.0,0.0,5.0,73.0500030517578,28.0,Yes,Building2,M,14:20:00,3.25,6.0,4.009708,4.330097,4.407766,3.155339,1.009708,3.961165,4.114886,3.242718,3.320388,3.902912,4.61165,4.631067,4.582524,4.213592,4.592233,No
189016,No,1133483b,USIE,Full Time,4.004,4.023,Yes,6,L59828,002E,USIE,Elective,No,Masters1,2024,Spring,20241,2023-24,1.5,150.0,,,142.0,133.0,0.0,4.0,0.0,5.0,73.0500030517578,28.0,Yes,Building2,M,14:20:00,3.25,6.0,4.009708,4.330097,4.407766,3.155339,1.009708,3.961165,4.114886,3.242718,3.320388,3.902912,4.61165,4.631067,4.582524,4.213592,4.592233,No
189017,No,1133483b,USIE,Full Time,4.75,4.75,No,1,A42908,001,USIE,Elective,No,MSPHD,2024,Spring,20241,2023-24,1.5,25.0,,,7.0,0.0,0.0,1.0,6.0,0.0,50.0,0.0,No,Building1,M,14:20:00,3.25,3.0,4.0,4.75,4.75,2.75,1.0,4.75,4.75,1.75,3.0,4.25,3.25,3.25,3.0,2.75,3.25,No
189022,Yes,876b4dd1,CGCH,Part Time,4.563,4.331,No,1,O60984,006,SBFH,Elective,No,Masters1,2024,Spring,20241,2023-24,3.0,74.0,Prerequisites,,73.0,73.0,0.0,0.0,0.0,0.0,69.8600006103516,23.0,No,Building1,"M,W",10:50:00,1.5,44.0,4.078431,4.72549,4.529411,3.431372,1.0,4.254901,4.392156,3.509803,3.17647,4.019607,4.392156,4.392156,4.431372,3.823529,4.392156,Yes
189023,Yes,876b4dd1,CGCH,Part Time,4.329,3.93,No,1,O60984,007,SBFH,Elective,No,Masters1,2024,Spring,20241,2023-24,3.0,74.0,Prerequisites,,74.0,74.0,0.0,0.0,0.0,0.0,67.5699996948242,23.0,No,Building2,"M,W",14:20:00,1.5,44.0,3.84,4.46,4.28,3.34,0.98,3.68,4.08,3.44,3.2,3.88,3.96,4.02,4.24,3.88,4.18,Yes
189024,Yes,737ec218,CGCH,,4.36,4.467,No,1,T38733,001,SBFH,Elective,No,Masters2,2024,Spring,20241,2023-24,1.5,50.0,,Corequisite,12.0,7.0,5.0,0.0,0.0,0.0,91.6699981689453,0.0,No,Building1,S,08:30:00,10.25,1.0,4.090909,4.636363,4.636363,3.727272,1.0,4.363636,4.272727,2.727272,3.454545,4.272727,4.454545,4.181818,4.0,4.0,4.545454,Yes
189025,Yes,876b4dd1,CGCH,Part Time,4.052,4.089,No,1,O60984,005,SBFH,Elective,No,Masters1,2024,Spring,20241,2023-24,3.0,74.0,Prerequisites,,73.0,73.0,0.0,0.0,0.0,0.0,76.7099990844727,21.0,No,Building1,"M,W",09:00:00,1.5,44.0,4.053571,4.392857,4.392857,2.75,0.964285,4.089285,3.928571,3.392857,3.339285,3.839285,3.678571,3.696428,3.803571,3.285714,4.0,Yes
189026,Yes,2595c787,GYQP,Part Time,4.759,4.655,Yes,2,P50521,001,SBFH,Elective,No,Masters1,2024,Spring,20241,2023-24,1.5,40.0,Prerequisites,,39.0,37.0,2.0,0.0,0.0,0.0,74.3600006103516,10.0,Yes,Building1,M,18:00:00,3.25,1.0,4.517241,4.655172,4.482758,3.0,1.0,4.655172,4.741379,4.0,3.724137,4.620689,4.413793,4.448275,4.344827,4.517241,4.655172,No
189026,Yes,47b1d2f7,GYQP,Part Time,4.736,4.655,Yes,2,P50521,001A,SBFH,Elective,No,Masters1,2024,Spring,20241,2023-24,1.5,40.0,Prerequisites,,39.0,37.0,2.0,0.0,0.0,0.0,74.3600006103516,10.0,Yes,Building1,M,18:00:00,3.25,1.0,4.517241,4.655172,4.482758,3.0,1.0,4.655172,4.741379,4.0,3.724137,4.620689,4.413793,4.448275,4.344827,4.517241,4.655172,No
189032,Yes,dfd9a0ed,ZQOR,,4.524,4.4,No,1,Y88728,002,IGFY,Elective,No,Masters2,2024,Spring,20241,2023-24,3.0,50.0,,,22.0,0.0,22.0,0.0,0.0,0.0,95.4499969482422,0.0,No,Building1,S,08:30:00,10.25,16.0,4.333333,4.761904,4.761904,3.238095,1.0,4.190476,4.523809,2.714285,2.95238,4.523809,4.523809,4.571428,4.619047,4.428571,4.523809,Yes
189034,Yes,daa2f322,ZQOR,Full Time,4.746,4.57,No,1,Q44513,007,IGFY,Elective,No,Masters1,2024,Spring,20241,2023-24,3.0,50.0,,,50.0,48.0,0.0,0.0,0.0,2.0,86.0,5.0,No,Building1,M,09:00:00,3.25,43.0,4.186046,4.558139,4.581395,3.232558,0.953488,4.511627,4.581395,2.953488,3.023255,4.209302,4.534883,4.511627,4.604651,4.16279,4.581395,Yes
189035,Yes,daa2f322,ZQOR,Full Time,4.768,4.605,No,1,Q44513,008,IGFY,Elective,No,Masters1,2024,Spring,20241,2023-24,3.0,50.0,,,39.0,38.0,0.0,0.0,0.0,1.0,88.8899993896484,0.0,No,Building1,M,14:20:00,3.25,43.0,4.225,4.675,4.475,2.725,1.075,4.6,4.725,3.025,3.0,4.225,4.575,4.7,4.525,4.375,4.7,Yes
189036,Yes,9a31e399,VUFA,Part Time,3.806,3.657,No,1,A79474,001,WIRK,Elective,No,Masters1,2024,Spring,20241,2023-24,1.5,50.0,,,48.0,42.0,1.0,5.0,0.0,0.0,84.7799987792969,18.0,No,Building1,M,14:20:00,3.25,9.0,3.846153,4.307692,4.333333,3.179487,0.974358,3.538461,3.717948,3.384615,3.076923,3.358974,3.641025,3.794871,3.384615,3.102564,4.230769,Yes
189037,Yes,a1fcefd2,VUFA,Part Time,4.64,4.265,No,1,X70669,001,WIRK,Elective,No,Masters1,2024,Spring,20241,2023-24,1.5,50.0,,,47.0,45.0,0.0,2.0,0.0,0.0,89.3600006103516,53.0,No,Building1,M,14:20:00,3.25,7.0,4.261904,4.595238,4.642857,3.166666,0.97619,4.142857,4.5,2.714285,3.047619,4.071428,4.095238,4.357142,3.833333,3.47619,4.47619,Yes
189095,Yes,4c5b1c0d,,Part Time,3.154,3.579,Yes,2,C12273,D01A,IGFY,Elective,No,Masters1,2024,Spring,20241,2023-24,1.5,100.0,,,61.0,61.0,0.0,0.0,0.0,0.0,78.6900024414063,0.0,No,off-campus,,,,1.0,3.083333,2.854166,2.854166,2.583333,0.9375,3.166666,2.697916,2.104166,1.9375,2.625,1.9375,1.9375,2.041666,1.9375,1.9375,No
189130,No,849e63f8,USIE,Full Time,3.343,3.943,No,1,N07783,060,USIE,Elective,No,MSPHD,2024,Spring,20241,2023-24,3.0,25.0,,,11.0,0.0,0.0,0.0,0.0,11.0,72.7300033569336,0.0,No,Building1,"T,R",14:20:00,1.5,6.0,4.375,4.0,3.875,3.0,1.875,3.875,3.375,3.5,3.5,3.625,3.5,3.375,3.375,2.625,3.625,Yes
189236,Yes,bb4629fd,USIE,Part Time,4.255,4.21,No,1,K14498,004,USIE,Core,No,Masters2,2024,Spring,20241,2023-24,1.5,74.0,,,43.0,0.0,43.0,0.0,0.0,0.0,97.6699981689453,0.0,No,Building1,"U, F, S",08:30:00,10.25,16.0,4.119047,4.428571,4.642857,2.547619,0.95238,4.023809,4.190476,3.95238,4.5,3.97619,3.880952,3.761904,3.595238,3.261904,4.428571,Yes
189334,No,dcc276a3,USIE,Full Time,5.0,4.889,No,1,Y76366,060,USIE,Elective,No,MSPHD,2024,Spring,20241,2023-24,1.5,50.0,,,11.0,0.0,0.0,0.0,0.0,11.0,69.2300033569336,0.0,No,Building2,M,09:00:00,3.25,1.0,3.666666,4.666666,4.666666,3.666666,1.888888,4.888888,5.0,2.666666,2.888888,3.777777,4.666666,4.777777,4.888888,3.777777,4.777777,Yes
189336,No,1133483b,USIE,Full Time,4.408,4.448,No,1,C19879,060,USIE,Elective,Yes,MSPHD,2024,Spring,20241,2023-24,1.5,50.0,,,22.0,4.0,0.0,0.0,0.0,18.0,96.4300003051758,0.0,No,Building2,T,18:00:00,3.25,,3.851851,4.37037,4.592592,3.555555,1.629629,4.333333,4.333333,3.074074,3.185185,4.37037,4.37037,4.481481,4.259259,4.222222,4.703703,Yes
189360,Yes,467a182e,QAHF,Full Time,4.804,4.651,No,1,B80262,002,QAHF,Core,No,MSPHD,2024,Spring,20241,2023-24,3.0,74.0,,,60.0,60.0,0.0,0.0,0.0,0.0,78.2600021362305,0.0,No,Building1,"T,R,F",09:00:00,8.5,45.0,4.296296,4.703703,4.74074,3.018518,1.055555,4.555555,4.796296,3.722222,3.333333,4.314814,4.666666,4.555555,4.5,4.259259,4.74074,Yes
189608,Yes,dfd9a0ed,ZQOR,,4.667,4.75,No,1,Y88728,003,IGFY,Elective,No,Masters2,2024,Spring,20241,2023-24,3.0,50.0,,,13.0,0.0,13.0,0.0,0.0,0.0,92.3099975585938,0.0,No,Building1,S,08:30:00,10.25,16.0,4.083333,4.916666,4.916666,3.083333,1.0,4.75,4.666666,3.083333,3.166666,4.25,4.666666,4.75,4.666666,4.583333,4.75,Yes
189806,Yes,1a0294f1,NZJO,Full Time,4.695,4.276,No,1,I48088,002,TRXC,Core,No,Masters1,2024,Spring,20241,2023-24,1.5,74.0,,,62.0,62.0,0.0,0.0,0.0,0.0,93.5500030517578,0.0,No,Building1,"T,R",14:20:00,1.5,45.0,4.344827,4.741379,4.396551,3.465517,0.931034,4.155172,4.586206,3.724137,3.775862,3.896551,4.241379,4.344827,4.206896,3.982758,4.706896,Yes
189807,Yes,1a0294f1,NZJO,Full Time,4.705,4.507,No,1,I48088,004,TRXC,Core,No,Masters1,2024,Spring,20241,2023-24,1.5,74.0,,,63.0,63.0,0.0,0.0,0.0,0.0,95.2399978637695,0.0,No,Building1,"T,R",16:10:00,1.5,45.0,4.366666,4.75,4.616666,2.866666,0.983333,4.5,4.533333,3.65,3.75,4.216666,4.3,4.2,4.1,3.933333,4.516666,Yes
189808,No,1077395b,NZJO,Full Time,4.8,4.736,No,1,Q95413,002,TRXC,Core,No,Masters2,2024,Spring,20241,2023-24,1.5,74.0,,,60.0,0.0,60.0,0.0,0.0,0.0,88.3300018310547,0.0,No,Building1,"F, S",08:30:00,10.25,15.0,4.396226,4.90566,4.792452,2.679245,0.981132,4.735849,4.754716,2.962264,3.641509,4.433962,4.603773,4.698113,4.566037,4.150943,4.773584,Yes
190210,Yes,f5acacf3,NZJO,Part Time,5.0,4.5,No,1,O98065,IA1,TRXC,Elective,Yes,Masters1,2024,Spring,20241,2023-24,,,,,,,,,,,50.0,,No,off-campus,,,,,4.5,5.0,4.5,3.5,2.0,4.5,5.0,3.0,4.0,5.0,5.0,5.0,5.0,5.0,5.0,Yes
190274,No,15ebe6f7,USIE,Full Time,2.5,4.52,No,1,W18661,001,USIE,Elective,No,MSPHD,2024,Spring,20241,2023-24,0.5,25.0,,,10.0,0.0,0.0,0.0,10.0,0.0,60.0,0.0,No,off-campus,,,,3.0,3.0,3.0,3.833333,1.666666,1.0,4.0,1.666666,1.166666,1.0,2.166666,1.5,1.5,1.5,1.5,1.5,No
171630,No,8c237bf8,NZJO,Full Time,4.8889,4.8889,Yes,2,Q93331,001,TRXC,Elective,No,MSPHD,2023,Fall,20233,2023-24,3.0,25.0,,,,,,,,,69.2300033569336,,Yes,off-campus,R,14:10:00,1.833333,1.0,4.222222,5.0,4.666666,3.111111,1.666666,4.888888,4.666666,3.888888,4.0,3.111111,4.444444,4.888888,4.888888,4.888888,4.888888,Yes
171630,No,1077395b,NZJO,Full Time,4.8288,4.8889,Yes,2,Q93331,001A,TRXC,Elective,No,MSPHD,2023,Fall,20233,2023-24,3.0,25.0,,,,,,,,,69.2300033569336,,Yes,off-campus,R,14:10:00,1.833333,1.0,4.222222,5.0,4.666666,3.111111,1.666666,4.888888,4.666666,3.888888,4.0,3.111111,4.444444,4.888888,4.888888,4.888888,4.888888,No
173280,No,0a270635,USIE,Full Time,4.5933,4.3933,Yes,3,D41847,001,USIE,Elective,No,Masters1,2023,Fall,20233,2023-24,3.0,60.0,,,30.0,20.0,10.0,0.0,0.0,0.0,67.3499984741211,0.0,Yes,Building1,T,18:00:00,3.25,2.0,4.333333,4.666666,4.30303,2.666666,1.333333,4.242424,4.323232,3.818181,3.545454,4.30303,4.30303,4.515151,4.30303,4.333333,4.515151,Yes
173280,Yes,d3bdca79,USIE,Part Time,4.5655,4.3933,Yes,3,D41847,001A,USIE,Elective,No,Masters1,2023,Fall,20233,2023-24,3.0,60.0,,,30.0,20.0,10.0,0.0,0.0,0.0,67.3499984741211,0.0,Yes,Building1,T,18:00:00,3.25,2.0,4.333333,4.666666,4.30303,2.666666,1.333333,4.242424,4.323232,3.818181,3.545454,4.30303,4.30303,4.515151,4.30303,4.333333,4.515151,No
173280,Yes,ea904c4f,,,4.3215,4.3933,Yes,3,D41847,001B,USIE,Elective,No,Masters1,2023,Fall,20233,2023-24,3.0,60.0,,,30.0,20.0,10.0,0.0,0.0,0.0,67.3499984741211,0.0,Yes,Building1,T,18:00:00,3.25,2.0,4.333333,4.666666,4.30303,2.666666,1.333333,4.242424,4.323232,3.818181,3.545454,4.30303,4.30303,4.515151,4.30303,4.333333,4.515151,No
175999,No,f499bf33,USIE,Full Time,4.7525,4.6412,No,1,V77177,001,ESEJ,Elective,No,MSPHD,2023,Fall,20233,2023-24,3.0,150.0,,,120.0,0.0,0.0,0.0,0.0,120.0,72.5999984741211,10.0,No,Building2,W,10:10:00,2.75,15.0,3.990566,4.698113,4.537735,3.556603,1.81132,4.603773,4.698113,2.886792,3.443396,4.122641,4.547169,4.613207,4.45283,4.009433,4.650943,No
176000,No,f499bf33,USIE,Full Time,4.643,4.4989,No,1,V77177,002,ESEJ,Elective,No,MSPHD,2023,Fall,20233,2023-24,3.0,150.0,,,109.0,0.0,0.0,0.0,0.0,109.0,73.1900024414063,0.0,No,Building2,W,17:40:00,2.75,15.0,3.90099,4.564356,4.366336,3.336633,1.841584,4.425742,4.574257,2.980198,3.564356,4.158415,4.267326,4.455445,4.158415,3.851485,4.435643,No
177223,No,0bdf6216,ZQOR,Full Time,4.676,4.822641,No,1,Y72396,001,IGFY,Core,No,Masters2,2023,Fall,20233,2023-24,3.0,73.0,,,59.0,0.0,59.0,0.0,0.0,0.0,93.2200012207031,0.0,No,Building1,"M, R, F, S",08:30:00,10.25,16.0,4.363636,4.745454,4.727272,3.072727,0.963636,4.70909,4.472727,3.890909,3.272727,4.563636,4.381818,4.563636,4.545454,4.436363,4.363636,Yes
177225,No,0bdf6216,ZQOR,Full Time,4.646154,4.703846,No,1,Y72396,002,IGFY,Core,No,Masters2,2023,Fall,20233,2023-24,3.0,72.0,,,60.0,0.0,60.0,0.0,0.0,0.0,96.6699981689453,0.0,No,Building1,"M, R, F, S",08:30:00,10.25,16.0,4.517241,4.775862,4.844827,3.172413,0.965517,4.620689,4.534482,4.275862,3.344827,4.534482,4.293103,4.413793,4.293103,4.155172,4.5,Yes
177226,No,b3a47ed1,QAHF,Full Time,4.742857,4.582143,No,1,C78116,001,QAHF,Core,No,Masters2,2023,Fall,20233,2023-24,3.0,73.0,,,57.0,0.0,57.0,0.0,0.0,0.0,100.0,0.0,No,Building1,"T, R, F, S",08:30:00,10.25,15.0,4.438596,4.807017,4.807017,2.543859,0.982456,4.578947,4.736842,3.947368,3.824561,4.403508,4.298245,4.473684,4.350877,3.929824,4.649122,Yes
177227,No,254659ca,VUFA,Full Time,3.58655,4.477778,No,1,S61802,001,KAFN,Elective,No,Masters1,2023,Fall,20233,2023-24,3.0,32.0,,,28.0,28.0,0.0,0.0,0.0,0.0,67.8600006103516,1.0,No,Building1,"T,F",10:50:00,1.5,1.0,4.157894,4.631578,4.736842,2.421052,1.0,4.473684,3.578947,3.578947,3.052631,4.421052,3.68421,3.631578,3.894736,4.0,4.315789,Yes
177228,No,603803a8,CGCH,Part Time,4.925926,4.851852,No,1,E77301,001,KAFN,Elective,No,Masters1,2023,Fall,20233,2023-24,3.0,30.0,,,30.0,29.0,0.0,0.0,0.0,1.0,90.0,25.0,No,Building1,"T,F",09:00:00,1.5,2.0,4.444444,4.851851,4.814814,2.629629,1.0,4.851851,4.925925,3.148148,3.37037,4.333333,4.666666,4.777777,4.629629,4.518518,4.851851,Yes
177229,No,b3a47ed1,QAHF,Full Time,4.583333,4.466667,No,1,C78116,002,QAHF,Core,No,Masters2,2023,Fall,20233,2023-24,3.0,72.0,,,53.0,0.0,53.0,0.0,0.0,0.0,100.0,0.0,No,Building1,"T, R, F, S",08:30:00,10.25,15.0,4.45283,4.81132,4.773584,2.226415,0.962264,4.35849,4.509433,3.886792,3.90566,4.415094,4.132075,4.207547,4.26415,3.622641,4.660377,Yes
177230,No,480469a7,USIE,Part Time,4.2699,4.0222,Yes,2,C93427,001,USIE,Elective,No,Masters1,2023,Fall,20233,2023-24,3.0,24.0,Prerequisites,,36.0,25.0,0.0,0.0,0.0,11.0,84.620002746582,8.0,Yes,Building2,T,18:00:00,3.25,3.0,3.878787,4.212121,3.878787,2.969696,1.30303,3.848484,4.227272,3.666666,3.030303,4.121212,3.484848,3.939393,3.969696,3.878787,4.242424,Yes
177230,No,f499bf33,USIE,Full Time,4.4966,4.0222,Yes,2,C93427,001A,USIE,Elective,No,Masters1,2023,Fall,20233,2023-24,3.0,24.0,Prerequisites,,36.0,25.0,0.0,0.0,0.0,11.0,84.620002746582,8.0,Yes,Building2,T,18:00:00,3.25,3.0,3.878787,4.212121,3.878787,2.969696,1.30303,3.848484,4.227272,3.666666,3.030303,4.121212,3.484848,3.939393,3.969696,3.878787,4.242424,No
177231,No,993fe747,QAHF,Full Time,4.8772,4.7368,No,1,B80262,001,QAHF,Core,No,Masters1,2023,Fall,20233,2023-24,3.0,74.0,,,65.0,65.0,0.0,0.0,0.0,0.0,86.3600006103516,0.0,No,Building1,"M,W",10:50:00,1.5,36.0,4.087719,4.666666,4.526315,2.45614,1.017543,4.736842,4.877192,3.578947,3.192982,4.45614,4.561403,4.68421,4.543859,4.22807,4.701754,Yes
177232,No,5b4c544d,QAHF,Full Time,4.9443,4.682,No,1,B80262,002,QAHF,Core,No,Masters1,2023,Fall,20233,2023-24,3.0,74.0,,,66.0,66.0,0.0,0.0,0.0,0.0,94.0299987792969,0.0,No,Building1,"M,W",10:50:00,1.5,36.0,4.190476,4.873015,4.650793,2.539682,1.015873,4.603174,4.857142,3.460317,3.301587,4.492063,4.571428,4.603174,4.666666,4.142857,4.63492,Yes
177233,No,a158f98d,QAHF,Full Time,4.0786,4.3767,No,1,B80262,003,QAHF,Core,No,Masters1,2023,Fall,20233,2023-24,3.0,74.0,,,64.0,64.0,0.0,0.0,0.0,0.0,93.8499984741211,0.0,No,Building1,"M,W",09:00:00,1.5,36.0,4.295081,4.114754,4.393442,2.540983,1.016393,4.360655,3.967213,3.655737,3.52459,4.14754,3.688524,3.688524,3.934426,3.409836,4.065573,Yes
177234,No,f499bf33,USIE,Full Time,3.22,4.552,Yes,2,P92884,001,USIE,Elective,No,Masters1,2023,Fall,20233,2023-24,1.5,74.0,,,50.0,48.0,1.0,1.0,0.0,0.0,79.6900024414063,11.0,Yes,Building1,R,14:20:00,3.25,5.0,4.274509,4.666666,4.568627,2.607843,1.196078,4.411764,3.196078,3.372549,3.647058,4.156862,4.333333,4.607843,4.352941,4.17647,4.705882,Yes
177234,No,0859a977,USIE,Part Time,4.523,4.552,Yes,2,P92884,001A,USIE,Elective,No,Masters1,2023,Fall,20233,2023-24,1.5,74.0,,,50.0,48.0,1.0,1.0,0.0,0.0,79.6900024414063,11.0,Yes,Building1,R,14:20:00,3.25,5.0,4.274509,4.666666,4.568627,2.607843,1.196078,4.411764,3.196078,3.372549,3.647058,4.156862,4.333333,4.607843,4.352941,4.17647,4.705882,No
177235,No,a158f98d,QAHF,Full Time,4.0983,4.2483,No,1,B80262,004,QAHF,Core,No,Masters1,2023,Fall,20233,2023-24,3.0,74.0,,,63.0,63.0,0.0,0.0,0.0,0.0,96.879997253418,0.0,No,Building1,"M,W",14:20:00,1.5,36.0,4.129032,4.467741,4.532258,2.774193,0.98387,4.177419,4.048387,3.66129,3.645161,4.225806,3.887096,4.048387,4.16129,3.806451,4.080645,Yes
177236,No,f499bf33,USIE,Full Time,2.9433,4.4,Yes,2,P92884,002,USIE,Elective,No,Masters1,2023,Fall,20233,2023-24,1.5,74.0,,,21.0,19.0,1.0,0.0,0.0,1.0,86.9599990844727,2.0,Yes,Building2,W,18:00:00,3.25,5.0,4.4,4.35,4.45,2.45,1.05,4.4,2.95,3.8,4.45,4.45,3.8,4.25,4.05,4.0,4.35,Yes
177236,No,4314693d,USIE,Part Time,3.8726,4.4,Yes,2,P92884,002A,USIE,Elective,No,Masters1,2023,Fall,20233,2023-24,1.5,74.0,,,21.0,19.0,1.0,0.0,0.0,1.0,86.9599990844727,2.0,Yes,Building2,W,18:00:00,3.25,5.0,4.4,4.35,4.45,2.45,1.05,4.4,2.95,3.8,4.45,4.45,3.8,4.25,4.05,4.0,4.35,No
177237,No,993fe747,QAHF,Full Time,4.8339,4.7475,No,1,B80262,005,QAHF,Core,No,Masters1,2023,Fall,20233,2023-24,3.0,74.0,,,67.0,67.0,0.0,0.0,0.0,0.0,94.0299987792969,0.0,No,Building1,"M,W",09:00:00,1.5,36.0,4.555555,4.888888,4.825396,2.809523,1.0,4.666666,4.666666,3.603174,3.47619,4.444444,4.523809,4.587301,4.603174,4.301587,4.841269,Yes
177238,No,0a270635,USIE,Full Time,4.595,4.524,No,1,K48653,001,USIE,Elective,No,Masters1,2023,Fall,20233,2023-24,1.5,74.0,,,62.0,55.0,1.0,0.0,0.0,6.0,75.4100036621094,0.0,No,Building1,"T,R",10:50:00,1.5,3.0,4.173913,4.608695,4.630434,3.23913,1.086956,4.521739,4.586956,3.217391,3.260869,4.23913,4.543478,4.543478,4.369565,3.913043,4.695652,Yes
177239,No,5b4c544d,QAHF,Full Time,4.8367,4.6561,No,1,B80262,006,QAHF,Core,No,Masters1,2023,Fall,20233,2023-24,3.0,74.0,,,68.0,59.0,0.0,0.0,0.0,9.0,94.120002746582,0.0,No,Building1,"M,W",14:20:00,1.5,36.0,4.359375,4.75,4.5625,2.65625,1.0625,4.421875,4.671875,3.515625,3.5,4.34375,4.375,4.359375,4.53125,3.84375,4.75,Yes
177240,No,a158f98d,QAHF,Full Time,3.9483,4.3806,No,1,B80262,007,QAHF,Core,No,Masters1,2023,Fall,20233,2023-24,3.0,74.0,,,68.0,68.0,0.0,0.0,0.0,0.0,91.3000030517578,0.0,No,Building1,"M,W",10:50:00,1.5,36.0,4.31746,4.095238,4.396825,2.47619,1.0,4.349206,3.873015,3.63492,3.666666,4.142857,3.746031,3.63492,3.888888,3.507936,3.984126,Yes
177241,No,993fe747,QAHF,Full Time,4.9571,4.807,No,1,B80262,008,QAHF,Core,No,Masters1,2023,Fall,20233,2023-24,3.0,74.0,,,67.0,67.0,0.0,0.0,0.0,0.0,85.0699996948242,0.0,No,Building1,"M,W",14:20:00,1.5,36.0,4.45614,4.824561,4.789473,3.035087,0.982456,4.807017,4.947368,3.543859,3.385964,4.421052,4.824561,4.877192,4.842105,4.526315,4.91228,Yes
177243,No,5b4c544d,QAHF,Full Time,4.6068,4.3705,No,1,B80262,009,QAHF,Core,No,Masters1,2023,Fall,20233,2023-24,3.0,74.0,,,65.0,65.0,0.0,0.0,0.0,0.0,96.9199981689453,0.0,No,Building1,"M,W",16:10:00,1.5,36.0,4.253968,4.650793,4.365079,2.698412,0.95238,4.285714,4.492063,3.571428,3.412698,4.015873,4.126984,4.253968,4.285714,3.47619,4.460317,Yes
177244,No,c01c5699,QAHF,Full Time,4.0,4.0,No,1,S25645,001,QAHF,Elective,No,Masters2,2023,Fall,20233,2023-24,3.0,74.0,Prerequisites,,10.0,0.0,10.0,0.0,0.0,0.0,66.6699981689453,0.0,No,Building1,F,08:30:00,10.25,1.0,4.666666,4.666666,4.666666,3.833333,1.0,4.0,4.0,3.333333,3.833333,4.166666,4.0,4.0,4.0,3.166666,4.5,Yes
177245,No,43f47120,CGCH,Full Time,4.6881,4.5119,No,1,M03972,004,SBFH,Core,No,Masters1,2023,Fall,20233,2023-24,1.5,74.0,Prerequisites,,65.0,65.0,0.0,0.0,0.0,0.0,93.8499984741211,0.0,No,Building1,"T,R",14:20:00,1.5,13.0,4.245901,4.770491,4.655737,2.688524,0.983606,4.491803,4.590163,3.491803,3.213114,4.278688,4.606557,4.672131,4.426229,4.163934,4.606557,Yes
177246,No,922768f3,QAHF,Part Time,4.8333,4.7217,No,1,Q32632,001,QAHF,Elective,No,Masters2,2023,Fall,20233,2023-24,3.0,74.0,Prerequisites,,29.0,0.0,29.0,0.0,0.0,0.0,77.4199981689453,0.0,No,Building1,S,08:30:00,10.25,10.0,4.291666,4.625,4.666666,2.833333,1.0,4.625,4.833333,4.208333,3.916666,4.708333,4.583333,4.375,4.458333,4.541666,4.791666,Yes
177247,No,c01c5699,QAHF,Full Time,4.288,4.4087,No,1,O00432,001,QAHF,Elective,No,Masters1,2023,Fall,20233,2023-24,3.0,50.0,,,37.0,12.0,0.0,23.0,0.0,2.0,71.0500030517578,0.0,No,Building1,"T,R",10:50:00,1.5,8.0,4.222222,4.629629,4.629629,4.074074,0.888888,4.333333,4.185185,3.148148,3.296296,3.703703,4.407407,4.407407,4.333333,4.259259,4.444444,Yes
177248,No,43f47120,CGCH,Full Time,4.6462,4.624,No,1,M03972,005,SBFH,Core,No,Masters1,2023,Fall,20233,2023-24,1.5,74.0,Prerequisites,,68.0,68.0,0.0,0.0,0.0,0.0,77.9400024414063,0.0,No,Building1,"T,R",16:10:00,1.5,13.0,4.35849,4.773584,4.792452,2.924528,0.981132,4.528301,4.603773,3.415094,3.45283,4.26415,4.509433,4.660377,4.622641,4.113207,4.716981,Yes
177249,No,c01c5699,QAHF,Full Time,4.384,4.55,No,1,O00432,002,QAHF,Elective,No,Masters1,2023,Fall,20233,2023-24,3.0,74.0,,,17.0,10.0,0.0,0.0,0.0,7.0,68.4199981689453,7.0,No,Building1,"T,R",16:10:00,1.5,8.0,4.230769,4.615384,4.692307,3.884615,1.615384,4.538461,4.346153,3.346153,3.653846,4.384615,4.307692,4.346153,4.153846,4.038461,4.461538,Yes
177250,No,b14b228f,CGCH,Full Time,4.7614,4.5179,No,1,M03972,006,SBFH,Core,No,Masters1,2023,Fall,20233,2023-24,1.5,74.0,Prerequisites,,69.0,61.0,0.0,0.0,0.0,8.0,88.4100036621094,0.0,No,Building1,"T,R",10:50:00,1.5,13.0,4.278688,4.557377,4.639344,2.721311,1.016393,4.508196,4.721311,3.590163,3.491803,4.278688,4.245901,4.475409,4.491803,3.852459,4.540983,Yes
177251,No,daa21d45,QAHF,Full Time,4.4194,4.2412,No,1,Y62074,001,QAHF,Elective,No,Masters1,2023,Fall,20233,2023-24,3.0,74.0,Prerequisites,,54.0,39.0,0.0,4.0,1.0,10.0,71.1500015258789,9.0,No,Building2,"M,F",09:00:00,3.25,3.0,4.432432,4.567567,4.513513,3.432432,0.972972,4.081081,4.297297,4.189189,3.756756,4.243243,4.027027,4.216216,4.108108,4.027027,4.351351,Yes
177252,No,b14b228f,CGCH,Full Time,4.8679,4.8113,No,1,M03972,007,SBFH,Core,No,Masters1,2023,Fall,20233,2023-24,1.5,74.0,Prerequisites,,70.0,70.0,0.0,0.0,0.0,0.0,77.1399993896484,0.0,No,Building1,"T,R",09:00:00,1.5,13.0,4.296296,4.833333,4.759259,2.777777,0.981481,4.722222,4.777777,3.444444,3.222222,4.277777,4.814814,4.814814,4.74074,4.166666,4.759259,Yes
177253,No,3e7d80fd,QAHF,Part Time,3.292,3.292,No,1,N62985,001,QAHF,Elective,No,Masters1,2023,Fall,20233,2023-24,1.5,50.0,Prerequisites,,22.0,17.0,0.0,2.0,0.0,3.0,77.2699966430664,0.0,No,Building2,"T,R",16:10:00,1.5,2.0,3.882352,4.411764,4.529411,2.823529,1.058823,3.294117,3.294117,2.823529,3.117647,3.470588,3.470588,3.588235,3.17647,3.058823,3.941176,Yes
177254,No,43f47120,CGCH,Full Time,4.6122,4.5362,No,1,M03972,009,SBFH,Core,No,Masters1,2023,Fall,20233,2023-24,1.5,74.0,Prerequisites,,67.0,67.0,0.0,0.0,0.0,0.0,80.5999984741211,0.0,No,Building1,"T,R",10:50:00,1.5,13.0,4.185185,4.722222,4.814814,3.018518,0.944444,4.481481,4.555555,3.518518,3.277777,4.222222,4.481481,4.574074,4.555555,4.24074,4.481481,Yes
177255,No,aa19cb12,QAHF,Part Time,4.467,4.406,No,1,O02178,001,QAHF,Elective,No,Masters1,2023,Fall,20233,2023-24,1.5,74.0,,,32.0,25.0,2.0,1.0,0.0,4.0,90.6999969482422,0.0,No,Building1,"M,F",14:20:00,3.25,3.0,4.051282,4.666666,4.589743,3.205128,1.333333,4.179487,4.410256,2.487179,3.333333,4.128205,4.179487,4.230769,4.153846,3.692307,4.282051,Yes
177256,No,105c9de1,CGCH,Full Time,4.875,4.657143,No,1,L37201,001,SBFH,Elective,No,Masters2,2023,Fall,20233,2023-24,3.0,74.0,,Corequisite,10.0,2.0,7.0,1.0,0.0,0.0,80.0,0.0,No,Building1,S,08:30:00,10.25,5.0,4.0,5.0,4.875,3.875,1.0,4.625,4.875,3.75,3.875,4.5,4.625,4.75,4.375,4.625,4.875,Yes
177257,No,daa21d45,QAHF,Full Time,3.5387,3.6134,No,1,Y44021,001,QAHF,Elective,No,Masters1,2023,Fall,20233,2023-24,1.5,50.0,,,20.0,17.0,1.0,2.0,0.0,0.0,65.379997253418,0.0,No,Building1,T,09:00:00,3.25,1.0,3.705882,3.941176,4.294117,3.294117,1.0,3.529411,3.470588,3.647058,3.058823,3.647058,3.17647,3.529411,3.411764,2.941176,3.764705,Yes
177258,No,b15e2cc2,GYQP,Part Time,4.472,4.3927,No,1,N36516,001,SBFH,Elective,No,Masters2,2023,Fall,20233,2023-24,3.0,74.0,Prerequisites,Corequisite,67.0,0.0,67.0,0.0,0.0,0.0,83.5800018310547,0.0,No,Building1,F,08:30:00,10.25,10.0,4.161616,4.424242,4.414141,2.696969,0.989898,4.363636,4.464646,2.787878,3.464646,4.20202,4.191919,4.333333,4.090909,3.454545,4.20202,Yes
177259,No,b15e2cc2,GYQP,Part Time,4.709804,4.559184,No,1,N36516,002,SBFH,Elective,No,Masters2,2023,Fall,20233,2023-24,3.0,74.0,Prerequisites,Corequisite,74.0,20.0,54.0,0.0,0.0,0.0,82.8099975585938,0.0,No,Building1,S,08:30:00,10.25,10.0,4.169811,4.698113,4.660377,2.90566,1.0,4.490566,4.660377,2.622641,3.471698,4.433962,4.566037,4.641509,4.45283,4.056603,4.490566,Yes
177260,No,7a4f7ca4,CGCH,Part Time,3.3683,3.8333,No,1,O42497,001,SBFH,Elective,No,Masters2,2023,Fall,20233,2023-24,1.5,60.0,Prerequisites,Corequisite,43.0,0.0,43.0,0.0,0.0,0.0,81.4000015258789,0.0,No,Building1,S,08:30:00,10.25,1.0,4.171428,4.342857,4.342857,3.142857,0.942857,3.742857,3.228571,3.285714,3.714285,3.714285,3.4,3.4,3.485714,3.085714,4.257142,No
177261,No,f7321d1c,CGCH,Full Time,4.4531,4.2308,No,1,O60984,003,SBFH,Elective,No,Masters1,2023,Fall,20233,2023-24,3.0,74.0,Prerequisites,,60.0,53.0,0.0,2.0,0.0,5.0,89.0599975585938,9.0,No,Building2,"M,W,F",10:50:00,1.5,41.0,4.017543,4.350877,4.210526,2.578947,1.070175,4.14035,4.333333,3.947368,3.666666,3.877192,4.017543,4.298245,4.22807,3.719298,4.175438,Yes
177262,No,c78707cb,CGCH,Part Time,4.708,4.4821,No,1,D49006,001,SBFH,Elective,No,Masters1,2023,Fall,20233,2023-24,3.0,90.0,Prerequisites,Corequisite,113.0,98.0,6.0,6.0,0.0,3.0,91.9599990844727,5.0,No,Building2,W,14:20:00,3.25,11.0,4.126213,4.669902,4.669902,3.45631,1.0,4.466019,4.679611,2.854368,3.291262,4.233009,4.446601,4.572815,4.37864,3.893203,4.543689,Yes
177263,No,e71ad551,CGCH,Part Time,4.1,4.0933,No,1,D49006,002,SBFH,Elective,No,Masters1,2023,Fall,20233,2023-24,3.0,74.0,Prerequisites,Corequisite,46.0,45.0,0.0,0.0,0.0,1.0,76.9199981689453,0.0,No,Building2,"M,F",14:20:00,3.25,11.0,4.025,4.55,4.525,3.2,1.125,3.65,3.775,3.775,3.35,3.775,3.55,3.825,3.625,3.025,3.825,Yes
177264,No,76c98501,VQWP,,4.5355,4.4375,No,1,T54607,001,SBFH,Elective,No,Masters1,2023,Fall,20233,2023-24,3.0,74.0,Prerequisites,,42.0,20.0,4.0,14.0,0.0,4.0,82.2200012207031,0.0,No,Building1,T,18:00:00,3.0,2.0,4.378378,4.621621,4.594594,3.486486,1.108108,4.324324,4.432432,3.648648,3.729729,4.189189,4.027027,4.216216,4.405405,4.081081,4.378378,Yes
177265,No,1a3ed13a,CGCH,Part Time,5.0,5.0,Yes,2,R37588,001,SBFH,Elective,No,Masters1,2023,Fall,20233,2023-24,3.0,10.0,Prerequisites,,11.0,10.0,1.0,0.0,0.0,0.0,100.0,0.0,Yes,Building1,W,18:00:00,3.25,16.0,4.545454,4.90909,5.0,3.363636,1.0,4.545454,5.0,4.90909,4.090909,4.545454,5.0,5.0,4.90909,5.0,5.0,No
177265,No,a930241d,CGCH,Part Time,5.0,5.0,Yes,2,R37588,001A,SBFH,Elective,No,Masters1,2023,Fall,20233,2023-24,3.0,10.0,Prerequisites,,11.0,10.0,1.0,0.0,0.0,0.0,100.0,0.0,Yes,Building1,W,18:00:00,3.25,16.0,4.545454,4.90909,5.0,3.363636,1.0,4.545454,5.0,4.90909,4.090909,4.545454,5.0,5.0,4.90909,5.0,5.0,No
177266,No,105c9de1,CGCH,Full Time,4.0703,4.1128,No,1,W21733,001,SBFH,Elective,No,Masters1,2023,Fall,20233,2023-24,3.0,74.0,Prerequisites,,49.0,34.0,0.0,11.0,0.0,4.0,80.0,0.0,No,Building1,R,09:00:00,3.25,3.0,4.208333,4.5625,4.5625,3.354166,1.229166,3.875,3.75,3.729166,3.8125,3.8125,3.5625,3.708333,3.666666,3.895833,4.0625,Yes
177267,No,105c9de1,CGCH,Full Time,4.3875,4.3563,No,1,W21733,002,SBFH,Elective,No,Masters1,2023,Fall,20233,2023-24,3.0,74.0,Prerequisites,,46.0,23.0,0.0,18.0,0.0,5.0,65.4499969482422,0.0,No,Building1,R,14:20:00,3.25,3.0,4.194444,4.416666,4.361111,3.055555,1.277777,4.222222,4.222222,3.777777,3.888888,3.833333,4.0,4.25,4.055555,4.25,4.333333,Yes
177268,No,0c45289c,AFQO,,4.3778,4.2214,No,1,A05341,001,SBFH,Elective,No,Masters1,2023,Fall,20233,2023-24,3.0,60.0,,Corequisite,33.0,32.0,0.0,0.0,0.0,1.0,75.0,2.0,No,Building1,"M,F",09:00:00,3.25,13.0,4.033333,4.566666,4.566666,2.533333,1.166666,4.133333,4.166666,3.666666,3.666666,4.033333,4.133333,4.233333,4.0,3.8,4.533333,Yes
177269,No,0c45289c,AFQO,,3.9034,3.8143,No,1,A05341,002,SBFH,Elective,No,Masters1,2023,Fall,20233,2023-24,3.0,60.0,,Corequisite,46.0,43.0,1.0,1.0,0.0,1.0,78.2600021362305,0.0,No,Building1,"M,F",14:20:00,3.25,13.0,4.222222,4.527777,4.666666,2.694444,1.0,3.666666,3.694444,3.75,3.472222,3.583333,3.611111,3.722222,3.5,3.25,4.027777,Yes
177270,No,de03dd37,OGPX,Full Time,4.7455,4.5939,No,1,T42714,001,SBFH,Elective,No,Masters1,2023,Fall,20233,2023-24,3.0,74.0,,Corequisite,37.0,36.0,0.0,1.0,0.0,0.0,82.9300003051758,0.0,No,Building1,"T,R",14:20:00,1.5,18.0,4.352941,4.735294,4.705882,2.882352,1.117647,4.529411,4.67647,3.411764,3.382352,4.294117,4.323529,4.470588,4.294117,3.911764,4.147058,Yes
177271,No,de03dd37,OGPX,Full Time,4.7421,4.6368,No,1,T42714,002,SBFH,Elective,No,Masters1,2023,Fall,20233,2023-24,3.0,74.0,,Corequisite,45.0,43.0,1.0,0.0,0.0,1.0,86.9599990844727,0.0,No,Building1,"T,R",16:10:00,1.5,18.0,4.3,4.525,4.6,2.375,1.0,4.625,4.725,3.55,3.325,4.3,4.475,4.5,4.25,3.875,4.375,Yes
177272,No,41a6fdfc,CGCH,Part Time,4.4381,4.0571,Yes,2,J65532,001,SBFH,Elective,No,Masters1,2023,Fall,20233,2023-24,3.0,63.0,,Corequisite,35.0,29.0,5.0,0.0,0.0,1.0,65.7099990844727,0.0,Yes,Building2,"M,W,F",18:00:00,1.5,5.0,4.043478,4.391304,4.043478,3.47826,0.956521,4.0,4.282608,3.130434,3.043478,3.956521,4.130434,4.304347,4.217391,3.782608,4.260869,Yes
177272,No,d016794b,CGCH,Part Time,4.256,4.0571,Yes,2,J65532,001A,SBFH,Elective,No,Masters1,2023,Fall,20233,2023-24,3.0,63.0,,Corequisite,35.0,29.0,5.0,0.0,0.0,1.0,65.7099990844727,0.0,Yes,Building2,"M,W,F",18:00:00,1.5,5.0,4.043478,4.391304,4.043478,3.47826,0.956521,4.0,4.282608,3.130434,3.043478,3.956521,4.130434,4.304347,4.217391,3.782608,4.260869,No
177273,No,41a6fdfc,CGCH,Part Time,4.32,4.12,Yes,2,J65532,D01,SBFH,Elective,No,Masters1,2023,Fall,20233,2023-24,3.0,11.0,,Corequisite,7.0,0.0,7.0,0.0,0.0,0.0,85.7099990844727,0.0,Yes,off-campus,"M,W,F",18:00:00,1.5,5.0,4.333333,4.666666,4.666666,3.333333,1.0,4.0,3.833333,3.333333,3.666666,4.0,3.666666,4.0,3.666666,3.5,3.833333,Yes
177273,No,d016794b,CGCH,Part Time,3.9533,4.12,Yes,2,J65532,D01A,SBFH,Elective,No,Masters1,2023,Fall,20233,2023-24,3.0,11.0,,Corequisite,7.0,0.0,7.0,0.0,0.0,0.0,85.7099990844727,0.0,Yes,off-campus,"M,W,F",18:00:00,1.5,5.0,4.333333,4.666666,4.666666,3.333333,1.0,4.0,3.833333,3.333333,3.666666,4.0,3.666666,4.0,3.666666,3.5,3.833333,No
177274,No,ddf5f614,ZQOR,Full Time,4.92,4.909,No,1,O84200,001,IGFY,Core,No,Masters2,2023,Fall,20233,2023-24,1.5,73.0,,,59.0,0.0,59.0,0.0,0.0,0.0,94.9199981689453,0.0,No,Building1,"T, W, R, F, S",08:30:00,10.25,15.0,4.446428,4.928571,4.660714,2.464285,1.0,4.821428,4.910714,3.267857,3.910714,4.571428,4.303571,4.625,4.482142,4.25,4.678571,Yes
177275,No,ddf5f614,ZQOR,Full Time,4.823,4.834,No,1,O84200,002,IGFY,Core,No,Masters2,2023,Fall,20233,2023-24,1.5,74.0,,,60.0,0.0,60.0,0.0,0.0,0.0,91.6699981689453,0.0,No,Building1,"T, W, R, F, S",08:30:00,10.25,15.0,4.472727,4.872727,4.8,2.4,1.0,4.781818,4.745454,3.290909,3.872727,4.454545,4.381818,4.672727,4.381818,3.836363,4.418181,Yes
177276,No,de03dd37,OGPX,Full Time,4.2743,3.8345,No,1,K27065,001,SBFH,Elective,No,Masters1,2023,Fall,20233,2023-24,3.0,50.0,,Corequisite,45.0,45.0,0.0,0.0,0.0,0.0,80.0,1.0,No,Building1,W,14:20:00,3.25,3.0,3.694444,4.527777,4.555555,3.166666,0.916666,3.694444,4.25,2.888888,2.888888,3.5,4.055555,4.333333,3.833333,3.75,4.527777,Yes
177277,No,c0bbc6ad,ZQOR,Full Time,4.821053,4.861538,No,1,O84200,003,IGFY,Core,No,Masters2,2023,Fall,20233,2023-24,1.5,72.0,,,45.0,0.0,45.0,0.0,0.0,0.0,88.8899993896484,0.0,No,Building1,"U, S",08:30:00,10.25,15.0,4.3,4.775,4.775,2.65,1.0,4.8,4.75,3.4,3.525,4.425,4.6,4.75,4.675,4.6,4.65,Yes
177278,No,de03dd37,OGPX,Full Time,4.5,4.0,No,1,K27065,D01,SBFH,Elective,No,Masters1,2023,Fall,20233,2023-24,3.0,5.0,,Corequisite,2.0,0.0,2.0,0.0,0.0,0.0,100.0,0.0,No,off-campus,W,14:20:00,3.25,3.0,3.5,4.0,4.5,3.5,1.0,4.0,4.5,2.5,2.5,3.5,4.0,4.5,4.5,3.0,3.5,Yes
177279,No,c0bbc6ad,ZQOR,Full Time,4.890323,4.858065,No,1,O84200,004,IGFY,Core,No,Masters2,2023,Fall,20233,2023-24,1.5,72.0,,,44.0,0.0,44.0,0.0,0.0,0.0,73.3300018310547,0.0,No,Building1,"U, S",08:30:00,10.25,15.0,4.484848,4.848484,4.757575,2.878787,1.0,4.636363,4.666666,3.363636,3.757575,4.757575,4.454545,4.60606,4.424242,4.454545,4.636363,Yes
177280,No,618ad5a9,ZQOR,Full Time,4.769,4.536,No,1,J20703,001,IGFY,Core,No,Masters1,2023,Fall,20233,2023-24,1.5,74.0,,,76.0,76.0,0.0,0.0,0.0,0.0,86.8399963378906,0.0,No,Building1,"T,R",16:10:00,1.5,34.0,4.318181,4.742424,4.681818,2.984848,0.939393,4.424242,4.742424,3.393939,3.196969,4.333333,4.560606,4.712121,4.40909,4.363636,4.696969,Yes
177281,No,67af40c5,ZQOR,Full Time,4.486,4.249,No,1,J20703,002,IGFY,Core,No,Masters1,2023,Fall,20233,2023-24,1.5,74.0,,,77.0,77.0,0.0,0.0,0.0,0.0,93.5100021362305,0.0,No,Building1,"T,R",10:50:00,1.5,34.0,3.958333,4.736111,4.513888,3.097222,1.0,4.152777,4.402777,3.236111,3.375,3.902777,4.111111,4.097222,3.972222,3.875,4.5,Yes
177282,No,618ad5a9,ZQOR,Full Time,4.809,4.66,No,1,J20703,003,IGFY,Core,No,Masters1,2023,Fall,20233,2023-24,1.5,74.0,,,75.0,75.0,0.0,0.0,0.0,0.0,96.0,0.0,No,Building1,"T,R",10:50:00,1.5,34.0,4.180555,4.847222,4.527777,3.125,1.0,4.444444,4.777777,3.194444,3.152777,4.416666,4.638888,4.791666,4.722222,4.472222,4.777777,Yes
177283,No,67af40c5,ZQOR,Full Time,4.416,4.237,No,1,J20703,005,IGFY,Core,No,Masters1,2023,Fall,20233,2023-24,1.5,74.0,,,77.0,77.0,0.0,0.0,0.0,0.0,76.620002746582,0.0,No,Building1,"T,R",14:20:00,1.5,34.0,4.101694,4.542372,4.661016,3.101694,0.98305,4.050847,4.322033,3.135593,3.406779,3.898305,4.152542,4.152542,3.949152,3.949152,4.627118,Yes
177284,Yes,13380e32,ZQOR,Full Time,4.118,4.128,No,1,J20703,006,IGFY,Core,No,Masters1,2023,Fall,20233,2023-24,1.5,74.0,,,70.0,70.0,0.0,0.0,0.0,0.0,88.5699996948242,0.0,No,Building1,"T,R",09:00:00,1.5,34.0,4.129032,4.290322,4.435483,3.080645,0.967741,4.064516,4.016129,3.145161,3.225806,4.112903,4.0,3.951612,4.032258,3.82258,4.403225,Yes
177285,No,37d16a3b,KFZN,Full Time,4.7738,4.5286,No,1,D88906,001,SBFH,Elective,No,Masters1,2023,Fall,20233,2023-24,1.5,74.0,Prerequisites,Corequisite,74.0,72.0,1.0,0.0,0.0,1.0,85.1399993896484,12.0,No,Building2,T,14:20:00,3.25,6.0,4.396825,4.809523,4.666666,3.682539,0.936507,4.365079,4.761904,3.0,3.047619,4.063492,4.603174,4.698412,4.603174,3.857142,4.492063,Yes
177286,No,618ad5a9,ZQOR,Full Time,4.727,4.382,No,1,J20703,007,IGFY,Core,No,Masters1,2023,Fall,20233,2023-24,1.5,74.0,,,76.0,76.0,0.0,0.0,0.0,0.0,93.4199981689453,0.0,No,Building1,"T,R",14:20:00,1.5,34.0,4.070422,4.788732,4.802816,3.056338,1.0,4.154929,4.676056,3.253521,3.211267,4.267605,4.577464,4.676056,4.507042,4.394366,4.661971,Yes
177287,No,8933605a,GYQP,Part Time,4.216,4.124,No,1,U60062,001,SBFH,Elective,No,Masters1,2023,Fall,20233,2023-24,3.0,74.0,Prerequisites,,69.0,68.0,1.0,0.0,0.0,0.0,84.0599975585938,0.0,No,Building2,W,14:20:00,3.25,10.0,4.051724,4.362068,4.293103,3.37931,0.931034,3.931034,4.0,3.655172,3.017241,3.620689,3.844827,3.810344,3.689655,3.724137,4.103448,Yes
177288,No,c0bbc6ad,ZQOR,Full Time,4.884,4.77,No,1,J20703,009,IGFY,Core,No,Masters1,2023,Fall,20233,2023-24,1.5,74.0,,,75.0,75.0,0.0,0.0,0.0,0.0,93.3300018310547,0.0,No,Building1,"T,R",14:20:00,1.5,34.0,4.371428,4.914285,4.685714,3.242857,0.957142,4.685714,4.814285,3.371428,3.485714,4.328571,4.6,4.685714,4.471428,4.385714,4.728571,Yes
177289,No,852e55cb,CGCH,Part Time,4.875,4.75,No,1,V13963,001,SBFH,Elective,No,Masters1,2023,Fall,20233,2023-24,3.0,10.0,Prerequisites,,10.0,9.0,0.0,0.0,0.0,1.0,80.0,1.0,No,Building1,"M,F",18:00:00,3.25,19.0,4.875,5.0,4.875,3.75,1.0,4.75,4.875,4.5,4.375,4.125,4.625,4.75,4.5,4.0,4.875,Yes
177290,No,39c0cb52,ZQOR,Part Time,4.8313,4.8625,No,1,Y88728,001,IGFY,Elective,No,Masters2,2023,Fall,20233,2023-24,3.0,50.0,,,34.0,0.0,34.0,0.0,0.0,0.0,91.6699981689453,0.0,No,Building1,S,08:30:00,10.25,15.0,4.545454,4.636363,4.484848,3.151515,1.030303,4.848484,4.818181,3.575757,3.727272,4.515151,4.696969,4.757575,4.787878,4.666666,4.757575,Yes
177291,No,851a496b,CGCH,Part Time,5.0,5.0,Yes,2,V13963,002,SBFH,Elective,No,Masters1,2023,Fall,20233,2023-24,3.0,10.0,Prerequisites,,10.0,10.0,0.0,0.0,0.0,0.0,70.0,2.0,Yes,Building1,R,18:00:00,3.25,19.0,4.714285,5.0,5.0,4.428571,1.0,5.0,5.0,4.571428,3.285714,4.0,5.0,5.0,5.0,5.0,5.0,No
177291,No,4db59a54,CGCH,Part Time,5.0,5.0,Yes,2,V13963,002A,SBFH,Elective,No,Masters1,2023,Fall,20233,2023-24,3.0,10.0,Prerequisites,,10.0,10.0,0.0,0.0,0.0,0.0,70.0,2.0,Yes,Building1,R,18:00:00,3.25,19.0,4.714285,5.0,5.0,4.428571,1.0,5.0,5.0,4.571428,3.285714,4.0,5.0,5.0,5.0,5.0,5.0,No
177292,No,225343cf,ZQOR,Full Time,4.2222,4.45,No,1,W50284,001,IGFY,Elective,No,Masters2,2023,Fall,20233,2023-24,3.0,74.0,,,12.0,2.0,10.0,0.0,0.0,0.0,75.0,0.0,No,Building1,F,08:30:00,10.25,2.0,4.444444,4.666666,4.555555,2.555555,1.0,4.444444,4.222222,4.777777,4.555555,4.555555,3.666666,4.0,4.333333,4.666666,4.444444,Yes
177293,No,1dd4c4e2,ZQOR,Part Time,4.85614,4.8,No,1,Z45537,100,IGFY,Elective,No,Masters2,2023,Fall,20233,2023-24,3.0,74.0,,,65.0,0.0,65.0,0.0,0.0,0.0,90.9100036621094,12.0,No,Building2,"M,T,W,R,F",09:00:00,8.0,5.0,4.55,4.816666,4.716666,3.216666,1.016666,4.666666,4.8,3.166666,3.233333,4.5,4.716666,4.7,4.683333,4.383333,4.85,Yes
177294,No,6fad4ee1,GYQP,Part Time,5.0,4.875,No,1,V13963,003,SBFH,Elective,No,Masters1,2023,Fall,20233,2023-24,3.0,10.0,Prerequisites,,10.0,10.0,0.0,0.0,0.0,0.0,80.0,1.0,No,Building1,T,14:20:00,3.25,19.0,5.0,5.0,5.0,4.125,1.0,4.875,5.0,4.75,4.0,5.0,4.875,4.75,4.875,4.75,4.875,No
177295,No,4b95ef5e,ZQOR,,4.7294,4.684,No,1,O67585,001,IGFY,Elective,No,Masters2,2023,Fall,20233,2023-24,3.0,74.0,,,67.0,0.0,67.0,0.0,0.0,0.0,79.0999984741211,0.0,No,Building1,S,08:30:00,10.25,12.0,4.415094,4.735849,4.698113,3.0,0.943396,4.547169,4.698113,2.849056,2.90566,4.320754,4.490566,4.641509,4.584905,4.641509,4.641509,Yes
177296,No,a4dfa72c,CGCH,Part Time,5.0,4.9,Yes,2,V13963,004,SBFH,Elective,No,Masters1,2023,Fall,20233,2023-24,3.0,10.0,Prerequisites,,10.0,9.0,0.0,0.0,0.0,1.0,100.0,2.0,Yes,Building1,"M,F",18:00:00,3.25,19.0,4.9,5.0,5.0,3.9,1.0,4.9,5.0,4.4,4.1,4.9,4.7,5.0,5.0,5.0,5.0,No
177296,No,cff1a4de,CGCH,Part Time,5.0,4.9,Yes,2,V13963,004A,SBFH,Elective,No,Masters1,2023,Fall,20233,2023-24,3.0,10.0,Prerequisites,,10.0,9.0,0.0,0.0,0.0,1.0,100.0,2.0,Yes,Building1,"M,F",18:00:00,3.25,19.0,4.9,5.0,5.0,3.9,1.0,4.9,5.0,4.4,4.1,4.9,4.7,5.0,5.0,5.0,5.0,No
177297,No,00a9ac6a,ZQOR,Part Time,4.7529,4.6632,No,1,H23512,001,IGFY,Elective,No,Masters2,2023,Fall,20233,2023-24,3.0,50.0,Prerequisites,,21.0,0.0,21.0,0.0,0.0,0.0,95.2399978637695,0.0,No,Building1,F,08:30:00,10.25,6.0,4.2,4.7,4.8,3.25,0.95,4.6,4.7,4.15,3.85,4.45,4.35,4.6,4.45,4.8,4.75,Yes
177298,No,8eb2993a,CGCH,Part Time,4.5,4.5,No,1,K94210,001,SBFH,Elective,No,Masters1,2023,Fall,20233,2023-24,3.0,12.0,Prerequisites,,5.0,5.0,0.0,0.0,0.0,0.0,80.0,0.0,No,Building1,T,18:30:00,3.0,8.0,5.0,4.5,3.75,4.0,1.0,4.5,4.5,4.75,4.25,5.0,4.0,4.25,4.75,3.5,4.25,Yes
177299,No,64a7a069,CGCH,Part Time,3.7784,3.5394,No,1,W78144,001,SBFH,Elective,Yes,Masters1,2023,Fall,20233,2023-24,3.0,74.0,Prerequisites,Corequisite,61.0,51.0,8.0,2.0,0.0,0.0,75.4100036621094,0.0,No,Building2,T,18:00:00,3.25,,4.0,4.543478,4.391304,2.847826,0.956521,3.456521,3.543478,2.652173,2.826086,3.369565,3.652173,3.804347,3.630434,3.260869,4.086956,Yes
177300,No,cbb5413c,ZQOR,Part Time,4.454054,4.531579,Yes,2,I40364,100,IGFY,Elective,No,Masters2,2023,Fall,20233,2023-24,3.0,74.0,,,60.0,0.0,60.0,0.0,0.0,0.0,69.2300033569336,0.0,Yes,Building2,"M,T,W,R,U",09:00:00,8.0,3.0,4.288888,4.533333,4.488888,3.355555,1.022222,4.511111,4.311111,2.777777,3.422222,4.288888,4.555555,4.488888,4.4,3.844444,4.622222,Yes
177300,No,505d3aa3,ZQOR,Part Time,4.355556,4.531579,Yes,2,I40364,100A,IGFY,Elective,No,Masters2,2023,Fall,20233,2023-24,3.0,74.0,,,60.0,0.0,60.0,0.0,0.0,0.0,69.2300033569336,0.0,Yes,Building2,"M,T,W,R,U",09:00:00,8.0,3.0,4.288888,4.533333,4.488888,3.355555,1.022222,4.511111,4.311111,2.777777,3.422222,4.288888,4.555555,4.488888,4.4,3.844444,4.622222,No
177301,No,b61ad7be,CGCH,Part Time,4.4247,4.6176,Yes,2,Q59881,001,SBFH,Elective,No,Masters1,2023,Fall,20233,2023-24,1.5,40.0,Prerequisites,,35.0,34.0,0.0,0.0,0.0,1.0,97.1399993896484,27.0,Yes,Building2,R,18:00:00,3.25,4.0,4.352941,4.647058,4.647058,3.470588,0.941176,4.617647,4.485294,3.823529,3.617647,4.5,4.352941,4.529411,4.529411,4.235294,4.558823,Yes
177301,No,d1fa7a5e,CGCH,Part Time,4.6,4.6176,Yes,2,Q59881,001A,SBFH,Elective,No,Masters1,2023,Fall,20233,2023-24,1.5,40.0,Prerequisites,,35.0,34.0,0.0,0.0,0.0,1.0,97.1399993896484,27.0,Yes,Building2,R,18:00:00,3.25,4.0,4.352941,4.647058,4.647058,3.470588,0.941176,4.617647,4.485294,3.823529,3.617647,4.5,4.352941,4.529411,4.529411,4.235294,4.558823,No
177302,No,2c7bac1c,ZQOR,Full Time,4.1333,4.0714,No,1,F89959,001,IGFY,Elective,No,Masters2,2023,Fall,20233,2023-24,3.0,74.0,,,29.0,0.0,29.0,0.0,0.0,0.0,90.3199996948242,0.0,No,Building1,F,08:30:00,10.25,5.0,3.964285,4.178571,4.107142,3.178571,1.071428,4.071428,4.107142,2.821428,2.892857,3.964285,4.214285,4.107142,4.107142,3.678571,4.357142,Yes
177303,No,8edbeac8,XLGG,Full Time,4.05,4.0326,No,1,A43330,001,SBFH,Elective,No,Masters1,2023,Fall,20233,2023-24,3.0,72.0,Prerequisites,Corequisite,57.0,54.0,2.0,1.0,0.0,0.0,82.4599990844727,3.0,No,Building1,T,14:20:00,3.25,3.0,3.957446,4.531914,4.574468,3.553191,0.957446,3.957446,3.914893,3.276595,2.957446,3.723404,3.829787,3.80851,3.851063,3.468085,3.893617,Yes
177304,No,fe71d7b8,ZQOR,Part Time,4.889,4.74,No,1,S50614,100,IGFY,Elective,No,Masters2,2023,Fall,20233,2023-24,3.0,74.0,,,62.0,0.0,62.0,0.0,0.0,0.0,76.9199981689453,0.0,No,Building2,"M,T,W,R,U",09:00:00,8.0,2.0,4.48,4.98,4.82,3.6,1.06,4.68,4.8,3.12,3.56,4.54,4.7,4.76,4.68,3.92,4.8,Yes
177305,No,62a0b365,CGCH,Part Time,3.865,3.878,No,1,R96472,002,SBFH,Elective,No,Masters1,2023,Fall,20233,2023-24,1.5,60.0,,Corequisite,58.0,58.0,0.0,0.0,0.0,0.0,79.3099975585938,21.0,No,Building1,"T,F",14:20:00,3.25,21.0,4.021739,4.434782,4.217391,2.5,1.0,3.804347,3.73913,3.0,3.456521,3.652173,3.695652,3.847826,3.673913,3.717391,4.021739,Yes
177306,No,68fa8635,ZQOR,Part Time,4.815,4.737,Yes,2,E41942,100A,IGFY,Elective,Yes,Masters2,2023,Fall,20233,2023-24,1.5,38.0,,,22.0,0.0,22.0,0.0,0.0,0.0,79.1699981689453,1.0,Yes,Building2,"M,T,U",08:30:00,9.0,,4.578947,4.894736,4.526315,3.631578,1.0,4.736842,4.868421,3.210526,3.68421,4.631578,4.894736,4.894736,4.842105,4.578947,4.736842,No
177306,No,3bb7aeca,ZQOR,Full Time,4.947,4.737,Yes,2,E41942,100,IGFY,Elective,Yes,Masters2,2023,Fall,20233,2023-24,1.5,38.0,,,22.0,0.0,22.0,0.0,0.0,0.0,79.1699981689453,1.0,Yes,Building2,"M,T,U",08:30:00,9.0,,4.578947,4.894736,4.526315,3.631578,1.0,4.736842,4.868421,3.210526,3.68421,4.631578,4.894736,4.894736,4.842105,4.578947,4.736842,Yes
177307,No,1cd5d0b8,CGCH,Part Time,4.025,4.0154,No,1,R96472,003,SBFH,Elective,No,Masters1,2023,Fall,20233,2023-24,1.5,60.0,,Corequisite,49.0,45.0,3.0,0.0,0.0,1.0,91.8399963378906,34.0,No,Building1,M,18:00:00,3.25,21.0,3.822222,4.422222,4.533333,2.666666,0.977777,3.911111,3.933333,3.044444,3.288888,3.777777,3.733333,4.044444,3.533333,3.688888,4.422222,Yes
177308,No,c1f768eb,CGCH,Part Time,4.7,4.45,No,1,D04741,001,SBFH,Elective,No,Masters1,2023,Fall,20233,2023-24,3.0,20.0,Prerequisites,,15.0,13.0,2.0,0.0,0.0,0.0,64.2900009155273,0.0,No,off-campus,"M,W",18:20:00,2.166666,3.0,4.222222,4.666666,4.777777,3.0,1.0,4.333333,4.555555,4.0,3.555555,4.444444,4.555555,4.444444,4.222222,3.666666,4.555555,No
177309,No,86629cfe,ZQOR,,4.9483,4.8207,No,1,Z43549,001,IGFY,Elective,No,Masters1,2023,Fall,20233,2023-24,1.5,68.0,,,68.0,68.0,0.0,0.0,0.0,0.0,86.7600021362305,72.0,No,Building1,"T,R",10:50:00,1.5,15.0,4.559322,4.949152,4.932203,3.288135,0.98305,4.813559,4.864406,4.0,3.779661,4.745762,4.745762,4.711864,4.79661,4.542372,4.830508,Yes
177310,No,abf6b261,GYQP,Part Time,4.2791,4.1024,No,1,X07376,001,SBFH,Elective,No,Masters1,2023,Fall,20233,2023-24,1.5,68.0,Prerequisites,,56.0,55.0,0.0,0.0,0.0,1.0,87.2699966430664,33.0,No,Building2,M,14:20:00,3.25,4.0,4.041666,4.4375,4.1875,3.083333,0.9375,3.916666,4.104166,4.333333,3.833333,3.729166,3.791666,4.104166,3.979166,4.270833,4.1875,Yes
177311,No,86629cfe,ZQOR,,4.8962,4.7569,No,1,Z43549,002,IGFY,Elective,No,Masters1,2023,Fall,20233,2023-24,1.5,68.0,,,66.0,65.0,1.0,0.0,0.0,0.0,80.3000030517578,43.0,No,Building1,"T,R",14:20:00,1.5,15.0,4.641509,4.773584,4.81132,3.528301,0.962264,4.660377,4.886792,3.943396,3.849056,4.679245,4.773584,4.698113,4.792452,4.735849,4.792452,Yes
177312,No,a4a774c1,QJJF,Full Time,3.565454,3.931915,No,1,U51319,001,TRXC,Core,No,Masters2,2023,Fall,20233,2023-24,1.5,73.0,,,59.0,0.0,59.0,0.0,0.0,0.0,84.75,0.0,No,Building1,"F, S",08:30:00,10.25,14.0,3.96,4.44,4.58,2.72,1.0,3.9,3.52,3.28,3.52,3.6,3.54,3.7,3.84,3.3,4.06,Yes
177313,No,2f803d7c,CGCH,,4.1652,4.2583,No,1,U17466,001,SBFH,Elective,No,Masters1,2023,Fall,20233,2023-24,1.5,59.0,Prerequisites,,34.0,23.0,10.0,0.0,0.0,1.0,76.4700012207031,0.0,No,Building2,T,18:00:00,3.25,5.0,4.26923,4.807692,4.730769,3.115384,1.0,4.153846,4.076923,3.615384,3.76923,4.038461,3.961538,4.076923,3.730769,3.307692,4.5,Yes
177314,No,22fcfa2f,ZQOR,Full Time,4.87,4.664,No,1,Q44513,001,IGFY,Elective,No,Masters1,2023,Fall,20233,2023-24,3.0,50.0,,,50.0,50.0,0.0,0.0,0.0,0.0,92.0,27.0,No,Building1,"M,W,F",09:00:00,3.25,38.0,4.152173,4.804347,4.586956,3.0,1.0,4.630434,4.869565,2.630434,3.152173,4.347826,4.673913,4.804347,4.456521,4.282608,4.652173,Yes
177315,No,638b34fa,USIE,Full Time,4.924528,4.698039,No,1,A61877,001,USIE,Core,No,Masters2,2023,Fall,20233,2023-24,3.0,74.0,,,57.0,0.0,57.0,0.0,0.0,0.0,92.9800033569336,0.0,No,Building1,"M, T, W, F, S",08:30:00,10.25,14.0,4.283018,4.735849,4.773584,2.81132,0.981132,4.603773,4.924528,3.283018,3.207547,4.45283,4.566037,4.886792,4.660377,4.339622,4.735849,Yes
177316,No,2f803d7c,CGCH,,5.0,4.6667,No,1,U17466,D01,SBFH,Elective,No,Masters1,2023,Fall,20233,2023-24,1.5,15.0,Prerequisites,,5.0,0.0,5.0,0.0,0.0,0.0,60.0,0.0,No,off-campus,T,18:00:00,3.25,5.0,4.666666,5.0,3.333333,3.333333,1.0,4.666666,5.0,3.666666,4.0,5.0,4.666666,4.666666,5.0,4.0,5.0,Yes
177317,No,22fcfa2f,ZQOR,Full Time,4.786,4.518,No,1,Q44513,002,IGFY,Elective,No,MSPHD,2023,Fall,20233,2023-24,3.0,50.0,,,49.0,49.0,0.0,0.0,0.0,0.0,95.9199981689453,25.0,No,Building1,"M,W,F",14:20:00,3.25,38.0,4.063829,4.787234,4.340425,2.74468,1.042553,4.468085,4.595744,2.638297,2.978723,4.212765,4.595744,4.80851,4.659574,4.319148,4.617021,Yes
177318,No,a4a774c1,QJJF,Full Time,3.491471,4.081818,No,1,U51319,002,TRXC,Core,No,Masters2,2023,Fall,20233,2023-24,1.5,72.0,,,60.0,0.0,60.0,0.0,0.0,0.0,85.0,0.0,No,Building1,"F, S",08:30:00,10.25,14.0,4.039215,4.45098,4.784313,2.509803,1.0,3.882352,3.411764,3.294117,3.588235,3.764705,3.411764,3.529411,3.980392,3.549019,4.274509,Yes
177319,No,638b34fa,USIE,Full Time,4.860714,4.648148,No,1,A61877,002,USIE,Core,No,Masters2,2023,Fall,20233,2023-24,3.0,72.0,,,60.0,0.0,60.0,0.0,0.0,0.0,98.3300018310547,0.0,No,Building1,"M, T, W, F, S",08:30:00,10.25,14.0,4.474576,4.898305,4.881355,2.355932,1.0,4.59322,4.762711,3.118644,3.338983,4.59322,4.677966,4.79661,4.525423,4.288135,4.830508,Yes
177320,No,8370fb1e,CGCH,Part Time,4.228,4.164,No,1,Z17902,001,SBFH,Elective,No,Masters1,2023,Fall,20233,2023-24,1.5,74.0,Prerequisites,,42.0,28.0,13.0,0.0,0.0,1.0,71.4300003051758,0.0,No,Building2,T,18:00:00,3.25,5.0,4.266666,4.733333,4.333333,3.233333,0.966666,3.966666,4.166666,3.866666,3.633333,4.066666,3.9,3.866666,3.8,3.433333,4.233333,Yes
177321,No,4158e2cf,ZQOR,Part Time,3.7297,3.935,No,1,Q44513,003,IGFY,Elective,No,Masters1,2023,Fall,20233,2023-24,3.0,50.0,,,50.0,50.0,0.0,0.0,0.0,0.0,89.8000030517578,21.0,No,Building1,W,09:00:00,3.25,38.0,3.545454,4.113636,4.25,3.0,1.0,3.863636,3.522727,2.590909,2.772727,3.772727,3.795454,4.0,3.977272,4.022727,4.318181,Yes
177322,No,53bee0d4,NZJO,Part Time,4.406061,4.194445,No,1,U51319,003,TRXC,Core,No,Masters2,2023,Fall,20233,2023-24,1.5,72.0,,,43.0,0.0,43.0,0.0,0.0,0.0,82.2200012207031,0.0,No,Building1,S,08:30:00,10.25,14.0,3.972972,4.324324,4.405405,2.729729,0.945945,4.081081,4.405405,3.135135,3.108108,3.837837,4.27027,4.189189,4.0,3.783783,4.351351,Yes
177323,No,11d2574d,USIE,Full Time,4.1368,3.9789,No,1,I97516,300,USIE,Core,No,Masters2,2023,Fall,20233,2023-24,1.5,74.0,,,33.0,0.0,33.0,0.0,0.0,0.0,60.6100006103516,0.0,No,Building2,"M, T, W, R, F, S",08:30:00,11.0,15.0,3.95,4.1,4.4,2.45,1.15,3.95,4.1,3.5,3.6,4.15,3.3,3.3,3.0,3.15,4.15,Yes
177324,No,0c45289c,AFQO,,3.9871,3.9118,No,1,Z10959,001,SBFH,Elective,No,Masters1,2023,Fall,20233,2023-24,1.5,74.0,Prerequisites,Corequisite,41.0,40.0,0.0,0.0,0.0,1.0,95.120002746582,0.0,No,Building1,M,18:00:00,3.25,4.0,4.051282,4.564102,4.51282,3.589743,0.923076,3.794871,3.666666,3.410256,3.230769,3.615384,3.820512,3.846153,4.025641,3.641025,4.282051,Yes
177325,No,53bee0d4,NZJO,Part Time,4.255556,4.111765,No,1,U51319,004,TRXC,Core,No,Masters2,2023,Fall,20233,2023-24,1.5,72.0,,,41.0,0.0,41.0,0.0,0.0,0.0,84.4400024414063,0.0,No,Building1,S,08:30:00,10.25,14.0,3.842105,4.289473,4.289473,2.526315,1.0,3.868421,4.131578,3.078947,3.68421,3.605263,3.973684,3.947368,3.710526,3.578947,4.157894,Yes
177326,No,a45c17ff,ZQOR,,4.4512,4.4711,No,1,Q44513,004,IGFY,Elective,No,MSPHD,2023,Fall,20233,2023-24,3.0,50.0,,,50.0,50.0,0.0,0.0,0.0,0.0,95.9199981689453,8.0,No,Building2,T,09:00:00,3.25,38.0,3.829787,4.425531,4.468085,2.765957,1.0,4.404255,4.340425,2.787234,2.93617,4.106382,4.319148,4.531914,4.446808,4.148936,4.446808,Yes
177327,No,a2579e1d,USIE,Part Time,4.315,4.126,No,1,E78524,001,USIE,Core,No,Masters1,2023,Fall,20233,2023-24,1.5,74.0,,,67.0,67.0,0.0,0.0,0.0,0.0,97.0100021362305,0.0,No,Building1,"M,W",09:00:00,1.5,35.0,3.830769,4.676923,4.523076,2.646153,1.0,4.076923,4.123076,3.353846,3.261538,3.538461,3.8,3.892307,4.076923,3.2,4.076923,Yes
177328,No,f1dc4f75,CGCH,,4.6,4.5351,No,1,L95870,001,SBFH,Elective,No,Masters1,2023,Fall,20233,2023-24,3.0,74.0,,Corequisite,44.0,34.0,0.0,0.0,0.0,10.0,88.8899993896484,0.0,No,Building1,T,09:00:00,3.25,5.0,4.35,4.65,4.675,2.275,1.15,4.5,4.525,3.625,3.325,4.25,4.425,4.675,4.45,4.25,4.325,Yes
177329,No,db491214,NZJO,Full Time,3.98,3.717,No,1,I48088,001,TRXC,Core,No,Masters1,2023,Fall,20233,2023-24,1.5,74.0,,,68.0,68.0,0.0,0.0,0.0,0.0,94.120002746582,0.0,No,Building1,"M,W,F",14:20:00,1.5,36.0,3.84375,4.4375,4.421875,2.484375,0.984375,3.578125,3.875,3.515625,3.234375,3.640625,3.65625,3.75,3.5,3.171875,4.375,Yes
177330,No,a45c17ff,ZQOR,,4.405,4.2522,No,1,Q44513,005,IGFY,Elective,No,Masters1,2023,Fall,20233,2023-24,3.0,50.0,,,50.0,50.0,0.0,0.0,0.0,0.0,95.9199981689453,14.0,No,Building2,T,14:20:00,3.25,38.0,4.127659,4.723404,4.170212,3.042553,0.978723,4.234042,4.361702,3.063829,2.914893,4.191489,4.446808,4.574468,4.468085,4.170212,4.553191,Yes
177331,No,15ebe6f7,USIE,Full Time,4.753,4.427,No,1,E78524,002,USIE,Core,No,Masters1,2023,Fall,20233,2023-24,1.5,74.0,,,68.0,68.0,0.0,0.0,0.0,0.0,97.0599975585938,0.0,No,Building1,"M,W",16:10:00,1.5,35.0,4.045454,4.742424,4.439393,3.045454,1.0,4.424242,4.742424,3.439393,3.318181,4.136363,4.348484,4.575757,4.424242,3.80303,4.545454,Yes
177332,No,2f803d7c,CGCH,,4.3875,4.1532,No,1,T91213,001,SBFH,Elective,No,Masters1,2023,Fall,20233,2023-24,3.0,71.0,,Corequisite,67.0,65.0,1.0,0.0,0.0,1.0,80.5999984741211,0.0,No,Building2,"M,W",10:50:00,1.5,5.0,4.092592,4.407407,4.592592,3.166666,0.925925,4.018518,4.222222,3.777777,3.462962,3.814814,3.962962,4.129629,3.814814,3.666666,4.314814,Yes
177333,No,20df2d5a,ZQOR,Part Time,4.464,4.1259,No,1,Q88265,002,IGFY,Elective,No,Masters1,2023,Fall,20233,2023-24,3.0,74.0,,,71.0,71.0,0.0,0.0,0.0,0.0,81.4300003051758,6.0,No,Building2,W,09:00:00,3.25,12.0,3.859649,4.491228,4.280701,2.982456,0.964912,4.087719,4.421052,3.0,3.052631,3.824561,4.315789,4.385964,4.245614,4.298245,4.385964,Yes
177334,No,98ffe2d9,NZJO,Part Time,3.153,3.028,No,1,I48088,002,TRXC,Core,No,Masters1,2023,Fall,20233,2023-24,1.5,74.0,,,71.0,71.0,0.0,0.0,0.0,0.0,100.0,0.0,No,Building1,"M,W,F",14:20:00,1.5,36.0,3.704225,4.12676,4.436619,3.084507,0.985915,2.957746,3.098591,3.436619,3.478873,2.915492,3.042253,2.802816,2.732394,2.915492,3.859154,Yes
177335,No,a2579e1d,USIE,Part Time,4.526,4.469,No,1,E78524,004,USIE,Core,No,Masters1,2023,Fall,20233,2023-24,1.5,74.0,,,66.0,66.0,0.0,0.0,0.0,0.0,93.9400024414063,0.0,No,Building1,"M,W",16:10:00,1.5,35.0,4.241935,4.629032,4.645161,2.790322,1.0,4.290322,4.48387,3.290322,3.516129,4.209677,4.274193,4.290322,4.241935,3.774193,4.419354,Yes
177336,No,2f803d7c,CGCH,,5.0,4.5,No,1,T91213,D01,SBFH,Elective,No,Masters1,2023,Fall,20233,2023-24,3.0,3.0,,Corequisite,4.0,0.0,4.0,0.0,0.0,0.0,100.0,0.0,No,off-campus,"M,W,F",10:50:00,1.5,5.0,4.5,4.75,4.75,2.5,1.0,4.5,5.0,3.75,3.5,5.0,4.25,4.75,4.75,4.25,5.0,Yes
177337,No,65d33764,VUFA,Part Time,3.2072,3.2026,Yes,2,E66065,001,IGFY,Elective,No,Masters1,2023,Fall,20233,2023-24,3.0,50.0,Prerequisites,,32.0,30.0,2.0,0.0,0.0,0.0,72.7300033569336,0.0,Yes,Building2,T,18:00:00,3.25,7.0,3.875,4.291666,4.5,3.583333,0.958333,3.25,3.270833,3.208333,3.0,3.333333,3.875,3.791666,3.333333,3.75,4.208333,Yes
177337,No,a5dca330,ZQOR,Part Time,3.5801,3.2026,Yes,2,E66065,001A,IGFY,Elective,No,Masters1,2023,Fall,20233,2023-24,3.0,50.0,Prerequisites,,32.0,30.0,2.0,0.0,0.0,0.0,72.7300033569336,0.0,Yes,Building2,T,18:00:00,3.25,7.0,3.875,4.291666,4.5,3.583333,0.958333,3.25,3.270833,3.208333,3.0,3.333333,3.875,3.791666,3.333333,3.75,4.208333,No
177338,No,a4a774c1,QJJF,Full Time,4.533,4.227,No,1,I48088,003,TRXC,Core,No,Masters1,2023,Fall,20233,2023-24,1.5,74.0,,,68.0,68.0,0.0,0.0,0.0,0.0,97.0599975585938,0.0,No,Building1,"M,W,F",14:20:00,1.5,36.0,4.090909,4.651515,4.590909,2.742424,1.0,4.227272,4.439393,3.484848,3.575757,3.939393,3.80303,4.333333,4.166666,3.272727,4.40909,Yes
177339,No,15ebe6f7,USIE,Full Time,4.774,4.563,No,1,E78524,005,USIE,Core,No,Masters1,2023,Fall,20233,2023-24,1.5,74.0,,,68.0,68.0,0.0,0.0,0.0,0.0,85.2900009155273,0.0,No,Building1,"M,W",14:20:00,1.5,35.0,4.344827,4.87931,4.87931,3.103448,1.0,4.517241,4.672413,3.37931,3.5,4.068965,4.517241,4.637931,4.551724,4.0,4.655172,Yes
177340,No,db9fa0d4,CGCH,Full Time,4.5576,4.3152,No,1,B79646,001,SBFH,Elective,No,Masters1,2023,Fall,20233,2023-24,1.5,60.0,Prerequisites,,48.0,45.0,3.0,0.0,0.0,0.0,77.0800018310547,0.0,No,Building1,T,09:00:00,3.25,5.0,4.081081,4.648648,4.324324,3.405405,1.0,4.216216,4.486486,3.054054,3.135135,4.054054,4.459459,4.459459,4.351351,4.243243,4.621621,Yes
177341,No,98ffe2d9,NZJO,Part Time,4.19,3.993,No,1,I48088,004,TRXC,Core,No,Masters1,2023,Fall,20233,2023-24,1.5,74.0,,,69.0,69.0,0.0,0.0,0.0,0.0,92.75,0.0,No,Building1,"M,W,F",10:50:00,1.5,36.0,4.1875,4.578125,4.640625,2.734375,1.0,3.90625,4.125,3.46875,3.5,3.703125,4.09375,3.9375,3.90625,3.265625,4.0625,Yes
177342,No,15ebe6f7,USIE,Full Time,4.74,4.447,No,1,E78524,006,USIE,Core,No,Masters1,2023,Fall,20233,2023-24,1.5,74.0,,,68.0,60.0,0.0,0.0,0.0,8.0,94.120002746582,0.0,No,Building1,"M,W",10:50:00,1.5,35.0,4.125,4.53125,4.828125,2.65625,1.09375,4.296875,4.71875,3.328125,3.5,4.265625,4.28125,4.53125,4.21875,3.515625,4.5,Yes
177343,No,08470d1d,ZQOR,Part Time,4.06,3.9111,No,1,M20044,001,IGFY,Elective,No,Masters1,2023,Fall,20233,2023-24,3.0,50.0,,,52.0,51.0,1.0,0.0,0.0,0.0,86.2699966430664,16.0,No,Building2,"M,F",14:20:00,3.25,3.0,4.090909,4.522727,4.272727,3.386363,0.977272,3.75,3.931818,3.136363,2.454545,3.772727,4.068181,3.954545,3.590909,3.704545,4.5,Yes
177344,No,76c98501,VQWP,,4.3231,4.15,No,1,V10864,001,SBFH,Elective,No,Masters1,2023,Fall,20233,2023-24,1.5,74.0,Prerequisites,,17.0,11.0,2.0,3.0,0.0,1.0,71.4300003051758,0.0,No,Building1,"M,W",16:10:00,1.5,3.0,4.133333,4.133333,4.4,3.4,1.2,4.0,4.2,3.466666,3.2,3.866666,4.2,4.2,4.133333,4.0,4.466666,Yes
177345,No,a2579e1d,USIE,Part Time,4.773,4.521,No,1,E78524,007,USIE,Core,No,Masters1,2023,Fall,20233,2023-24,1.5,74.0,,,67.0,67.0,0.0,0.0,0.0,0.0,98.5100021362305,0.0,No,Building1,"M,W",14:20:00,1.5,35.0,4.10606,4.651515,4.60606,2.924242,1.0,4.5,4.772727,3.212121,3.333333,4.212121,4.727272,4.575757,4.287878,3.545454,4.40909,Yes
177346,No,a4a774c1,QJJF,Full Time,2.924,3.267,No,1,I48088,005,TRXC,Core,No,Masters1,2023,Fall,20233,2023-24,1.5,74.0,,,70.0,70.0,0.0,0.0,0.0,0.0,90.0,0.0,No,Building1,"M,W,F",10:50:00,1.5,36.0,4.222222,4.507936,4.539682,2.698412,1.0,3.238095,2.873015,3.365079,3.539682,3.015873,2.650793,2.825396,2.857142,2.714285,3.682539,Yes
177347,No,640ca4b8,ZQOR,Part Time,4.852,4.722,No,1,X37454,001,IGFY,Elective,No,Masters1,2023,Fall,20233,2023-24,1.5,36.0,,Corequisite,35.0,35.0,0.0,0.0,0.0,0.0,68.5699996948242,33.0,No,Building1,"M,F",18:00:00,3.25,35.0,4.375,4.625,4.75,3.5,1.0,4.708333,4.833333,2.708333,2.958333,4.166666,4.458333,4.541666,4.458333,4.583333,4.625,Yes
177348,No,0b93b38c,CGCH,Part Time,4.375,4.125,No,1,E53621,001,SBFH,Elective,No,Masters1,2023,Fall,20233,2023-24,1.5,25.0,Prerequisites,,8.0,8.0,0.0,0.0,0.0,0.0,88.8899993896484,0.0,No,Building1,M,14:20:00,3.25,2.0,4.375,4.25,4.125,2.625,1.125,4.125,4.375,2.625,2.75,3.875,4.125,4.375,3.75,3.375,4.5,Yes
177349,No,15ebe6f7,USIE,Full Time,4.557,4.275,No,1,E78524,008,USIE,Core,No,Masters1,2023,Fall,20233,2023-24,1.5,74.0,,,68.0,68.0,0.0,0.0,0.0,0.0,94.120002746582,0.0,No,Building1,"M,W",09:00:00,1.5,35.0,4.140625,4.765625,4.78125,2.6875,1.0,4.234375,4.421875,3.46875,3.65625,3.8125,4.21875,4.421875,4.203125,3.640625,4.671875,Yes
177350,No,98ffe2d9,NZJO,Part Time,3.906,3.844,No,1,I48088,006,TRXC,Core,No,Masters1,2023,Fall,20233,2023-24,1.5,74.0,,,72.0,63.0,0.0,0.0,0.0,9.0,95.8300018310547,0.0,No,Building1,"M,W,F",16:10:00,1.5,36.0,4.0,3.927536,4.463768,2.521739,1.101449,3.652173,3.826086,3.521739,3.608695,3.507246,3.623188,3.608695,3.275362,3.130434,4.173913,Yes
177351,No,e5a6e743,CGCH,Part Time,5.0,4.9375,No,1,W49294,001,SBFH,Elective,No,Masters1,2023,Fall,20233,2023-24,3.0,40.0,Prerequisites,,40.0,38.0,0.0,0.0,0.0,2.0,80.0,6.0,No,Building1,R,14:20:00,3.25,2.0,4.71875,4.96875,4.90625,3.5625,0.90625,4.9375,5.0,3.71875,3.875,4.71875,4.875,5.0,4.875,5.0,5.0,Yes
177352,No,2b86262a,ZQOR,Part Time,4.116,4.221,No,1,X37454,002,IGFY,Elective,No,Masters1,2023,Fall,20233,2023-24,1.5,36.0,,Corequisite,34.0,33.0,0.0,0.0,0.0,1.0,63.6399993896484,16.0,No,Building2,R,09:00:00,3.25,35.0,4.142857,4.619047,4.714285,3.619047,1.0,4.142857,4.047619,2.95238,2.857142,4.190476,4.285714,4.285714,4.238095,4.333333,4.47619,Yes
177353,No,a2579e1d,USIE,Part Time,4.715,4.503,No,1,E78524,009,USIE,Core,No,Masters1,2023,Fall,20233,2023-24,1.5,74.0,,,66.0,66.0,0.0,0.0,0.0,0.0,92.4199981689453,0.0,No,Building1,"M,W",10:50:00,1.5,35.0,4.311475,4.803278,4.737704,3.114754,1.0,4.426229,4.704918,3.278688,3.557377,4.295081,4.475409,4.459016,4.491803,4.032786,4.57377,Yes
177354,No,a4a774c1,QJJF,Full Time,4.113,3.945,No,1,I48088,007,TRXC,Core,No,Masters1,2023,Fall,20233,2023-24,1.5,74.0,,,70.0,70.0,0.0,0.0,0.0,0.0,94.2900009155273,0.0,No,Building1,"M,W,F",16:10:00,1.5,36.0,3.848484,4.636363,4.242424,2.651515,1.0,3.818181,4.060606,3.30303,3.212121,3.515151,3.757575,4.060606,3.80303,3.090909,4.545454,Yes
177355,No,f0cd87f0,QJJF,Part Time,4.425,4.4242,No,1,B02066,001,SBFH,Elective,No,Masters1,2023,Fall,20233,2023-24,1.5,74.0,Prerequisites,Corequisite,47.0,42.0,4.0,0.0,0.0,1.0,80.8499984741211,0.0,No,Building1,M,18:00:00,3.25,3.0,4.368421,4.631578,4.447368,2.973684,0.947368,4.342105,4.315789,3.263157,4.105263,4.210526,3.973684,4.105263,3.947368,3.68421,4.394736,Yes
177356,No,db9fa0d4,CGCH,Full Time,4.7786,4.6714,No,1,X37454,003,IGFY,Elective,No,Masters1,2023,Fall,20233,2023-24,1.5,36.0,,Corequisite,35.0,35.0,0.0,0.0,0.0,0.0,88.5699996948242,42.0,No,Building1,W,09:00:00,3.25,35.0,4.516129,4.774193,4.774193,3.290322,0.967741,4.548387,4.645161,2.935483,3.096774,4.290322,4.645161,4.612903,4.32258,4.677419,4.612903,Yes
177357,No,c7cc7e9a,USIE,Part Time,3.5101,3.8069,No,1,N10444,001,USIE,Core,No,Masters1,2023,Fall,20233,2023-24,1.5,74.0,Prerequisites,,74.0,74.0,0.0,0.0,0.0,0.0,82.4300003051758,0.0,No,Building1,"M,W",09:00:00,1.5,35.0,3.852459,4.344262,4.409836,2.344262,0.983606,3.770491,3.360655,3.327868,3.393442,3.52459,3.278688,3.475409,3.327868,2.967213,4.032786,Yes
177358,No,37d16a3b,KFZN,Full Time,4.7071,4.3158,Yes,2,T37029,001,SBFH,Elective,No,Masters1,2023,Fall,20233,2023-24,1.5,74.0,,Corequisite,72.0,70.0,1.0,0.0,0.0,1.0,79.1699981689453,0.0,Yes,Building1,R,14:20:00,3.25,6.0,4.0,4.666666,4.649122,3.0,0.929824,4.315789,4.631578,2.964912,3.0,3.842105,4.421052,4.561403,4.403508,4.070175,4.578947,Yes
177358,No,ea8dde21,CGCH,Part Time,4.5697,4.3158,Yes,2,T37029,001A,SBFH,Elective,No,Masters1,2023,Fall,20233,2023-24,1.5,74.0,,Corequisite,72.0,70.0,1.0,0.0,0.0,1.0,79.1699981689453,0.0,Yes,Building1,R,14:20:00,3.25,6.0,4.0,4.666666,4.649122,3.0,0.929824,4.315789,4.631578,2.964912,3.0,3.842105,4.421052,4.561403,4.403508,4.070175,4.578947,No
177359,No,db491214,NZJO,Full Time,4.244,3.928,No,1,I48088,008,TRXC,Core,No,Masters1,2023,Fall,20233,2023-24,1.5,74.0,,,73.0,73.0,0.0,0.0,0.0,0.0,91.7799987792969,0.0,No,Building1,"M,W,F",10:50:00,1.5,36.0,4.104477,4.746268,4.537313,2.791044,0.955223,3.850746,4.194029,3.477611,3.582089,3.80597,3.850746,3.910447,3.716417,3.432835,4.373134,Yes
177360,No,640ca4b8,ZQOR,Part Time,4.8538,4.7231,No,1,X37454,004,IGFY,Elective,No,Masters1,2023,Fall,20233,2023-24,1.5,36.0,,Corequisite,36.0,35.0,0.0,0.0,0.0,1.0,80.5599975585938,46.0,No,Building2,M,14:20:00,3.25,35.0,4.275862,4.931034,4.896551,3.37931,0.896551,4.620689,4.586206,3.172413,3.275862,4.37931,4.75862,4.862068,4.724137,4.793103,4.793103,Yes
177361,No,c7cc7e9a,USIE,Part Time,3.612,3.9034,No,1,N10444,002,USIE,Core,No,Masters1,2023,Fall,20233,2023-24,1.5,74.0,Prerequisites,,74.0,74.0,0.0,0.0,0.0,0.0,83.7799987792969,0.0,No,Building1,"M,W",16:10:00,1.5,35.0,3.516129,4.080645,4.467741,2.516129,1.0,3.838709,3.532258,3.403225,3.564516,3.741935,3.467741,3.532258,3.612903,3.032258,3.532258,Yes
177362,No,db491214,NZJO,Full Time,4.19,4.007,No,1,I48088,009,TRXC,Core,No,Masters1,2023,Fall,20233,2023-24,1.5,74.0,,,69.0,69.0,0.0,0.0,0.0,0.0,94.1999969482422,0.0,No,Building1,"M,W,F",09:00:00,1.5,36.0,4.030769,4.661538,4.415384,2.96923,1.0,3.830769,3.892307,3.492307,3.353846,3.753846,3.830769,3.8,3.815384,3.184615,4.092307,Yes
177363,No,640ca4b8,ZQOR,Part Time,4.7923,4.6385,No,1,X37454,005,IGFY,Elective,No,Masters1,2023,Fall,20233,2023-24,1.5,36.0,,Corequisite,32.0,32.0,0.0,0.0,0.0,0.0,84.379997253418,19.0,No,Building2,M,18:00:00,3.25,35.0,3.925925,4.777777,4.851851,3.111111,1.0,4.629629,4.777777,3.185185,3.037037,4.296296,4.666666,4.74074,4.74074,4.814814,4.814814,Yes
177365,No,ce03109b,VUFA,Part Time,4.3477,4.1238,No,1,N10444,003,USIE,Core,No,Masters1,2023,Fall,20233,2023-24,1.5,74.0,Prerequisites,,72.0,72.0,0.0,0.0,0.0,0.0,93.0599975585938,0.0,No,Building1,"M,W",16:10:00,1.5,35.0,4.014925,4.492537,4.462686,2.358208,0.970149,4.02985,4.268656,3.253731,3.522388,3.850746,4.044776,4.194029,3.925373,3.641791,4.432835,Yes
177366,No,1077395b,NZJO,Full Time,4.6644,4.2885,No,1,D09899,001,TRXC,Core,No,Masters1,2023,Fall,20233,2023-24,1.5,74.0,,,71.0,71.0,0.0,0.0,0.0,0.0,87.3199996948242,0.0,No,Building1,"M,W",14:20:00,1.5,36.0,3.903225,4.645161,4.48387,2.82258,1.0,4.274193,4.564516,3.032258,3.806451,3.774193,3.967741,4.274193,4.016129,3.532258,4.435483,Yes
177367,No,f8710654,ZQOR,Part Time,4.6952,4.71,No,1,S30486,001,IGFY,Elective,No,Masters1,2023,Fall,20233,2023-24,3.0,30.0,,,27.0,27.0,0.0,0.0,0.0,0.0,84.620002746582,0.0,No,Building1,"M,F",14:20:00,3.25,3.0,4.136363,4.818181,4.818181,2.90909,1.0,4.681818,4.636363,3.181818,2.90909,4.045454,4.590909,4.545454,4.727272,4.5,4.40909,Yes
177368,No,a6d710c4,USIE,Full Time,4.7156,4.4644,No,1,N10444,004,USIE,Core,No,Masters1,2023,Fall,20233,2023-24,1.5,74.0,Prerequisites,,73.0,73.0,0.0,0.0,0.0,0.0,94.5199966430664,0.0,No,Building1,"M,W",16:10:00,1.5,35.0,4.130434,4.695652,4.753623,2.913043,0.985507,4.391304,4.565217,3.463768,3.594202,4.289855,4.362318,4.594202,4.217391,4.028985,4.637681,Yes
177370,No,cdc4c1dd,NZJO,Part Time,4.2103,3.8737,No,1,D09899,002,TRXC,Core,No,Masters1,2023,Fall,20233,2023-24,1.5,74.0,,,73.0,73.0,0.0,0.0,0.0,0.0,82.1900024414063,0.0,No,Building1,"M,W",14:20:00,1.5,36.0,3.7,4.566666,4.366666,2.816666,0.983333,3.85,4.183333,3.0,3.5,3.55,3.85,4.1,3.85,3.483333,4.35,Yes
177371,No,ca2f6e01,,Part Time,3.0,1.0,No,1,R23458,001,IGFY,Elective,No,Masters1,2023,Fall,20233,2023-24,12.0,18.0,,,1.0,1.0,0.0,0.0,0.0,0.0,100.0,0.0,No,off-campus,"M,W,F",09:00:00,4.0,6.0,3.0,3.0,3.0,3.0,1.0,1.0,3.0,5.0,0.0,1.0,3.0,3.0,3.0,3.0,3.0,No
177372,No,a6d710c4,USIE,Full Time,4.5455,4.5263,No,1,N10444,005,USIE,Core,No,Masters1,2023,Fall,20233,2023-24,1.5,74.0,Prerequisites,,74.0,74.0,0.0,0.0,0.0,0.0,83.7799987792969,0.0,No,Building1,"M,W",14:20:00,1.5,35.0,4.16129,4.645161,4.451612,2.677419,0.967741,4.5,4.387096,3.419354,3.66129,4.145161,4.274193,4.370967,4.145161,3.806451,4.403225,Yes
177374,No,4a824882,ZQOR,Part Time,4.3234,4.3053,Yes,2,T61937,001,IGFY,Elective,No,Masters1,2023,Fall,20233,2023-24,1.5,74.0,,,39.0,39.0,0.0,0.0,0.0,0.0,84.7799987792969,0.0,Yes,Building1,"T,R",09:00:00,1.5,4.0,3.717948,4.487179,4.179487,2.743589,1.102564,4.230769,4.333333,2.794871,2.897435,4.153846,4.461538,4.487179,4.461538,3.76923,4.487179,Yes
177374,No,ddf5f614,ZQOR,Full Time,4.6242,4.3053,Yes,2,T61937,001A,IGFY,Elective,No,Masters1,2023,Fall,20233,2023-24,1.5,74.0,,,39.0,39.0,0.0,0.0,0.0,0.0,84.7799987792969,0.0,Yes,Building1,"T,R",09:00:00,1.5,4.0,3.717948,4.487179,4.179487,2.743589,1.102564,4.230769,4.333333,2.794871,2.897435,4.153846,4.461538,4.487179,4.461538,3.76923,4.487179,No
177375,No,cdc4c1dd,NZJO,Part Time,4.3311,4.0571,No,1,D09899,005,TRXC,Core,No,Masters1,2023,Fall,20233,2023-24,1.5,74.0,,,73.0,73.0,0.0,0.0,0.0,0.0,87.6699981689453,0.0,No,Building1,"M,W",10:50:00,1.5,36.0,3.890625,4.625,4.515625,2.9375,0.984375,4.03125,4.21875,3.0,3.8125,3.625,3.875,4.1875,3.96875,3.671875,4.453125,Yes
177376,No,c7cc7e9a,USIE,Part Time,3.8036,4.1633,No,1,N10444,006,USIE,Core,No,Masters1,2023,Fall,20233,2023-24,1.5,74.0,Prerequisites,,73.0,65.0,0.0,0.0,0.0,8.0,86.3000030517578,0.0,No,Building1,"M,W",10:50:00,1.5,35.0,3.984126,4.365079,4.396825,2.523809,1.0,4.079365,3.619047,3.460317,3.666666,3.666666,3.47619,3.587301,3.63492,3.253968,4.047619,Yes
177378,No,1077395b,NZJO,Full Time,4.8333,4.6344,No,1,D09899,006,TRXC,Core,No,Masters1,2023,Fall,20233,2023-24,1.5,74.0,,,73.0,64.0,0.0,0.0,0.0,9.0,91.7799987792969,0.0,No,Building1,"M,W",16:10:00,1.5,36.0,4.149253,4.61194,4.388059,2.910447,1.014925,4.492537,4.761194,2.970149,3.641791,4.283582,4.358208,4.507462,4.477611,3.83582,4.671641,Yes
177379,No,88753b93,ZQOR,Full Time,4.9322,4.8034,No,1,N57760,001,IGFY,Elective,No,Masters1,2023,Fall,20233,2023-24,3.0,74.0,,,74.0,74.0,0.0,0.0,0.0,0.0,80.8199996948242,69.0,No,Building2,"T,R",10:50:00,1.5,9.0,4.237288,4.881355,4.779661,3.355932,0.966101,4.79661,4.932203,3.101694,3.237288,4.694915,4.881355,4.898305,4.779661,4.847457,4.966101,Yes
177380,No,c7cc7e9a,USIE,Part Time,3.6889,3.8,No,1,N10444,007,USIE,Core,No,Masters1,2023,Fall,20233,2023-24,1.5,74.0,Prerequisites,,75.0,75.0,0.0,0.0,0.0,0.0,92.0,0.0,No,Building1,"M,W",14:20:00,1.5,35.0,3.623188,4.333333,4.449275,2.420289,0.985507,3.594202,3.550724,3.362318,3.376811,3.521739,3.521739,3.710144,3.31884,2.956521,4.101449,Yes
177381,Yes,4f87fd73,NZJO,Full Time,3.7032,3.6737,No,1,D09899,008,TRXC,Core,No,Masters1,2023,Fall,20233,2023-24,1.5,74.0,,,73.0,73.0,0.0,0.0,0.0,0.0,93.1500015258789,0.0,No,Building1,"M,W",10:50:00,1.5,36.0,3.544117,4.323529,4.42647,2.661764,1.0,3.5,3.661764,2.955882,3.367647,3.132352,3.25,3.485294,3.441176,2.970588,3.882352,Yes
177383,No,a6d710c4,USIE,Full Time,4.7121,4.4271,No,1,N10444,008,USIE,Core,No,Masters1,2023,Fall,20233,2023-24,1.5,74.0,Prerequisites,,75.0,75.0,0.0,0.0,0.0,0.0,88.0,0.0,No,Building1,"M,W",09:00:00,1.5,35.0,4.075757,4.787878,4.666666,2.727272,0.969696,4.393939,4.712121,3.287878,3.60606,4.10606,4.393939,4.484848,4.469696,3.696969,4.575757,Yes
177384,No,88753b93,ZQOR,Full Time,4.8862,4.6355,No,1,N57760,002,IGFY,Elective,No,Masters1,2023,Fall,20233,2023-24,3.0,74.0,,,74.0,73.0,0.0,0.0,0.0,1.0,89.1900024414063,46.0,No,Building2,"T,R",14:20:00,1.5,9.0,4.166666,4.878787,4.772727,3.560606,0.969696,4.60606,4.878787,2.984848,3.30303,4.30303,4.666666,4.727272,4.727272,4.727272,4.833333,Yes
177385,No,1077395b,NZJO,Full Time,4.7844,4.5182,No,1,D09899,009,TRXC,Core,No,Masters1,2023,Fall,20233,2023-24,1.5,74.0,,,70.0,70.0,0.0,0.0,0.0,0.0,98.5699996948242,0.0,No,Building1,"M,W",09:00:00,1.5,36.0,3.826086,4.695652,4.695652,3.115942,0.971014,4.449275,4.550724,2.840579,3.492753,4.028985,4.260869,4.637681,4.347826,3.521739,4.521739,Yes
177386,No,a6d710c4,USIE,Full Time,4.7273,4.5048,No,1,N10444,009,USIE,Core,No,Masters1,2023,Fall,20233,2023-24,1.5,74.0,Prerequisites,,73.0,73.0,0.0,0.0,0.0,0.0,91.7799987792969,0.0,No,Building1,"M,W",10:50:00,1.5,35.0,4.074626,4.701492,4.656716,2.83582,0.970149,4.402985,4.656716,3.41791,3.61194,4.179104,4.462686,4.582089,4.283582,4.044776,4.686567,Yes
177387,No,640d2369,GYQP,Full Time,3.7543,3.7152,No,1,E03990,001,TRXC,Elective,No,Masters2,2023,Fall,20233,2023-24,3.0,74.0,,,42.0,0.0,42.0,0.0,0.0,0.0,92.8600006103516,0.0,No,Building1,F,08:30:00,10.25,8.0,3.923076,4.153846,3.717948,2.897435,1.0,3.666666,3.717948,3.051282,3.051282,3.76923,3.717948,3.692307,3.538461,3.435897,4.076923,Yes
177388,No,f499bf33,USIE,Full Time,4.947369,4.789474,No,1,E62370,001,USIE,Elective,No,Masters2,2023,Fall,20233,2023-24,3.0,74.0,Prerequisites,,37.0,0.0,37.0,0.0,0.0,0.0,100.0,0.0,No,Building1,S,08:30:00,10.25,6.0,4.578947,4.973684,4.815789,2.763157,1.026315,4.789473,4.947368,3.315789,4.105263,4.421052,4.68421,4.868421,4.578947,3.973684,4.921052,Yes
177389,No,640d2369,GYQP,Full Time,4.811111,4.8,No,1,E03990,002,TRXC,Elective,No,Masters2,2023,Fall,20233,2023-24,3.0,74.0,,,19.0,0.0,19.0,0.0,0.0,0.0,95.0,0.0,No,Building1,S,08:30:00,10.25,8.0,4.157894,4.526315,4.473684,3.578947,0.947368,4.421052,4.68421,3.210526,3.263157,4.473684,4.631578,4.68421,4.68421,3.894736,4.894736,Yes
177390,No,35ff4b79,USIE,,4.7905,4.5684,No,1,R76960,001,USIE,Elective,No,Masters2,2023,Fall,20233,2023-24,3.0,65.0,,Corequisite,25.0,0.0,25.0,0.0,0.0,0.0,88.0,0.0,No,Building1,S,08:30:00,10.25,6.0,4.363636,4.636363,4.40909,3.090909,0.954545,4.545454,4.772727,3.590909,3.318181,4.5,4.590909,4.681818,4.545454,4.681818,4.772727,Yes
177391,No,0432450b,NZJO,Full Time,4.857143,4.766667,No,1,L22178,100,TRXC,Elective,No,Masters2,2023,Fall,20233,2023-24,3.0,67.0,,,6.0,0.0,6.0,0.0,0.0,0.0,100.0,0.0,No,Building2,"M,T,W,R,U",09:00:00,8.0,14.0,4.142857,4.428571,4.428571,3.142857,1.0,4.428571,4.857142,3.428571,4.0,4.857142,4.714285,4.857142,4.857142,4.857142,4.857142,Yes
177393,No,08470d1d,ZQOR,Part Time,4.354,4.008,No,1,P87012,001,IGFY,Elective,No,Masters1,2023,Fall,20233,2023-24,1.5,50.0,,,40.0,39.0,0.0,0.0,0.0,1.0,71.7900009155273,0.0,No,Building1,T,09:00:00,3.25,3.0,4.178571,4.678571,4.571428,2.964285,0.892857,3.928571,4.25,3.0,2.607142,3.857142,4.071428,4.0,3.857142,3.607142,4.035714,Yes
177394,No,6f4c76ff,NZJO,Part Time,4.7429,4.6476,No,1,B13752,001,TRXC,Elective,No,Masters2,2023,Fall,20233,2023-24,3.0,74.0,,,21.0,0.0,19.0,2.0,0.0,0.0,88.0,0.0,No,Building1,S,08:30:00,10.25,2.0,4.5,4.90909,4.590909,2.590909,1.136363,4.636363,4.727272,3.5,3.636363,4.590909,4.454545,4.772727,4.454545,3.90909,4.863636,Yes
177395,No,41332084,USIE,Full Time,3.856,3.805,Yes,2,A22594,001,USIE,Elective,No,Masters1,2023,Fall,20233,2023-24,1.5,54.0,,,55.0,53.0,1.0,0.0,0.0,1.0,89.0899963378906,62.0,Yes,Building2,"M,F",14:20:00,3.25,1.0,3.857142,4.32653,4.285714,2.755102,1.0,3.734693,3.418367,2.693877,3.204081,3.428571,3.081632,3.122448,3.183673,2.755102,3.612244,Yes
177395,Yes,d60a2324,,,3.718,3.805,Yes,2,A22594,001A,USIE,Elective,No,Masters1,2023,Fall,20233,2023-24,1.5,54.0,,,55.0,53.0,1.0,0.0,0.0,1.0,89.0899963378906,62.0,Yes,Building2,"M,F",14:20:00,3.25,1.0,3.857142,4.32653,4.285714,2.755102,1.0,3.734693,3.418367,2.693877,3.204081,3.428571,3.081632,3.122448,3.183673,2.755102,3.612244,No
177396,No,7399f4fa,NZJO,Part Time,4.6,4.1429,No,1,L66589,001,TRXC,Elective,No,Masters1,2023,Fall,20233,2023-24,1.5,50.0,,Corequisite,11.0,9.0,1.0,0.0,0.0,1.0,63.6399993896484,0.0,No,Building2,R,09:00:00,3.25,1.0,3.714285,4.428571,4.428571,3.285714,1.0,4.142857,4.571428,2.571428,3.285714,3.857142,4.285714,4.428571,4.285714,3.857142,4.571428,Yes
177397,No,9ef39e2b,ZQOR,Part Time,4.8182,4.7727,No,1,K94394,001,IGFY,Elective,No,Masters1,2023,Fall,20233,2023-24,3.0,50.0,Prerequisites,,27.0,25.0,1.0,0.0,0.0,1.0,81.4800033569336,0.0,No,Building2,W,10:50:00,1.5,6.0,4.363636,4.818181,4.863636,2.863636,1.0,4.772727,4.818181,3.090909,2.727272,4.090909,3.90909,4.227272,4.318181,4.045454,4.545454,No
177398,No,35ff4b79,USIE,,4.76,4.263158,No,1,K89238,001,USIE,Elective,No,Masters1,2023,Fall,20233,2023-24,3.0,65.0,,Corequisite,66.0,64.0,2.0,0.0,0.0,0.0,87.879997253418,15.0,No,Building1,W,09:00:00,3.25,12.0,4.189655,4.75862,4.706896,3.224137,0.982758,4.189655,4.741379,3.275862,2.965517,3.982758,4.465517,4.568965,4.362068,4.396551,4.5,Yes
177399,No,cdc4c1dd,NZJO,Part Time,4.3643,4.0296,No,1,N10091,001,TRXC,Elective,No,Masters1,2023,Fall,20233,2023-24,1.5,50.0,,,43.0,39.0,0.0,3.0,0.0,1.0,73.1699981689453,13.0,No,Building1,"T,R",09:00:00,1.5,10.0,3.833333,4.466666,4.733333,3.366666,0.966666,3.933333,4.3,3.466666,3.466666,3.6,3.866666,4.033333,3.766666,3.9,4.533333,Yes
177400,No,29cbe0bf,ZQOR,Part Time,4.349,4.1958,No,1,R33776,001,IGFY,Elective,No,Masters1,2023,Fall,20233,2023-24,3.0,74.0,,,73.0,67.0,6.0,0.0,0.0,0.0,73.9700012207031,51.0,No,Building1,R,18:00:00,3.25,4.0,4.018518,4.481481,4.444444,3.37037,0.925925,3.962962,4.277777,2.814814,2.814814,3.888888,4.129629,4.074074,4.018518,4.074074,4.425925,Yes
177401,No,35ff4b79,USIE,,4.5094,4.0393,No,1,K89238,002,USIE,Elective,No,Masters1,2023,Fall,20233,2023-24,3.0,65.0,,Corequisite,66.0,65.0,0.0,0.0,0.0,1.0,87.879997253418,11.0,No,Building1,W,14:20:00,3.25,12.0,3.87931,4.586206,4.603448,3.120689,0.965517,4.0,4.448275,3.172413,2.948275,3.913793,4.120689,4.275862,4.034482,3.620689,4.37931,Yes
177402,No,a4a774c1,QJJF,Full Time,4.52,4.6,No,1,R47140,001,TRXC,Elective,No,Masters1,2023,Fall,20233,2023-24,3.0,50.0,,,9.0,8.0,1.0,0.0,0.0,0.0,70.5899963378906,0.0,No,Building2,R,14:20:00,3.25,3.0,3.666666,4.5,4.083333,2.75,1.666666,4.416666,4.333333,3.0,3.25,4.083333,4.166666,4.5,4.25,4.166666,4.416666,Yes
177403,No,0e8bba51,ZQOR,Full Time,4.0389,3.9946,No,1,M83371,001,IGFY,Elective,No,Masters1,2023,Fall,20233,2023-24,1.5,74.0,,,35.0,34.0,1.0,0.0,0.0,0.0,80.0,3.0,No,Building1,"T,R",09:00:00,1.5,3.0,3.775,4.4,4.45,3.2,1.275,3.95,3.95,2.975,2.9,3.7,3.65,3.6,3.6,3.3,4.325,Yes
177404,Yes,1cd91fc5,,,3.6315,3.4374,No,1,C40684,001,USIE,Elective,No,Masters1,2023,Fall,20233,2023-24,1.5,150.0,,,36.0,34.0,0.0,0.0,0.0,2.0,81.4000015258789,0.0,No,Building2,T,09:00:00,3.25,3.0,3.885714,4.4,4.428571,3.371428,1.171428,3.342857,3.542857,3.028571,2.942857,3.342857,3.6,3.628571,3.657142,3.028571,3.8,Yes
177405,No,4b95ef5e,ZQOR,,4.22,4.1619,No,1,E05949,001,IGFY,Elective,No,Masters1,2023,Fall,20233,2023-24,3.0,45.0,,,39.0,38.0,1.0,0.0,0.0,0.0,64.0999984741211,0.0,No,Building2,R,14:20:00,3.25,1.0,4.2,4.6,4.68,3.2,1.0,4.04,3.84,2.4,2.8,3.84,3.96,4.16,4.12,4.36,4.4,Yes
177406,No,db491214,NZJO,Full Time,3.7786,3.8533,No,1,K63190,001,TRXC,Elective,No,Masters1,2023,Fall,20233,2023-24,1.5,74.0,,,29.0,26.0,0.0,2.0,0.0,1.0,86.1100006103516,4.0,No,Building2,T,09:00:00,3.25,11.0,4.096774,4.290322,4.290322,2.870967,1.16129,3.838709,3.677419,3.387096,3.290322,3.516129,3.677419,3.709677,3.677419,3.225806,3.741935,Yes
177408,No,e1e06ccf,ZQOR,Part Time,4.1476,4.1022,No,1,J32944,001,IGFY,Elective,No,Masters1,2023,Fall,20233,2023-24,3.0,74.0,,,60.0,35.0,0.0,0.0,0.0,25.0,76.6699981689453,0.0,No,Building2,R,14:20:00,3.25,5.0,4.108695,4.5,4.521739,3.565217,1.217391,4.065217,3.913043,3.043478,3.065217,4.021739,3.869565,4.021739,4.086956,3.826086,3.97826,Yes
177410,No,44b57473,VUFA,,4.6192,3.928,No,1,B55819,001,WIRK,Core,No,Masters1,2023,Fall,20233,2023-24,1.5,74.0,,,66.0,66.0,0.0,0.0,0.0,0.0,81.8199996948242,0.0,No,Building1,"T,R",16:10:00,1.5,36.0,3.907407,4.444444,4.555555,2.611111,0.962962,3.888888,4.592592,3.092592,3.222222,3.759259,4.388888,4.425925,4.203703,3.87037,4.388888,Yes
177411,No,40f8f350,USIE,Part Time,4.66,4.356,No,1,V77610,001,USIE,Elective,No,Masters1,2023,Fall,20233,2023-24,1.5,50.0,,,13.0,13.0,0.0,0.0,0.0,0.0,55.0,0.0,No,Building1,"M,F",09:00:00,3.25,3.0,4.272727,4.636363,4.545454,3.090909,1.272727,4.090909,4.636363,3.363636,3.818181,4.090909,4.363636,4.545454,4.181818,3.90909,4.545454,Yes
177412,No,485b44df,VUFA,Full Time,4.4696,4.124,No,1,B55819,002,WIRK,Core,No,Masters1,2023,Fall,20233,2023-24,1.5,74.0,,,68.0,68.0,0.0,0.0,0.0,0.0,76.4700012207031,0.0,No,Building1,"T,R",10:50:00,1.5,36.0,3.596153,4.403846,4.326923,2.865384,1.01923,4.096153,4.461538,2.961538,3.038461,3.903846,4.115384,4.326923,4.096153,3.673076,4.403846,Yes
177413,No,3ec30635,VUFA,Full Time,4.0345,3.76,No,1,B55819,003,WIRK,Core,No,Masters1,2023,Fall,20233,2023-24,1.5,74.0,,,66.0,66.0,0.0,0.0,0.0,0.0,96.9700012207031,0.0,No,Building1,"T,R",10:50:00,1.5,36.0,3.71875,4.390625,4.28125,2.703125,0.921875,3.640625,3.90625,2.625,2.71875,3.671875,4.0625,3.875,3.6875,3.5625,4.328125,Yes
177414,No,485b44df,VUFA,Full Time,4.0481,3.9283,No,1,B55819,004,WIRK,Core,No,Masters1,2023,Fall,20233,2023-24,1.5,74.0,,,66.0,66.0,0.0,0.0,0.0,0.0,90.9100036621094,0.0,No,Building1,"T,R",09:00:00,1.5,36.0,3.733333,4.183333,4.466666,2.816666,0.933333,3.85,3.983333,3.016666,3.083333,3.916666,4.133333,4.216666,3.983333,3.783333,4.25,Yes
177415,No,0c45289c,AFQO,,4.957,4.913,No,1,Y45673,100,KAFN,Elective,No,Masters2,2023,Fall,20233,2023-24,3.0,60.0,,,25.0,0.0,25.0,0.0,0.0,0.0,92.0,0.0,No,Building2,"M,T,W,R,U",09:00:00,8.0,3.0,4.565217,4.73913,4.652173,2.652173,1.0,4.913043,4.956521,3.391304,4.043478,4.434782,4.217391,4.565217,4.695652,4.260869,4.869565,Yes
177416,No,44b57473,VUFA,,4.298,4.1846,No,1,B55819,005,WIRK,Core,No,Masters1,2023,Fall,20233,2023-24,1.5,74.0,,,69.0,69.0,0.0,0.0,0.0,0.0,78.2600021362305,0.0,No,Building1,"T,R",14:20:00,1.5,36.0,4.018518,4.666666,4.37037,2.87037,0.962962,4.092592,4.185185,3.074074,3.592592,3.981481,4.203703,4.277777,4.074074,3.759259,4.5,Yes
177417,No,5df4a6f8,VUFA,Full Time,4.067,3.753,No,1,H10045,100,KAFN,Elective,No,Masters2,2023,Fall,20233,2023-24,3.0,120.0,,,38.0,0.0,38.0,0.0,0.0,0.0,94.7399978637695,1.0,No,off-campus,"T,W,R,F,S",09:00:00,8.0,1.0,3.777777,4.555555,4.305555,3.0,1.0,3.611111,3.75,3.416666,3.527777,3.777777,4.111111,4.138888,4.0,3.305555,3.916666,No
177418,No,3ec30635,VUFA,Full Time,4.1846,3.9263,No,1,B55819,006,WIRK,Core,No,Masters1,2023,Fall,20233,2023-24,1.5,74.0,,,62.0,61.0,0.0,0.0,0.0,1.0,67.7399978637695,0.0,No,Building1,"T,R",09:00:00,1.5,36.0,3.904761,4.214285,4.261904,2.809523,0.97619,3.714285,4.047619,2.761904,2.714285,3.642857,4.023809,3.928571,3.642857,3.571428,4.095238,Yes
177419,No,84c35cd5,CGCH,,4.877778,4.908108,No,1,Z30890,001,SBFH,Core,No,Masters2,2023,Fall,20233,2023-24,3.0,72.0,,,43.0,0.0,43.0,0.0,0.0,0.0,88.370002746582,0.0,No,Building1,"F, S",08:30:00,10.25,15.0,4.473684,4.815789,4.736842,2.789473,0.973684,4.894736,4.736842,3.763157,3.236842,4.605263,4.736842,4.894736,4.789473,4.368421,4.894736,Yes
177420,Yes,5f0ef1f7,VUFA,Part Time,4.9206,4.6033,No,1,B55819,007,WIRK,Core,No,Masters1,2023,Fall,20233,2023-24,1.5,74.0,,,68.0,68.0,0.0,0.0,0.0,0.0,94.120002746582,0.0,No,Building1,"T,R",14:20:00,1.5,36.0,4.171875,4.90625,4.671875,2.765625,0.984375,4.578125,4.84375,3.21875,3.3125,4.390625,4.765625,4.828125,4.5,4.65625,4.84375,Yes
177421,No,ddf5f614,ZQOR,Full Time,4.80625,4.82268,No,1,J02280,100,KAFN,Elective,No,Masters2,2023,Fall,20233,2023-24,3.0,100.0,,,105.0,0.0,105.0,0.0,0.0,0.0,94.3399963378906,0.0,No,off-campus,"T,W,R,F,S",09:00:00,8.0,14.0,4.33,4.68,4.68,2.53,1.01,4.79,4.76,2.74,3.28,4.49,4.28,4.31,4.4,3.46,4.58,Yes
177422,No,84c35cd5,CGCH,,4.947369,4.918919,No,1,Z30890,002,SBFH,Core,No,Masters2,2023,Fall,20233,2023-24,3.0,72.0,,,43.0,0.0,43.0,0.0,0.0,0.0,86.3600006103516,0.0,No,Building1,"F, S",08:30:00,10.25,15.0,4.657894,4.815789,4.605263,2.552631,0.973684,4.789473,4.947368,3.947368,3.315789,4.552631,4.789473,4.868421,4.68421,4.578947,4.657894,Yes
177423,No,37d16a3b,KFZN,Full Time,4.849,4.613,No,1,L23345,002,KAFN,Elective,Yes,Masters1,2023,Fall,20233,2023-24,1.5,74.0,,,74.0,69.0,3.0,0.0,0.0,2.0,90.5400009155273,46.0,No,Building2,T,14:20:00,3.25,,4.134328,4.865671,4.656716,3.02985,1.0,4.447761,4.83582,2.865671,3.149253,4.014925,4.552238,4.80597,4.626865,4.0,4.626865,Yes
177424,No,44b57473,VUFA,,4.7333,4.2889,No,1,B55819,008,WIRK,Core,No,Masters1,2023,Fall,20233,2023-24,1.5,74.0,,,65.0,65.0,0.0,0.0,0.0,0.0,84.620002746582,0.0,No,Building1,"T,R",10:50:00,1.5,36.0,4.036363,4.472727,4.436363,3.145454,0.945454,4.272727,4.727272,3.254545,3.30909,4.127272,4.490909,4.672727,4.472727,3.818181,4.672727,Yes
177425,No,d7fc3c95,CGCH,Full Time,4.73,4.6421,No,1,Z30890,300,SBFH,Core,No,Masters2,2023,Fall,20233,2023-24,3.0,50.0,,,34.0,0.0,34.0,0.0,0.0,0.0,61.7599983215332,0.0,No,Building2,"M, T, R, F, S",08:30:00,11.0,15.0,4.190476,4.380952,4.380952,2.619047,1.0,4.523809,4.619047,3.47619,3.714285,4.0,4.190476,4.47619,4.333333,4.095238,4.333333,Yes
177426,No,37d16a3b,KFZN,Full Time,4.881,4.757,No,1,L23345,003,KAFN,Elective,Yes,Masters1,2023,Fall,20233,2023-24,1.5,74.0,,,74.0,73.0,1.0,0.0,0.0,0.0,90.5400009155273,77.0,No,Building2,W,14:20:00,3.25,,4.179104,4.865671,4.626865,3.02985,1.0,4.746268,4.880597,3.02985,3.194029,4.298507,4.746268,4.80597,4.731343,3.970149,4.671641,Yes
177427,No,3ec30635,VUFA,Full Time,3.9273,3.5223,No,1,B55819,009,WIRK,Core,No,Masters1,2023,Fall,20233,2023-24,1.5,74.0,,,64.0,64.0,0.0,0.0,0.0,0.0,60.939998626709,0.0,No,Building1,"T,R",14:20:00,1.5,36.0,3.615384,4.179487,4.51282,2.717948,0.948717,3.333333,3.743589,2.820512,2.692307,3.564102,3.846153,3.871794,3.641025,3.564102,4.410256,Yes
177428,No,49ab097e,CGCH,Full Time,4.877,4.617,No,1,H14240,001,SBFH,Core,No,Masters1,2023,Fall,20233,2023-24,1.5,74.0,,,70.0,70.0,0.0,0.0,0.0,0.0,92.8600006103516,0.0,No,Building1,"T,R",10:50:00,1.5,13.0,4.16923,4.723076,4.630769,3.184615,0.96923,4.538461,4.876923,2.984615,3.015384,4.0,4.56923,4.784615,4.476923,3.938461,4.815384,Yes
177429,No,e42cecc9,VUFA,Full Time,4.5677,4.52,No,1,Z05606,100,WIRK,Elective,No,Masters2,2023,Fall,20233,2023-24,3.0,66.0,,,38.0,0.0,38.0,0.0,0.0,0.0,74.4199981689453,0.0,No,Building2,"M,T,W,R,U",09:00:00,8.0,9.0,4.375,4.65625,4.53125,2.9375,1.0,4.375,4.5625,3.96875,4.125,4.4375,4.40625,4.53125,4.625,3.78125,4.625,Yes
177430,No,49ab097e,CGCH,Full Time,4.835,4.6,No,1,H14240,002,SBFH,Core,No,Masters1,2023,Fall,20233,2023-24,1.5,74.0,,,69.0,69.0,0.0,0.0,0.0,0.0,94.1999969482422,0.0,No,Building1,"T,R",09:00:00,1.5,13.0,3.876923,4.846153,4.738461,2.923076,0.953846,4.523076,4.753846,3.061538,3.092307,4.276923,4.4,4.615384,4.661538,3.938461,4.692307,Yes
177431,No,3c5eb40f,VUFA,,4.544445,4.4,No,1,K88082,001,WIRK,Elective,No,Masters2,2023,Fall,20233,2023-24,3.0,74.0,,,17.0,1.0,14.0,2.0,0.0,0.0,100.0,0.0,No,Building1,S,08:30:00,10.25,2.0,4.142857,4.714285,4.761904,2.619047,1.142857,4.142857,4.523809,3.523809,3.571428,4.333333,4.190476,4.285714,4.190476,3.95238,4.523809,Yes
177433,No,a6f6de6a,CGCH,Full Time,4.873,4.671,No,1,H14240,003,SBFH,Core,No,Masters1,2023,Fall,20233,2023-24,1.5,74.0,,,67.0,67.0,0.0,0.0,0.0,0.0,95.5199966430664,0.0,No,Building1,"T,R",14:20:00,1.5,13.0,4.28125,4.890625,4.75,3.046875,0.921875,4.59375,4.796875,3.171875,3.375,4.390625,4.609375,4.78125,4.59375,4.203125,4.75,Yes
177434,No,31b76844,VUFA,Part Time,4.432,4.4154,No,1,O56343,001,WIRK,Elective,No,Masters2,2023,Fall,20233,2023-24,3.0,74.0,,,31.0,2.0,25.0,4.0,0.0,0.0,78.379997253418,0.0,No,Building1,S,08:30:00,10.25,6.0,4.206896,4.517241,4.689655,3.586206,1.068965,4.413793,4.241379,3.551724,3.37931,4.034482,4.37931,4.482758,4.344827,4.034482,4.551724,Yes
177435,No,49ab097e,CGCH,Full Time,4.892,4.754,No,1,H14240,004,SBFH,Core,No,Masters1,2023,Fall,20233,2023-24,1.5,74.0,,,70.0,70.0,0.0,0.0,0.0,0.0,94.2900009155273,0.0,No,Building1,"T,R",14:20:00,1.5,13.0,4.348484,4.893939,4.893939,3.166666,0.969696,4.681818,4.818181,3.151515,3.196969,4.30303,4.60606,4.727272,4.712121,4.257575,4.636363,Yes
177436,No,6f1f2473,VUFA,Full Time,2.6152,3.075,Yes,2,R76647,001A,WIRK,Elective,No,Masters2,2023,Fall,20233,2023-24,3.0,25.0,,,9.0,2.0,7.0,0.0,0.0,0.0,100.0,0.0,No,Building1,S,08:30:00,10.25,3.0,3.545454,3.818181,3.181818,3.272727,1.181818,3.0,2.045454,2.454545,2.545454,2.727272,3.272727,3.181818,3.0,3.363636,3.636363,No
177437,No,d7aa90c3,VUFA,Part Time,4.5412,4.0889,Yes,2,P41936,001,WIRK,Elective,No,Masters1,2023,Fall,20233,2023-24,1.5,74.0,,,52.0,32.0,3.0,0.0,0.0,17.0,73.0800018310547,0.0,Yes,Building2,R,18:00:00,3.25,1.0,4.052631,4.631578,4.657894,3.68421,1.263157,4.052631,4.394736,3.263157,3.210526,3.894736,4.631578,4.578947,4.552631,4.605263,4.68421,Yes
177437,No,393e8c68,VUFA,Part Time,4.4345,4.0889,Yes,2,P41936,001A,WIRK,Elective,No,Masters1,2023,Fall,20233,2023-24,1.5,74.0,,,52.0,32.0,3.0,0.0,0.0,17.0,73.0800018310547,0.0,Yes,Building2,R,18:00:00,3.25,1.0,4.052631,4.631578,4.657894,3.68421,1.263157,4.052631,4.394736,3.263157,3.210526,3.894736,4.631578,4.578947,4.552631,4.605263,4.68421,No
177438,No,49ab097e,CGCH,Full Time,4.862,4.745,No,1,H14240,005,SBFH,Core,No,Masters1,2023,Fall,20233,2023-24,1.5,74.0,,,70.0,70.0,0.0,0.0,0.0,0.0,91.4300003051758,0.0,No,Building1,"T,R",16:10:00,1.5,13.0,4.3125,4.65625,4.8125,2.734375,0.984375,4.71875,4.703125,3.171875,3.25,4.28125,4.609375,4.671875,4.703125,4.203125,4.8125,Yes
177439,No,d5ff7468,CGCH,Part Time,3.168,3.842,No,1,H14240,006,SBFH,Core,No,Masters1,2023,Fall,20233,2023-24,1.5,74.0,,,70.0,61.0,0.0,0.0,0.0,9.0,87.1399993896484,0.0,No,Building1,"T,R",10:50:00,1.5,13.0,3.983606,4.032786,4.360655,2.606557,1.065573,3.672131,3.131147,3.14754,3.655737,3.639344,3.278688,2.819672,3.229508,3.278688,4.065573,Yes
177440,No,29b1df10,VUFA,Part Time,4.04,4.04,No,1,Y05579,001,WIRK,Elective,No,Masters1,2023,Fall,20233,2023-24,1.5,74.0,,,10.0,6.0,1.0,0.0,0.0,3.0,46.6699981689453,0.0,No,Building2,R,18:00:00,3.25,2.0,3.857142,4.285714,4.285714,3.285714,1.428571,3.714285,3.857142,3.0,2.714285,3.857142,4.0,4.428571,4.142857,3.0,4.571428,Yes
177441,No,a6f6de6a,CGCH,Full Time,4.696,4.66,No,1,H14240,007,SBFH,Core,No,Masters1,2023,Fall,20233,2023-24,1.5,74.0,,,70.0,70.0,0.0,0.0,0.0,0.0,98.5699996948242,0.0,No,Building1,"T,R",09:00:00,1.5,13.0,4.130434,4.681159,4.710144,2.826086,1.0,4.637681,4.623188,2.942028,3.130434,4.144927,4.594202,4.608695,4.420289,3.73913,4.681159,Yes
177442,No,c5fc3880,VUFA,Part Time,4.2894,4.1571,Yes,2,Z49998,001,WIRK,Elective,No,Masters1,2023,Fall,20233,2023-24,1.5,60.0,,,45.0,43.0,2.0,0.0,0.0,0.0,95.5599975585938,17.0,Yes,Building2,R,14:20:00,3.25,6.0,3.976744,4.697674,4.674418,3.627906,0.953488,4.139534,4.279069,3.302325,3.046511,4.16279,4.581395,4.674418,4.581395,4.627906,4.627906,Yes
177442,No,66547dc9,VUFA,Part Time,4.5632,4.1571,Yes,2,Z49998,001A,WIRK,Elective,No,Masters1,2023,Fall,20233,2023-24,1.5,60.0,,,45.0,43.0,2.0,0.0,0.0,0.0,95.5599975585938,17.0,Yes,Building2,R,14:20:00,3.25,6.0,3.976744,4.697674,4.674418,3.627906,0.953488,4.139534,4.279069,3.302325,3.046511,4.16279,4.581395,4.674418,4.581395,4.627906,4.627906,No
177443,No,a6f6de6a,CGCH,Full Time,4.698,4.58,No,1,H14240,008,SBFH,Core,No,Masters1,2023,Fall,20233,2023-24,1.5,74.0,,,71.0,71.0,0.0,0.0,0.0,0.0,87.3199996948242,0.0,No,Building1,"T,R",16:10:00,1.5,13.0,4.241935,4.741935,4.596774,2.870967,0.967741,4.467741,4.532258,3.258064,3.532258,4.16129,4.338709,4.532258,4.451612,4.0,4.596774,Yes
177444,No,a6f6de6a,CGCH,Full Time,4.737,4.584,No,1,H14240,009,SBFH,Core,No,Masters1,2023,Fall,20233,2023-24,1.5,74.0,,,68.0,68.0,0.0,0.0,0.0,0.0,91.1800003051758,0.0,No,Building1,"T,R",10:50:00,1.5,13.0,4.274193,4.806451,4.774193,3.016129,1.0,4.580645,4.725806,3.032258,3.387096,4.241935,4.548387,4.629032,4.5,4.112903,4.645161,Yes
177445,No,132c085c,VUFA,Part Time,4.7556,4.8421,No,1,F94903,001,WIRK,Elective,No,Masters1,2023,Fall,20233,2023-24,1.5,30.0,,,23.0,23.0,0.0,0.0,0.0,0.0,82.6100006103516,34.0,No,Building1,R,14:20:00,3.25,4.0,4.68421,4.789473,4.789473,4.0,1.0,4.842105,4.736842,3.578947,3.473684,4.631578,4.631578,4.68421,4.631578,4.842105,4.789473,Yes
177446,No,43f47120,CGCH,Full Time,4.3864,4.2182,No,1,M03972,002,SBFH,Core,No,Masters1,2023,Fall,20233,2023-24,1.5,74.0,Prerequisites,,68.0,68.0,0.0,0.0,0.0,0.0,66.1800003051758,0.0,No,Building1,"T,R",09:00:00,1.5,13.0,3.888888,4.488888,4.533333,2.977777,1.0,4.2,4.288888,3.2,3.2,4.066666,4.266666,4.466666,4.288888,3.755555,4.422222,Yes
177447,No,2f471e27,VUFA,Part Time,4.416,4.0189,No,1,O79370,001,WIRK,Elective,No,Masters1,2023,Fall,20233,2023-24,1.5,74.0,,,68.0,51.0,6.0,0.0,0.0,11.0,88.0599975585938,12.0,No,Building1,M,14:20:00,3.25,6.0,4.033898,4.440677,4.644067,3.220338,1.016949,3.898305,4.305084,2.169491,2.898305,3.915254,4.338983,4.474576,4.067796,3.677966,4.59322,No
177448,No,e42cecc9,VUFA,Full Time,4.4513,4.2878,No,1,T37978,002,WIRK,Elective,No,Masters1,2023,Fall,20233,2023-24,3.0,50.0,,,57.0,32.0,0.0,2.0,0.0,23.0,78.9499969482422,0.0,No,Building1,"M,F",14:20:00,3.25,11.0,4.244444,4.688888,4.666666,3.488888,1.333333,4.133333,4.377777,3.555555,3.222222,4.111111,4.555555,4.511111,4.444444,4.422222,4.6,Yes
177449,No,e42cecc9,VUFA,Full Time,4.3905,4.09,No,1,T37978,003,WIRK,Elective,No,Masters1,2023,Fall,20233,2023-24,3.0,50.0,,,28.0,18.0,4.0,0.0,0.0,6.0,76.6699981689453,0.0,No,Building1,"M,F",18:00:00,3.0,11.0,4.043478,4.521739,4.434782,3.0,1.217391,3.956521,4.304347,3.608695,3.217391,3.956521,4.260869,4.217391,4.347826,3.869565,4.434782,Yes
177450,No,e5f50cbb,VUFA,Part Time,4.709,4.227,No,1,Q25184,001,WIRK,Elective,No,Masters1,2023,Fall,20233,2023-24,1.5,74.0,,,63.0,59.0,4.0,0.0,0.0,0.0,74.5999984741211,10.0,No,Building1,W,18:00:00,3.25,6.0,3.93617,4.80851,4.702127,2.893617,1.0,4.170212,4.659574,2.93617,3.042553,4.0,4.595744,4.765957,4.638297,3.978723,4.829787,Yes
177451,No,e5f50cbb,VUFA,Part Time,4.6255,4.1439,No,1,Q25184,002,WIRK,Elective,No,Masters1,2023,Fall,20233,2023-24,1.5,74.0,,,63.0,51.0,6.0,2.0,0.0,4.0,90.7699966430664,0.0,No,Building1,W,18:00:00,3.25,6.0,3.79661,4.661016,4.372881,2.694915,1.033898,4.084745,4.542372,2.542372,2.79661,3.813559,4.305084,4.542372,4.440677,3.813559,4.559322,Yes
177452,No,8c5e8a1c,VUFA,Part Time,4.605,4.43,No,1,V25058,001,WIRK,Elective,No,Masters1,2023,Fall,20233,2023-24,1.5,50.0,,,47.0,41.0,6.0,0.0,0.0,0.0,89.3600006103516,24.0,No,Building1,T,09:00:00,3.25,6.0,4.095238,4.738095,4.714285,3.261904,0.95238,4.428571,4.595238,3.523809,3.428571,4.380952,4.357142,4.571428,4.428571,4.166666,4.690476,Yes
177453,No,3c5eb40f,VUFA,,4.6435,4.704,No,1,B47508,001,WIRK,Elective,No,Masters1,2023,Fall,20233,2023-24,3.0,32.0,Prerequisites,,29.0,29.0,0.0,0.0,0.0,0.0,84.379997253418,6.0,No,Building1,"T,R",14:20:00,1.5,2.0,4.296296,4.666666,4.666666,3.296296,1.074074,4.518518,4.37037,3.851851,3.37037,4.629629,4.555555,4.407407,4.592592,4.666666,4.629629,Yes
177454,No,3c5eb40f,VUFA,,4.6167,4.3297,No,1,U93849,001,WIRK,Elective,No,MSPHD,2023,Fall,20233,2023-24,3.0,74.0,,,34.0,34.0,0.0,0.0,0.0,0.0,69.6399993896484,3.0,No,Building1,"T,R",16:10:00,1.5,7.0,3.923076,4.435897,4.282051,2.820512,1.307692,4.282051,4.487179,3.0,2.974358,4.179487,4.410256,4.589743,4.333333,4.333333,4.615384,Yes
177455,No,8edbeac8,XLGG,Full Time,3.844,4.365,Yes,2,A20546,001,WIRK,Elective,No,Masters1,2023,Fall,20233,2023-24,1.5,72.0,,,66.0,64.0,2.0,0.0,0.0,0.0,95.4499969482422,11.0,Yes,Building1,"M,F",18:00:00,3.25,3.0,4.15873,4.555555,4.492063,3.031746,0.968253,4.349206,4.150793,2.95238,3.222222,3.920634,4.269841,4.444444,4.238095,3.619047,4.47619,Yes
177455,No,bed509ec,VUFA,,4.737,4.365,Yes,2,A20546,001A,WIRK,Elective,No,Masters1,2023,Fall,20233,2023-24,1.5,72.0,,,66.0,64.0,2.0,0.0,0.0,0.0,95.4499969482422,11.0,Yes,Building1,"M,F",18:00:00,3.25,3.0,4.15873,4.555555,4.492063,3.031746,0.968253,4.349206,4.150793,2.95238,3.222222,3.920634,4.269841,4.444444,4.238095,3.619047,4.47619,No
177456,No,8c5e8a1c,VUFA,Part Time,4.484,4.314,No,1,B20457,001,WIRK,Elective,No,Masters1,2023,Fall,20233,2023-24,1.5,50.0,,,50.0,50.0,0.0,0.0,0.0,0.0,88.0,40.0,No,Building1,"M,F",09:00:00,3.25,6.0,4.045454,4.886363,4.204545,2.954545,1.0,4.272727,4.204545,3.181818,3.5,4.25,4.431818,4.522727,4.522727,3.977272,4.636363,Yes
177457,No,efee091f,VUFA,Part Time,4.4,4.614,No,1,M15228,001,WIRK,Elective,No,Masters1,2023,Fall,20233,2023-24,3.0,24.0,,,24.0,24.0,0.0,0.0,0.0,0.0,62.5,3.0,No,Building2,"T,R",14:20:00,3.25,2.0,4.466666,4.666666,3.866666,3.133333,1.0,4.6,4.333333,4.8,4.266666,4.6,4.066666,4.333333,4.2,4.466666,4.466666,Yes
177458,No,0c7ae29a,VUFA,Full Time,3.025,3.3005,No,1,T73232,001,WIRK,Elective,No,Masters1,2023,Fall,20233,2023-24,3.0,50.0,,,46.0,46.0,0.0,0.0,0.0,0.0,86.9599990844727,0.0,No,Building2,W,14:20:00,3.25,6.0,3.825,3.775,4.2,2.95,0.975,3.225,3.075,3.525,2.925,3.2,3.075,3.225,3.05,2.9,3.175,Yes
177459,No,90429b0e,VUFA,Part Time,4.3522,4.2083,No,1,D87732,001,WIRK,Elective,No,Masters1,2023,Fall,20233,2023-24,3.0,74.0,,,64.0,44.0,2.0,2.0,0.0,16.0,75.0,0.0,No,Building1,"M,F",18:00:00,3.25,3.0,4.270833,4.416666,4.354166,3.520833,1.229166,4.208333,4.3125,3.208333,2.9375,4.166666,4.208333,4.416666,4.291666,4.3125,4.354166,Yes
177462,No,fc587e86,VUFA,Part Time,4.3733,4.1864,No,1,S54133,001,WIRK,Elective,No,Masters1,2023,Fall,20233,2023-24,1.5,74.0,,,71.0,64.0,7.0,0.0,0.0,0.0,90.1399993896484,37.0,No,Building1,M,18:00:00,3.25,3.0,4.0625,4.546875,4.5,3.328125,0.953125,4.109375,4.265625,2.625,2.984375,3.796875,3.875,4.078125,3.765625,3.390625,3.953125,Yes
177466,No,d46569f3,VUFA,Part Time,4.285,4.223,No,1,X51899,001,WIRK,Elective,No,Masters1,2023,Fall,20233,2023-24,1.5,74.0,,,58.0,35.0,6.0,0.0,0.0,17.0,66.6699981689453,1.0,No,Building1,W,18:00:00,3.25,2.0,3.842105,4.5,4.5,3.026315,1.210526,4.131578,4.052631,2.789473,3.289473,3.631578,3.763157,3.842105,3.842105,3.736842,4.0,Yes
177470,No,a492d1b1,VUFA,,4.374,4.252,No,1,O36664,001,WIRK,Elective,No,Masters1,2023,Fall,20233,2023-24,1.5,74.0,,,65.0,60.0,1.0,0.0,0.0,4.0,76.1900024414063,21.0,No,Building1,"R,F",09:00:00,5.25,2.0,4.104166,4.729166,4.5,3.1875,0.958333,4.145833,4.3125,2.458333,3.104166,4.0625,4.208333,4.479166,4.3125,3.520833,4.4375,No
177521,Yes,4f87fd73,NZJO,Full Time,3.6007,3.6767,No,1,D09899,003,TRXC,Core,No,Masters1,2023,Fall,20233,2023-24,1.5,74.0,,,70.0,70.0,0.0,0.0,0.0,0.0,95.7099990844727,0.0,No,Building1,"M,W",14:20:00,1.5,36.0,3.597014,4.119402,4.283582,2.791044,1.0,3.582089,3.567164,2.910447,3.253731,3.358208,3.373134,3.746268,3.432835,2.955223,3.80597,Yes
177522,No,1077395b,NZJO,Full Time,4.8152,4.5,No,1,D09899,004,TRXC,Core,No,Masters1,2023,Fall,20233,2023-24,1.5,74.0,,,72.0,72.0,0.0,0.0,0.0,0.0,95.8300018310547,0.0,No,Building1,"M,W",10:50:00,1.5,36.0,4.043478,4.869565,4.782608,2.826086,1.0,4.492753,4.797101,2.971014,3.637681,4.144927,4.246376,4.492753,4.31884,3.391304,4.753623,Yes
177523,Yes,4f87fd73,NZJO,Full Time,3.6483,3.2792,No,1,D09899,007,TRXC,Core,No,Masters1,2023,Fall,20233,2023-24,1.5,74.0,,,72.0,72.0,0.0,0.0,0.0,0.0,91.6699981689453,0.0,No,Building1,"M,W",16:10:00,1.5,36.0,3.469696,4.272727,4.181818,2.60606,0.954545,3.212121,3.515151,2.90909,3.075757,3.045454,3.424242,3.651515,3.151515,2.712121,3.848484,Yes
177538,No,11a4baed,KFZN,,3.3379,3.7462,No,1,L23345,001,KAFN,Elective,Yes,Masters1,2023,Fall,20233,2023-24,1.5,74.0,,,71.0,66.0,5.0,0.0,0.0,0.0,86.9599990844727,29.0,No,Building2,M,09:00:00,3.25,,3.716666,4.333333,4.4,2.833333,0.983333,3.666666,3.283333,2.816666,3.25,3.35,3.466666,3.383333,3.666666,3.533333,3.933333,Yes
177580,No,440cea27,QAHF,Full Time,4.7793,4.7571,No,1,J76973,001,QAHF,Elective,No,MSPHD,2023,Fall,20233,2023-24,3.0,74.0,,,37.0,0.0,0.0,34.0,3.0,0.0,81.0800018310547,0.0,No,Building2,"M,F",14:20:00,3.25,3.0,3.966666,4.5,4.6,3.766666,0.933333,4.633333,4.7,2.833333,3.4,4.5,4.566666,4.766666,4.566666,4.433333,4.566666,Yes
177581,No,daa21d45,QAHF,Full Time,5.0,5.0,No,1,N61321,001,QAHF,Elective,No,MSPHD,2023,Fall,20233,2023-24,3.0,25.0,,,7.0,0.0,0.0,2.0,5.0,0.0,37.5,0.0,No,Building2,T,14:20:00,3.25,1.0,5.0,5.0,5.0,5.0,1.0,3.333333,3.333333,3.333333,3.0,4.666666,5.0,5.0,4.666666,5.0,5.0,No
177585,No,cdc4c1dd,NZJO,Part Time,4.8182,4.7273,No,1,W95851,001,TRXC,Elective,Yes,Masters2,2023,Fall,20233,2023-24,1.5,50.0,,,12.0,1.0,11.0,0.0,0.0,0.0,91.6699981689453,0.0,No,Building1,S,08:30:00,10.25,,4.545454,4.90909,4.545454,3.545454,0.90909,4.727272,4.818181,3.454545,4.181818,4.636363,4.181818,4.545454,4.272727,4.363636,4.636363,Yes
177589,No,f499bf33,USIE,Full Time,4.92,4.56,No,1,Z82144,001,USIE,Core,Yes,Masters1,2023,Fall,20233,2023-24,3.0,50.0,,,27.0,27.0,0.0,0.0,0.0,0.0,92.5899963378906,0.0,No,Building2,W,14:20:00,3.25,,4.16,4.84,4.72,3.12,1.0,4.56,4.92,2.96,3.8,4.44,4.32,4.76,4.0,3.48,4.8,Yes
177591,No,35ff4b79,USIE,,4.7231,4.5692,No,1,K89238,061,USIE,Elective,No,Masters1,2023,Fall,20233,2023-24,3.0,74.0,,Corequisite,48.0,11.0,0.0,0.0,0.0,37.0,61.2200012207031,0.0,No,Building2,R,09:00:00,3.25,12.0,4.3,4.666666,4.633333,3.466666,1.666666,4.233333,4.4,3.233333,2.866666,4.4,4.733333,4.633333,4.666666,4.266666,4.633333,Yes
177592,No,5ae198be,VUFA,Full Time,4.1455,3.8087,No,1,Q98409,001,USIE,Elective,No,MSPHD,2023,Fall,20233,2023-24,3.0,50.0,,,31.0,0.0,0.0,26.0,5.0,0.0,77.4199981689453,0.0,No,Building2,"T,R",18:00:00,1.5,10.0,4.166666,4.625,4.583333,2.708333,0.916666,3.791666,4.083333,4.125,3.75,3.416666,3.791666,3.791666,3.833333,3.458333,4.208333,Yes
177593,No,f126b8e1,USIE,Full Time,4.6105,4.4,No,1,W85607,001,USIE,Elective,No,MSPHD,2023,Fall,20233,2023-24,3.0,25.0,,,19.0,0.0,0.0,15.0,4.0,0.0,76.9199981689453,1.0,No,Building1,R,14:20:00,3.25,3.0,4.5,4.7,4.7,3.15,1.15,4.35,4.6,4.6,4.6,4.0,4.1,4.3,4.1,4.15,4.3,Yes
177594,No,449f7285,USIE,Full Time,4.95,4.75,No,1,U37940,001,USIE,Elective,No,MSPHD,2023,Fall,20233,2023-24,3.0,25.0,,,15.0,0.0,0.0,6.0,9.0,0.0,68.9700012207031,0.0,No,Building1,R,09:00:00,3.25,1.0,4.25,4.95,4.7,3.4,1.4,4.75,4.95,2.95,3.15,3.8,4.4,4.65,4.2,3.75,4.0,Yes
177595,No,e2e2ef67,USIE,Part Time,4.125,4.0158,No,1,I27562,001,USIE,Elective,No,MSPHD,2023,Fall,20233,2023-24,3.0,74.0,,,72.0,0.0,0.0,47.0,3.0,22.0,62.5,0.0,No,Building2,W,14:20:00,3.25,3.0,3.822222,4.133333,4.333333,3.533333,1.066666,3.8,3.977777,3.422222,3.644444,3.555555,3.911111,3.911111,3.933333,3.644444,3.844444,Yes
177597,No,2c7bac1c,ZQOR,Full Time,4.8,4.9,No,1,E54360,001,IGFY,Elective,No,MSPHD,2023,Fall,20233,2023-24,3.0,25.0,,,8.0,0.0,0.0,0.0,8.0,0.0,100.0,0.0,No,Building1,T,09:00:00,3.25,2.0,4.363636,4.90909,4.454545,2.818181,1.181818,4.454545,4.363636,3.181818,3.181818,4.636363,4.545454,4.545454,4.727272,4.363636,4.636363,No
177598,No,254659ca,VUFA,Full Time,4.5,4.5,No,1,O09261,001,IGFY,Elective,No,MSPHD,2023,Fall,20233,2023-24,1.5,12.0,,,5.0,0.0,0.0,0.0,5.0,0.0,40.0,0.0,No,Building1,"M,F",14:20:00,3.25,3.0,4.5,5.0,5.0,1.5,1.0,4.5,4.5,5.0,4.5,2.5,4.5,4.5,4.5,4.5,4.5,No
177599,No,31ce692e,ZQOR,Full Time,5.0,4.6667,No,1,Y86605,001,IGFY,Elective,No,MSPHD,2023,Fall,20233,2023-24,1.5,12.0,,,5.0,0.0,0.0,0.0,5.0,0.0,50.0,0.0,No,Building2,W,18:00:00,3.0,2.0,3.666666,5.0,5.0,3.333333,1.333333,4.666666,3.333333,3.333333,3.666666,4.666666,5.0,5.0,5.0,4.333333,3.333333,Yes
177600,Yes,26f46dca,VUFA,Full Time,3.1904,3.6937855,No,1,R22062,001,WIRK,Core,No,Masters2,2023,Fall,20233,2023-24,3.0,72.0,,,45.0,0.0,45.0,0.0,0.0,0.0,78.885,0.0,Yes,Building1,"F, S",08:30:00,10.25,15.0,3.661971,4.309859,4.492957,2.507042,1.0,3.535211,1.823943,2.788732,2.661971,3.422535,3.732394,3.788732,3.647887,3.450704,4.098591,Yes
177600,No,3ec30635,VUFA,Full Time,4.496,3.6937855,No,1,R22062,001,WIRK,Core,No,Masters2,2023,Fall,20233,2023-24,3.0,72.0,,,45.0,0.0,45.0,0.0,0.0,0.0,78.885,0.0,Yes,Building1,"F, S",08:30:00,10.25,15.0,3.661971,4.309859,4.492957,2.507042,1.0,3.535211,1.823943,2.788732,2.661971,3.422535,3.732394,3.788732,3.647887,3.450704,4.098591,Yes
177601,Yes,26f46dca,VUFA,Full Time,3.6807,4.1129795,No,1,R22062,002,WIRK,Core,No,Masters2,2023,Fall,20233,2023-24,3.0,72.0,,,44.0,0.0,44.0,0.0,0.0,0.0,73.235,0.0,Yes,Building1,"F, S",08:30:00,10.25,15.0,4.107692,4.16923,4.215384,2.476923,1.0,3.938461,1.984615,3.092307,3.107692,3.723076,3.830769,3.861538,3.692307,3.56923,4.123076,Yes
177601,Yes,26f46dca,VUFA,Full Time,3.6807,4.1129795,No,1,R22062,002,WIRK,Core,No,Masters2,2023,Fall,20233,2023-24,3.0,72.0,,,44.0,0.0,44.0,0.0,0.0,0.0,73.235,0.0,Yes,Building1,"F, S",08:30:00,10.25,15.0,4.107692,4.16923,4.215384,2.476923,1.0,3.938461,1.984615,3.092307,3.107692,3.723076,3.830769,3.861538,3.692307,3.56923,4.123076,Yes
177601,No,3ec30635,VUFA,Full Time,4.704348,4.1129795,No,1,R22062,002,WIRK,Core,No,Masters2,2023,Fall,20233,2023-24,3.0,72.0,,,44.0,0.0,44.0,0.0,0.0,0.0,73.235,0.0,Yes,Building1,"F, S",08:30:00,10.25,15.0,4.107692,4.16923,4.215384,2.476923,1.0,3.938461,1.984615,3.092307,3.107692,3.723076,3.830769,3.861538,3.692307,3.56923,4.123076,Yes
177601,No,3ec30635,VUFA,Full Time,4.704348,4.1129795,No,1,R22062,002,WIRK,Core,No,Masters2,2023,Fall,20233,2023-24,3.0,72.0,,,44.0,0.0,44.0,0.0,0.0,0.0,73.235,0.0,Yes,Building1,"F, S",08:30:00,10.25,15.0,4.107692,4.16923,4.215384,2.476923,1.0,3.938461,1.984615,3.092307,3.107692,3.723076,3.830769,3.861538,3.692307,3.56923,4.123076,Yes
177602,No,3949797c,VUFA,Full Time,4.4235,4.1579,No,1,O14556,060,WIRK,Elective,No,MSPHD,2023,Fall,20233,2023-24,1.5,35.0,,,26.0,0.0,0.0,26.0,0.0,0.0,73.0800018310547,0.0,No,Building2,"M,W",10:50:00,1.5,3.0,4.578947,4.473684,4.68421,3.315789,1.0,4.157894,4.421052,3.421052,3.473684,4.0,4.105263,4.315789,4.052631,4.157894,4.263157,Yes
177604,No,5bc91029,VUFA,Part Time,4.1854,4.25,Yes,2,U93849,060,WIRK,Elective,No,MSPHD,2023,Fall,20233,2023-24,3.0,74.0,,,36.0,0.0,0.0,9.0,0.0,27.0,57.7799987792969,1.0,Yes,Building1,"M,F",18:00:00,3.25,7.0,4.115384,4.346153,4.461538,3.76923,1.692307,3.923076,4.134615,3.26923,3.115384,3.961538,4.576923,4.615384,4.576923,4.461538,4.538461,Yes
177604,No,12742bc9,VUFA,Part Time,4.2583,4.25,Yes,2,U93849,060A,WIRK,Elective,No,MSPHD,2023,Fall,20233,2023-24,3.0,74.0,,,36.0,0.0,0.0,9.0,0.0,27.0,57.7799987792969,1.0,Yes,Building1,"M,F",18:00:00,3.25,7.0,4.115384,4.346153,4.461538,3.76923,1.692307,3.923076,4.134615,3.26923,3.115384,3.961538,4.576923,4.615384,4.576923,4.461538,4.538461,No
177606,No,3ec30635,VUFA,Full Time,5.0,5.0,No,1,T64761,001,WIRK,Elective,No,MSPHD,2023,Fall,20233,2023-24,3.0,12.0,,,4.0,0.0,0.0,0.0,4.0,0.0,50.0,0.0,No,Building2,T,18:00:00,3.0,1.0,5.0,4.0,3.0,4.0,1.0,5.0,5.0,3.5,3.5,4.5,5.0,5.0,5.0,4.0,4.5,No
177607,No,b8b7c818,VUFA,Full Time,4.8,4.8,No,1,P32608,001,WIRK,Elective,No,MSPHD,2023,Fall,20233,2023-24,3.0,10.0,,,10.0,0.0,0.0,0.0,10.0,0.0,50.0,1.0,No,Building1,T,14:20:00,3.25,2.0,3.4,5.0,5.0,3.8,1.0,4.8,4.8,3.2,3.4,4.6,4.6,4.8,4.8,4.6,4.8,No
177608,No,5925fb69,VUFA,Full Time,4.3893,4.5292,Yes,2,L51490,001,WIRK,Elective,No,MSPHD,2023,Fall,20233,2023-24,3.0,30.0,,,61.0,0.0,0.0,0.0,0.0,61.0,85.25,0.0,No,Building2,"T,R",09:00:00,1.5,9.0,4.192307,4.615384,4.461538,3.384615,1.788461,4.461538,3.25,3.442307,3.442307,4.365384,4.384615,4.403846,4.346153,4.173076,4.461538,Yes
177609,No,5925fb69,VUFA,Full Time,4.6507,4.6367,Yes,2,L51490,002,WIRK,Elective,No,MSPHD,2023,Fall,20233,2023-24,3.0,30.0,,,63.0,0.0,0.0,0.0,0.0,63.0,100.0,7.0,No,Building2,"T,R",10:50:00,1.5,9.0,4.222222,4.587301,4.428571,3.079365,1.761904,4.539682,3.492063,3.492063,3.460317,4.428571,4.222222,4.47619,4.269841,4.126984,4.365079,Yes
177610,No,5925fb69,VUFA,Full Time,4.4035,4.6123,Yes,2,L51490,003,WIRK,Elective,No,MSPHD,2023,Fall,20233,2023-24,3.0,30.0,,,72.0,0.0,0.0,0.0,0.0,72.0,94.4400024414063,4.0,No,Building2,"T,R",14:20:00,1.5,9.0,4.088235,4.75,4.691176,3.544117,1.838235,4.573529,3.198529,3.323529,3.411764,4.279411,4.529411,4.544117,4.529411,4.397058,4.647058,Yes
177611,No,0c7ae29a,VUFA,Full Time,4.5364,4.6,No,1,U56235,001,WIRK,Elective,No,MSPHD,2023,Fall,20233,2023-24,3.0,50.0,,,25.0,0.0,0.0,0.0,0.0,25.0,100.0,0.0,No,Building2,W,09:00:00,3.25,5.0,4.230769,4.423076,4.5,3.730769,1.846153,4.423076,4.192307,3.346153,2.961538,4.307692,4.538461,4.615384,4.576923,4.346153,4.5,Yes
177613,No,8c5e8a1c,VUFA,Part Time,4.74,4.665,No,1,G91357,001,WIRK,Elective,No,MSPHD,2023,Fall,20233,2023-24,1.5,50.0,,,34.0,0.0,0.0,26.0,0.0,8.0,94.120002746582,0.0,No,Building1,T,14:20:00,3.25,3.0,4.125,4.71875,4.71875,3.21875,1.15625,4.65625,4.71875,3.34375,3.4375,4.3125,4.59375,4.78125,4.65625,4.5625,4.75,Yes
177620,No,a6f6de6a,CGCH,Full Time,4.2933,4.3214,No,1,L86872,001,SBFH,Elective,No,MSPHD,2023,Fall,20233,2023-24,3.0,74.0,,,54.0,0.0,0.0,45.0,9.0,0.0,60.0,0.0,No,Building1,"M,F",18:00:00,3.25,3.0,4.181818,4.515151,4.484848,3.090909,1.060606,4.090909,4.151515,3.878787,3.757575,3.60606,3.969696,3.939393,3.939393,3.696969,4.363636,Yes
177621,No,55ddf25f,CGCH,Full Time,5.0,5.0,No,1,T56321,001,SBFH,Elective,No,MSPHD,2023,Fall,20233,2023-24,1.5,25.0,,,7.0,0.0,0.0,0.0,7.0,0.0,57.1399993896484,0.0,No,Building2,T,09:00:00,3.25,6.0,2.75,2.75,2.75,1.25,1.0,3.75,3.75,1.25,1.5,2.25,2.5,2.5,2.5,2.5,2.5,Yes
177622,No,f7321d1c,CGCH,Full Time,4.9231,4.9231,No,1,F41340,001,SBFH,Elective,No,MSPHD,2023,Fall,20233,2023-24,3.0,50.0,,,12.0,0.0,0.0,9.0,3.0,0.0,100.0,0.0,No,Building1,F,14:20:00,3.25,3.0,4.692307,4.846153,4.846153,3.692307,1.0,4.923076,4.923076,4.076923,3.846153,4.538461,4.615384,4.615384,4.615384,4.76923,4.461538,Yes
177623,No,fc5c087a,CGCH,Part Time,4.7043,4.5429,No,1,U46484,001,SBFH,Elective,No,MSPHD,2023,Fall,20233,2023-24,3.0,50.0,,,33.0,0.0,0.0,31.0,1.0,1.0,75.7600021362305,0.0,No,Building2,F,09:00:00,3.25,3.0,4.64,4.76,4.8,4.24,1.0,4.44,4.68,3.6,3.12,4.28,4.56,4.6,4.56,4.6,4.56,Yes
177624,No,8a9995d9,USIE,Full Time,4.4148,4.3407,No,1,C57202,001,SBFH,Elective,No,MSPHD,2023,Fall,20233,2023-24,3.0,50.0,,,46.0,0.0,0.0,35.0,11.0,0.0,59.1800003051758,0.0,No,Building1,W,18:00:00,3.0,3.0,4.068965,4.344827,4.172413,3.517241,0.931034,4.275862,4.37931,3.724137,3.862068,3.862068,4.103448,4.0,3.931034,3.931034,4.275862,Yes
177625,No,a6f6de6a,CGCH,Full Time,4.75,4.75,No,1,Z22032,001,SBFH,Elective,No,MSPHD,2023,Fall,20233,2023-24,3.0,25.0,,,5.0,0.0,0.0,2.0,2.0,1.0,50.0,0.0,No,Building1,W,18:00:00,3.0,3.0,4.0,4.75,4.75,3.0,1.25,4.75,4.75,3.25,3.5,4.25,4.75,4.75,4.75,4.25,4.75,Yes
177626,No,adadc168,CGCH,Full Time,4.4,4.33,No,1,R19259,001,SBFH,Elective,No,MSPHD,2023,Fall,20233,2023-24,1.5,50.0,,,34.0,0.0,0.0,33.0,1.0,0.0,60.0,0.0,No,Building1,"T,R",09:00:00,1.5,3.0,4.142857,4.0,3.904761,3.047619,1.047619,4.238095,4.047619,4.238095,4.238095,4.0,3.761904,3.95238,3.523809,3.857142,3.95238,Yes
177627,No,adadc168,CGCH,Full Time,4.3,4.4556,No,1,Q96097,001,SBFH,Elective,No,MSPHD,2023,Fall,20233,2023-24,1.5,50.0,,,31.0,0.0,0.0,31.0,0.0,0.0,62.5,0.0,No,Building1,"T,R",09:00:00,1.5,3.0,4.4,4.25,4.3,3.55,0.95,4.45,4.3,3.85,3.8,3.8,4.25,4.35,4.15,4.25,4.0,Yes
177644,Yes,8e6ee73f,QAHF,Full Time,4.9032,4.6621,No,1,C26850,001,QAHF,Elective,No,Masters1,2023,Fall,20233,2023-24,3.0,50.0,Prerequisites,,41.0,31.0,0.0,1.0,0.0,9.0,75.6100006103516,0.0,No,Building2,R,09:00:00,3.25,13.0,4.48387,4.709677,4.612903,3.16129,1.16129,4.645161,4.903225,3.580645,3.548387,4.387096,4.580645,4.709677,4.612903,4.354838,4.838709,Yes
177650,Yes,8e6ee73f,QAHF,Full Time,4.7613,4.7733,No,1,C26850,002,QAHF,Elective,No,Masters1,2023,Fall,20233,2023-24,3.0,50.0,Prerequisites,,37.0,18.0,0.0,10.0,0.0,9.0,88.8899993896484,0.0,No,Building2,R,14:20:00,3.25,13.0,4.5,4.5,4.53125,3.4375,1.28125,4.6875,4.6875,3.25,3.5,4.6875,4.75,4.84375,4.75,4.625,4.75,Yes
177686,Yes,8e31de46,CGCH,Full Time,3.7333,4.3435,No,1,M03972,001,SBFH,Core,No,Masters1,2023,Fall,20233,2023-24,1.5,74.0,Prerequisites,,68.0,68.0,0.0,0.0,0.0,0.0,73.5299987792969,0.0,No,Building1,"T,R",10:50:00,1.5,13.0,4.2,4.06,4.48,2.78,1.0,4.18,3.68,3.46,3.66,3.92,3.52,3.38,3.66,3.28,4.2,Yes
177688,Yes,8e31de46,CGCH,Full Time,4.056,4.5255,No,1,M03972,003,SBFH,Core,No,Masters1,2023,Fall,20233,2023-24,1.5,74.0,Prerequisites,,65.0,65.0,0.0,0.0,0.0,0.0,84.620002746582,0.0,No,Building1,"T,R",14:20:00,1.5,13.0,4.290909,4.236363,4.50909,2.890909,1.0,4.418181,3.854545,3.6,3.654545,4.145454,3.945454,3.836363,4.036363,3.490909,4.272727,Yes
177690,Yes,8e31de46,CGCH,Full Time,3.749,4.3396,No,1,M03972,008,SBFH,Core,No,Masters1,2023,Fall,20233,2023-24,1.5,74.0,Prerequisites,,71.0,71.0,0.0,0.0,0.0,0.0,81.6900024414063,0.0,No,Building1,"T,R",16:10:00,1.5,13.0,4.0,4.120689,4.482758,2.637931,0.965517,4.224137,3.655172,3.517241,3.637931,3.706896,3.706896,3.724137,3.793103,3.293103,4.431034,Yes
177692,Yes,6872ba4a,CGCH,Full Time,4.6231,4.4692,No,1,O60984,001,SBFH,Elective,No,Masters1,2023,Fall,20233,2023-24,3.0,50.0,Prerequisites,,27.0,21.0,0.0,0.0,0.0,6.0,87.5,10.0,No,Building1,"M,W,F",16:10:00,1.5,41.0,4.357142,4.571428,4.607142,3.0,1.25,4.392857,4.607142,3.392857,3.535714,3.928571,4.607142,4.428571,4.5,4.178571,4.571428,Yes
177693,Yes,6872ba4a,CGCH,Full Time,4.7385,4.6,No,1,O60984,002,SBFH,Elective,No,Masters1,2023,Fall,20233,2023-24,3.0,50.0,Prerequisites,,19.0,10.0,0.0,4.0,0.0,5.0,60.8699989318848,10.0,No,Building1,"M,W,F",18:00:00,1.5,41.0,3.785714,4.571428,4.571428,3.0,1.285714,4.571428,4.714285,3.428571,3.214285,4.285714,4.714285,4.642857,4.571428,4.5,4.714285,Yes
177726,No,67af40c5,ZQOR,Full Time,4.797,4.702,No,1,J20703,004,IGFY,Core,No,Masters1,2023,Fall,20233,2023-24,1.5,74.0,,,75.0,75.0,0.0,0.0,0.0,0.0,85.3300018310547,0.0,No,Building1,"T,R",09:00:00,1.5,34.0,4.328125,4.84375,4.65625,3.03125,0.984375,4.671875,4.796875,3.203125,3.390625,4.53125,4.46875,4.578125,4.359375,4.125,4.828125,Yes
177728,Yes,13380e32,ZQOR,Full Time,4.494,4.239,No,1,J20703,008,IGFY,Core,No,Masters1,2023,Fall,20233,2023-24,1.5,74.0,,,77.0,77.0,0.0,0.0,0.0,0.0,92.2099990844727,0.0,No,Building1,"T,R",10:50:00,1.5,34.0,4.028169,4.788732,4.830985,3.436619,1.0,4.070422,4.380281,3.12676,3.295774,4.056338,4.436619,4.352112,4.098591,4.056338,4.56338,Yes
177741,No,86629cfe,ZQOR,,4.923077,5.0,No,1,J77644,001,IGFY,Elective,No,Masters1,2023,Fall,20233,2023-24,3.0,36.0,,,17.0,16.0,0.0,0.0,0.0,1.0,76.4700012207031,0.0,No,Building2,M,14:20:00,3.25,6.0,4.692307,5.0,5.0,3.153846,1.0,4.615384,4.923076,3.307692,3.538461,4.615384,4.692307,4.846153,4.76923,4.538461,4.923076,Yes
177744,No,37d16a3b,KFZN,Full Time,5.0,5.0,No,1,J77644,002,IGFY,Elective,No,Masters1,2023,Fall,20233,2023-24,3.0,18.0,,,18.0,17.0,1.0,0.0,0.0,0.0,88.8899993896484,0.0,No,off-campus,M,14:20:00,3.25,6.0,4.6875,5.0,4.8125,3.125,1.0,5.0,4.6875,3.1875,3.6875,4.875,4.8125,4.9375,4.875,4.0,4.9375,Yes
177747,Yes,13380e32,ZQOR,Full Time,5.0,5.0,No,1,C39133,001,IGFY,Elective,No,MSPHD,2023,Fall,20233,2023-24,3.0,20.0,,,7.0,0.0,0.0,0.0,7.0,0.0,28.5699996948242,0.0,No,Building2,W,10:00:00,2.25,3.0,4.0,5.0,5.0,2.5,1.0,5.0,5.0,2.5,3.5,4.0,2.5,2.5,5.0,2.5,5.0,No
177820,No,4df386e8,USIE,Part Time,4.655,4.487,No,1,A74614,060,USIE,Elective,No,Masters1,2023,Fall,20233,2023-24,1.5,60.0,Prerequisites,,42.0,0.0,0.0,0.0,0.0,42.0,73.8099975585938,0.0,No,Building2,T,09:00:00,3.25,11.0,3.935483,4.419354,4.193548,3.870967,1.677419,4.48387,4.354838,3.290322,3.258064,4.290322,4.580645,4.645161,4.516129,4.032258,4.451612,Yes
177821,No,bdf25857,NZJO,Full Time,4.3167,4.3583,No,1,H81467,001,TRXC,Elective,No,Masters1,2023,Fall,20233,2023-24,3.0,74.0,,,59.0,52.0,0.0,3.0,0.0,4.0,84.75,0.0,No,Building1,R,14:20:00,3.25,20.0,3.84,4.48,4.6,3.22,1.06,4.3,4.26,3.06,2.8,4.18,4.2,4.34,4.42,3.84,4.56,Yes
177823,No,bdf25857,NZJO,Full Time,4.51,4.3238,No,1,H81467,002,TRXC,Elective,No,Masters1,2023,Fall,20233,2023-24,3.0,64.0,,,54.0,42.0,7.0,0.0,0.0,5.0,83.0199966430664,0.0,No,Building1,R,18:00:00,3.25,20.0,4.068181,4.590909,4.386363,3.045454,1.090909,4.181818,4.454545,3.068181,3.15909,4.363636,4.386363,4.545454,4.522727,3.818181,4.613636,Yes
177827,No,5747340c,NZJO,Full Time,4.08,4.23,No,1,K21507,002,TRXC,Elective,No,Masters1,2023,Fall,20233,2023-24,1.5,50.0,,,26.0,22.0,0.0,0.0,0.0,4.0,80.7699966430664,0.0,No,Building1,"M,W,F",10:50:00,1.5,12.0,3.857142,4.666666,4.523809,3.428571,1.142857,4.190476,4.047619,3.523809,3.333333,4.333333,3.761904,3.809523,4.0,4.0,4.666666,Yes
177829,No,5747340c,NZJO,Full Time,3.9545,3.8857,No,1,B24451,001,TRXC,Elective,No,Masters1,2023,Fall,20233,2023-24,3.0,74.0,,,26.0,22.0,0.0,2.0,0.0,2.0,78.5699996948242,0.0,No,Building2,T,09:00:00,3.25,3.0,3.772727,4.136363,3.772727,2.90909,1.136363,3.863636,3.954545,3.40909,2.90909,3.681818,4.136363,4.0,4.045454,3.636363,4.272727,Yes
177832,No,c8a41445,NZJO,Part Time,4.8483,4.7103,No,1,Z90638,001,TRXC,Elective,No,Masters1,2023,Fall,20233,2023-24,3.0,36.0,,,36.0,36.0,0.0,0.0,0.0,0.0,83.3300018310547,15.0,No,Building1,T,09:00:00,3.25,3.0,4.333333,4.633333,4.533333,3.2,1.0,4.7,4.833333,3.133333,3.266666,4.5,4.433333,4.433333,4.3,4.266666,4.7,Yes
177842,No,f3b2a2e4,USIE,Full Time,4.8176,4.6914,No,1,A74614,001,USIE,Elective,No,Masters1,2023,Fall,20233,2023-24,1.5,74.0,Prerequisites,,38.0,29.0,1.0,1.0,0.0,7.0,84.0899963378906,5.0,No,Building1,"T,R",10:50:00,1.5,11.0,4.405405,4.675675,4.594594,3.567567,1.135135,4.675675,4.783783,3.108108,3.216216,4.378378,4.675675,4.81081,4.594594,4.594594,4.648648,Yes
177844,No,a67ffac5,USIE,Part Time,4.234,4.0704,No,1,C63645,001,USIE,Elective,No,Masters1,2023,Fall,20233,2023-24,1.5,74.0,,,65.0,64.0,0.0,0.0,0.0,1.0,87.879997253418,0.0,No,Building2,R,09:00:00,3.25,6.0,3.931034,4.37931,4.465517,2.931034,1.0,3.931034,4.103448,2.87931,3.155172,3.827586,4.068965,4.25862,4.189655,3.844827,4.068965,Yes
177847,No,fdc24ad8,USIE,Part Time,4.84375,4.729032,No,1,P13326,001,USIE,Elective,No,Masters1,2023,Fall,20233,2023-24,1.5,50.0,,,38.0,30.0,3.0,0.0,0.0,5.0,84.2099990844727,0.0,No,Building1,"M,T,W,R,F",09:00:00,4.0,1.0,4.4375,4.96875,4.84375,3.21875,1.0625,4.65625,4.84375,2.65625,3.21875,4.46875,4.71875,4.84375,4.84375,4.84375,4.75,Yes
177859,No,55ddf25f,CGCH,Full Time,4.7915,4.5953,No,1,C16573,001,SBFH,Elective,No,Masters1,2023,Fall,20233,2023-24,3.0,74.0,Prerequisites,,57.0,44.0,0.0,9.0,0.0,4.0,87.7200012207031,0.0,No,Building2,"M,W,F",09:00:00,1.5,3.0,4.22,4.74,4.76,3.38,1.0,4.48,4.68,3.32,3.62,4.28,4.5,4.54,4.54,4.18,4.72,Yes
177861,No,af9fe9b8,CGCH,Part Time,4.6222,4.525,Yes,3,Z17880,001,SBFH,Elective,No,Masters1,2023,Fall,20233,2023-24,3.0,10.0,Prerequisites,,10.0,10.0,0.0,0.0,0.0,0.0,100.0,0.0,Yes,Building1,W,14:20:00,3.25,3.0,5.0,4.9,5.0,3.9,1.0,4.5,4.566666,4.7,3.9,4.8,4.3,4.8,4.2,4.5,4.4,No
177861,Yes,d3986455,CGCH,Part Time,4.5385,4.525,Yes,3,Z17880,001A,SBFH,Elective,No,Masters1,2023,Fall,20233,2023-24,3.0,10.0,Prerequisites,,10.0,10.0,0.0,0.0,0.0,0.0,100.0,0.0,Yes,Building1,W,14:20:00,3.25,3.0,5.0,4.9,5.0,3.9,1.0,4.5,4.566666,4.7,3.9,4.8,4.3,4.8,4.2,4.5,4.4,No
177861,Yes,3ab0723a,CGCH,Part Time,4.6222,4.525,Yes,3,Z17880,001B,SBFH,Elective,No,Masters1,2023,Fall,20233,2023-24,3.0,10.0,Prerequisites,,10.0,10.0,0.0,0.0,0.0,0.0,100.0,0.0,Yes,Building1,W,14:20:00,3.25,3.0,5.0,4.9,5.0,3.9,1.0,4.5,4.566666,4.7,3.9,4.8,4.3,4.8,4.2,4.5,4.4,No
177862,No,db9fa0d4,CGCH,Full Time,4.92,4.823529,No,1,R96472,001,SBFH,Elective,No,Masters1,2023,Fall,20233,2023-24,1.5,60.0,,Corequisite,59.0,58.0,0.0,0.0,0.0,1.0,86.4400024414063,35.0,No,Building1,"M,T,W",09:00:00,8.0,21.0,4.156862,4.745098,4.666666,2.823529,1.0,4.823529,4.823529,2.764705,3.392156,4.431372,4.705882,4.686274,4.745098,4.431372,4.529411,Yes
177864,No,8c4fa1f6,GYQP,Full Time,4.831579,4.789474,No,1,Q90559,001,SBFH,Elective,No,Masters1,2023,Fall,20233,2023-24,3.0,40.0,Prerequisites,,40.0,38.0,0.0,0.0,0.0,2.0,97.5,3.0,No,Building1,"M,T,W,R,F",09:00:00,8.0,2.0,4.564102,4.794871,4.666666,4.0,1.0,4.666666,4.820512,3.179487,3.692307,4.666666,4.666666,4.820512,4.76923,4.743589,4.923076,No
177865,No,605cdf6b,CGCH,Part Time,4.46,4.06,No,1,X15917,001,SBFH,Elective,No,Masters1,2023,Fall,20233,2023-24,1.5,50.0,Prerequisites,,19.0,12.0,0.0,1.0,0.0,6.0,57.1399993896484,0.0,No,Building2,"M,F",14:20:00,3.25,2.0,3.75,4.916666,4.166666,3.333333,1.25,3.666666,4.083333,2.25,2.416666,3.5,4.0,4.166666,3.333333,3.5,4.166666,No
177881,No,5747340c,NZJO,Full Time,4.625,4.375,No,1,B24451,001,TRXC,Elective,No,Masters1,2023,Fall,20233,2023-24,3.0,74.0,,,26.0,22.0,0.0,2.0,0.0,2.0,50.0,0.0,No,Building2,T,09:00:00,3.25,3.0,3.75,3.875,3.875,3.75,1.75,4.375,4.625,3.5,3.5,3.5,4.125,4.25,4.125,3.5,4.375,Yes
177901,No,a5a0fa6c,ZQOR,Full Time,4.696429,4.12,No,1,W99571,001,IGFY,Core,No,Masters1,2023,Fall,20233,2023-24,1.5,74.0,,,77.0,77.0,0.0,0.0,0.0,0.0,72.7300033569336,0.0,No,off-campus,"M,T,W,R,F",09:00:00,3.25,34.0,3.964285,4.75,4.660714,2.964285,1.0,4.089285,4.696428,3.571428,3.857142,4.0,4.196428,4.267857,4.017857,3.767857,4.482142,Yes
177904,No,a5a0fa6c,ZQOR,Full Time,4.532394,4.227397,No,1,W99571,002,IGFY,Core,No,Masters1,2023,Fall,20233,2023-24,1.5,74.0,,,78.0,78.0,0.0,0.0,0.0,0.0,94.870002746582,0.0,No,Building1,"M,T,W,R,F",09:00:00,8.25,34.0,3.918918,4.783783,4.756756,3.121621,0.972972,4.216216,4.527027,3.527027,3.662162,4.189189,4.202702,4.608108,4.283783,3.5,4.445945,Yes
177907,No,a8a5288b,ZQOR,Full Time,4.944445,4.938889,No,1,W99571,003,IGFY,Core,No,Masters1,2023,Fall,20233,2023-24,1.5,74.0,,,75.0,75.0,0.0,0.0,0.0,0.0,97.3300018310547,0.0,No,Building1,"M,T,W,R,F",09:00:00,8.25,34.0,4.315068,4.876712,4.684931,2.808219,1.0,4.931506,4.876712,3.643835,3.753424,4.684931,4.671232,4.753424,4.671232,4.0,4.79452,Yes
177909,No,a8a5288b,ZQOR,Full Time,4.946667,4.853333,No,1,W99571,004,IGFY,Core,No,Masters1,2023,Fall,20233,2023-24,1.5,74.0,,,75.0,75.0,0.0,0.0,0.0,0.0,100.0,0.0,No,Building1,"M,T,W,R,F",09:00:00,8.25,34.0,4.333333,4.96,4.84,2.746666,1.0,4.853333,4.946666,3.52,3.733333,4.693333,4.72,4.786666,4.813333,4.12,4.933333,Yes
177912,No,39c0cb52,ZQOR,Part Time,4.876056,4.455883,No,1,W99571,005,IGFY,Core,No,Masters1,2023,Fall,20233,2023-24,1.5,73.0,,,77.0,77.0,0.0,0.0,0.0,0.0,94.8099975585938,0.0,No,Building1,"M,T,W,R,F",09:00:00,8.25,34.0,4.19178,4.945205,4.69863,3.219178,1.0,4.424657,4.849315,3.547945,3.69863,4.054794,4.506849,4.767123,4.657534,3.780821,4.671232,Yes
177915,No,39c0cb52,ZQOR,Part Time,4.837143,4.432258,No,1,W99571,006,IGFY,Core,No,Masters1,2023,Fall,20233,2023-24,1.5,74.0,,,71.0,71.0,0.0,0.0,0.0,0.0,100.0,0.0,No,Building1,"M,T,W,R,F",09:00:00,8.25,34.0,4.12676,4.718309,4.760563,2.901408,1.0,4.28169,4.788732,3.56338,3.676056,4.154929,4.338028,4.619718,4.450704,3.69014,4.676056,Yes
177918,No,d196f345,ZQOR,Full Time,4.881081,4.458824,No,1,W99571,007,IGFY,Core,No,Masters1,2023,Fall,20233,2023-24,1.5,74.0,,,77.0,77.0,0.0,0.0,0.0,0.0,98.6999969482422,0.0,No,Building1,"M,T,W,R,F",09:00:00,8.25,34.0,4.263157,4.907894,4.592105,3.052631,0.986842,4.315789,4.828947,3.513157,3.631578,4.328947,4.539473,4.776315,4.539473,3.697368,4.776315,Yes
177923,No,d196f345,ZQOR,Full Time,4.886957,4.652055,No,1,W99571,008,IGFY,Core,No,Masters1,2023,Fall,20233,2023-24,1.5,74.0,,,76.0,76.0,0.0,0.0,0.0,0.0,97.370002746582,0.0,No,Building1,"M,T,W,R,F",09:00:00,8.25,34.0,4.378378,4.837837,4.689189,3.148648,1.0,4.648648,4.675675,3.527027,3.729729,4.378378,4.621621,4.743243,4.594594,4.135135,4.729729,Yes
177925,No,f8fd0ba8,ZQOR,Full Time,4.678873,4.432836,No,1,W99571,009,IGFY,Core,No,Masters1,2023,Fall,20233,2023-24,1.5,74.0,,,75.0,75.0,0.0,0.0,0.0,0.0,97.370002746582,0.0,No,off-campus,"M,T,W,R,F",09:00:00,3.25,34.0,4.202702,4.864864,4.837837,3.04054,1.0,4.297297,4.581081,3.864864,3.851351,4.148648,4.243243,4.594594,4.216216,3.189189,4.527027,Yes
177927,No,f8b2d7d9,ZQOR,Part Time,4.4375,4.4061,No,1,Q88265,001,IGFY,Elective,No,Masters1,2023,Fall,20233,2023-24,3.0,74.0,,,45.0,33.0,9.0,1.0,0.0,2.0,73.0800018310547,2.0,No,Building2,W,18:00:00,3.25,12.0,3.921052,4.368421,4.421052,2.947368,1.157894,4.18421,4.210526,2.842105,3.210526,4.18421,4.18421,4.315789,4.157894,4.026315,4.289473,Yes
177929,No,59a64d36,ZQOR,Part Time,4.428571,4.748387,No,1,W24922,001,IGFY,Elective,No,Masters1,2023,Fall,20233,2023-24,1.5,74.0,,,42.0,40.0,2.0,0.0,0.0,0.0,62.2599983215332,0.0,No,Building2,"M,T,W",09:00:00,8.0,3.0,4.0,4.545454,4.242424,2.272727,0.969696,4.545454,4.242424,3.333333,3.242424,4.272727,3.727272,4.090909,4.060606,3.030303,4.424242,Yes
177931,No,68fa8635,ZQOR,Part Time,4.827586,4.414286,Yes,2,P28252,001A,IGFY,Elective,No,Masters1,2023,Fall,20233,2023-24,1.5,38.0,,,34.0,34.0,0.0,0.0,0.0,0.0,87.879997253418,0.0,Yes,Building1,"M,T,U",08:30:00,9.0,5.0,4.517241,4.862068,4.586206,3.655172,1.0,4.413793,4.810344,2.965517,3.75862,4.103448,4.448275,4.827586,4.517241,4.517241,4.896551,No
177931,No,3bb7aeca,ZQOR,Full Time,4.793103,4.414286,Yes,2,P28252,001,IGFY,Elective,No,Masters1,2023,Fall,20233,2023-24,1.5,38.0,,,34.0,34.0,0.0,0.0,0.0,0.0,87.879997253418,0.0,Yes,Building1,"M,T,U",08:30:00,9.0,5.0,4.517241,4.862068,4.586206,3.655172,1.0,4.413793,4.810344,2.965517,3.75862,4.103448,4.448275,4.827586,4.517241,4.517241,4.896551,Yes
177933,No,7357616a,VUFA,Full Time,4.595,4.423256,No,1,T37978,001,WIRK,Elective,No,Masters1,2023,Fall,20233,2023-24,3.0,74.0,,,51.0,47.0,0.0,0.0,0.0,4.0,88.2399978637695,0.0,No,Building2,"M,T,W,R,F",09:00:00,8.0,11.0,4.088888,4.688888,4.511111,3.0,1.066666,4.422222,4.377777,3.777777,3.333333,4.4,4.311111,4.288888,4.4,4.177777,4.488888,Yes
177934,No,6f1f2473,VUFA,Full Time,3.38125,3.869231,No,1,G76575,001,WIRK,Elective,No,Masters1,2023,Fall,20233,2023-24,3.0,50.0,,,35.0,23.0,2.0,0.0,0.0,10.0,91.4300003051758,0.0,No,Building2,"M,T,W,R,F",08:30:00,8.5,1.0,4.0,4.4375,4.4375,3.21875,1.25,3.75,3.3125,3.5,3.09375,3.78125,3.40625,3.625,3.78125,3.5625,3.875,Yes
177935,No,a45e264b,VUFA,Part Time,4.2692,4.1731,No,1,M36656,001,WIRK,Elective,No,Masters1,2023,Fall,20233,2023-24,1.5,74.0,,,73.0,66.0,5.0,1.0,0.0,1.0,79.1699981689453,37.0,No,Building1,M,18:00:00,3.25,2.0,4.22807,4.561403,4.666666,2.91228,1.0,4.087719,4.14035,2.649122,3.14035,3.771929,3.982456,4.192982,4.052631,3.280701,4.245614,Yes
177936,No,5ae198be,VUFA,Full Time,4.4762,4.0286,Yes,2,E89595,001,WIRK,Elective,No,MSPHD,2023,Fall,20233,2023-24,3.0,74.0,,,22.0,22.0,0.0,0.0,0.0,0.0,73.3300018310547,6.0,Yes,Building2,"T,R",10:50:00,1.5,3.0,4.0,4.363636,4.363636,3.454545,1.045454,4.0,4.5,3.681818,3.227272,3.863636,4.5,4.454545,4.318181,4.363636,4.545454,Yes
177936,No,e8b5f112,VUFA,Part Time,4.5684,4.0286,Yes,2,E89595,001A,WIRK,Elective,No,MSPHD,2023,Fall,20233,2023-24,3.0,74.0,,,22.0,22.0,0.0,0.0,0.0,0.0,73.3300018310547,6.0,Yes,Building2,"T,R",10:50:00,1.5,3.0,4.0,4.363636,4.363636,3.454545,1.045454,4.0,4.5,3.681818,3.227272,3.863636,4.5,4.454545,4.318181,4.363636,4.545454,No
177937,No,50d5f4ff,VUFA,Part Time,4.832836,4.75,No,1,G91942,001,WIRK,Elective,No,Masters1,2023,Fall,20233,2023-24,3.0,74.0,,,73.0,70.0,0.0,0.0,0.0,3.0,98.6100006103516,27.0,No,Building2,"M,T,W,R,F",09:00:00,8.0,4.0,4.140845,4.760563,4.521126,3.28169,0.97183,4.535211,4.704225,2.154929,3.239436,4.535211,4.40845,4.633802,4.380281,3.464788,4.718309,No
177938,No,e0934680,VUFA,Part Time,4.767273,4.730909,No,1,H46628,001,WIRK,Elective,No,Masters1,2023,Fall,20233,2023-24,1.5,60.0,,,59.0,53.0,6.0,0.0,0.0,0.0,98.3300018310547,33.0,No,Building1,"W,R,F",09:00:00,9.0,3.0,4.305084,4.830508,4.779661,2.610169,0.98305,4.559322,4.59322,2.152542,3.644067,4.220338,4.18644,4.542372,4.237288,3.169491,4.491525,Yes
177939,No,0b633d08,VUFA,Part Time,4.0586,4.007,No,1,P05407,001,WIRK,Elective,No,Masters1,2023,Fall,20233,2023-24,3.0,74.0,,,68.0,61.0,1.0,0.0,0.0,6.0,91.1800003051758,15.0,No,Building2,W,14:20:00,3.25,3.0,4.032258,4.548387,4.516129,3.258064,1.096774,3.903225,4.0,3.080645,2.903225,3.887096,4.0,4.096774,3.98387,3.451612,4.338709,Yes
178048,No,ce03109b,VUFA,Part Time,4.0,3.975,No,1,U60678,001,WIRK,Elective,No,MSPHD,2023,Fall,20233,2023-24,1.5,30.0,,,27.0,0.0,0.0,26.0,1.0,0.0,66.6699981689453,0.0,No,off-campus,,,,3.0,4.444444,4.666666,4.722222,3.277777,0.944444,3.666666,4.0,4.444444,4.5,3.611111,3.833333,3.666666,3.777777,3.777777,4.0,Yes
178049,No,24db2b70,VUFA,Part Time,4.35,4.136842,No,1,B29160,001,WIRK,Elective,No,MSPHD,2023,Fall,20233,2023-24,1.5,30.0,,,28.0,0.0,0.0,26.0,2.0,0.0,71.4300003051758,0.0,No,off-campus,,,,1.0,4.35,4.9,4.6,3.1,1.0,4.05,4.35,4.0,4.5,3.8,3.75,4.15,3.8,3.95,4.2,Yes
178114,No,a2210794,ZQOR,Part Time,4.670833,4.409302,No,1,J36463,001,SBFH,Elective,No,Masters1,2023,Fall,20233,2023-24,1.5,50.0,Prerequisites,,53.0,39.0,5.0,0.0,0.0,9.0,94.3399963378906,0.0,No,Building2,"W,R,F",09:00:00,9.0,2.0,4.22,4.88,4.64,3.0,1.12,4.3,4.66,3.88,3.38,4.26,4.34,4.48,4.22,3.48,4.44,Yes
178214,No,795419b3,VUFA,Part Time,4.6542,4.4,No,1,A77571,001,WIRK,Elective,No,Masters1,2023,Fall,20233,2023-24,3.0,74.0,Prerequisites,,72.0,64.0,3.0,0.0,0.0,5.0,90.2799987792969,27.0,No,Building1,W,18:00:00,3.25,2.0,4.338461,4.661538,4.76923,3.476923,1.061538,4.384615,4.615384,3.307692,3.276923,4.323076,4.6,4.6,4.6,4.353846,4.692307,Yes
178321,No,ce03109b,VUFA,Part Time,4.375,4.171,Yes,2,G83767,001,WIRK,Elective,No,Masters1,2023,Fall,20233,2023-24,1.5,50.0,,,50.0,49.0,0.0,0.0,0.0,1.0,76.0,39.0,Yes,Building2,T,14:20:00,3.25,84.0,4.026315,4.447368,4.263157,2.815789,0.973684,4.0,4.302631,2.68421,3.052631,3.894736,4.342105,4.368421,4.157894,4.052631,4.394736,Yes
178321,No,485b44df,VUFA,Full Time,4.549,4.171,Yes,2,G83767,001A,WIRK,Elective,No,Masters1,2023,Fall,20233,2023-24,1.5,50.0,,,50.0,49.0,0.0,0.0,0.0,1.0,76.0,39.0,Yes,Building2,T,14:20:00,3.25,84.0,4.026315,4.447368,4.263157,2.815789,0.973684,4.0,4.302631,2.68421,3.052631,3.894736,4.342105,4.368421,4.157894,4.052631,4.394736,No
178440,No,2b86262a,ZQOR,Part Time,4.846154,4.615385,No,1,Y54923,001,IGFY,Elective,No,Masters2,2023,Fall,20233,2023-24,1.5,36.0,,,19.0,0.0,17.0,2.0,0.0,0.0,63.6399993896484,0.0,No,Building1,S,08:30:00,10.25,12.0,4.5,4.714285,4.785714,3.714285,1.0,4.285714,4.5,3.0,3.5,4.428571,4.571428,4.785714,4.5,4.714285,4.785714,Yes
178446,Yes,baf87257,NZJO,Part Time,4.511,4.15,No,1,H76163,001,TRXC,Elective,No,MSPHD,2023,Fall,20233,2023-24,1.5,50.0,,,32.0,0.0,0.0,25.0,7.0,0.0,60.6100006103516,0.0,No,Building2,W,09:00:00,3.25,3.0,4.45,4.8,4.8,4.15,0.95,4.15,4.5,3.1,3.2,3.4,4.2,4.15,3.95,4.0,4.25,Yes
178487,No,0859a977,USIE,Part Time,4.7167,4.7,No,1,A96256,H01,USIE,Elective,No,Masters1,2023,Fall,20233,2023-24,1.5,74.0,,,74.0,55.0,2.0,17.0,0.0,0.0,82.1900024414063,0.0,No,Building1,R,16:10:00,1.5,6.0,4.383333,4.716666,4.583333,3.016666,0.95,4.7,4.716666,3.433333,3.6,4.183333,4.483333,4.716666,4.65,4.45,4.65,Yes
178513,No,68fa8635,ZQOR,Part Time,5.0,4.666667,Yes,2,P28252,002A,IGFY,Elective,No,Masters1,2023,Fall,20233,2023-24,1.5,38.0,,,18.0,15.0,3.0,0.0,0.0,0.0,71.4300003051758,0.0,Yes,Building1,"W,R,F",08:30:00,9.0,5.0,4.333333,4.933333,4.4,3.266666,1.133333,4.666666,4.966666,2.933333,3.533333,4.533333,4.733333,5.0,4.6,4.533333,5.0,No
178513,No,3bb7aeca,ZQOR,Full Time,4.933333,4.666667,Yes,2,P28252,002,IGFY,Elective,No,Masters1,2023,Fall,20233,2023-24,1.5,38.0,,,18.0,15.0,3.0,0.0,0.0,0.0,71.4300003051758,0.0,Yes,Building1,"W,R,F",08:30:00,9.0,5.0,4.333333,4.933333,4.4,3.266666,1.133333,4.666666,4.966666,2.933333,3.533333,4.533333,4.733333,5.0,4.6,4.533333,5.0,Yes
178696,No,849e63f8,USIE,Full Time,3.3662,3.9467,No,1,N15571,060,USIE,Elective,No,MSPHD,2023,Fall,20233,2023-24,3.0,74.0,,,33.0,0.0,0.0,0.0,0.0,33.0,51.5200004577637,0.0,No,Building1,R,09:00:00,3.25,3.0,4.235294,4.235294,4.470588,2.823529,1.705882,3.823529,3.352941,3.470588,2.823529,3.882352,3.882352,3.647058,3.705882,3.470588,3.764705,Yes
178697,No,6f375008,USIE,Part Time,4.8308,4.8519,No,1,Q44513,060,USIE,Elective,No,Masters1,2023,Fall,20233,2023-24,3.0,40.0,,,38.0,0.0,0.0,0.0,0.0,38.0,71.0500030517578,8.0,No,Building2,"M,F",18:00:00,3.25,3.0,4.37037,4.703703,4.592592,3.296296,1.666666,4.851851,4.814814,2.777777,3.074074,4.407407,4.592592,4.629629,4.481481,4.592592,4.629629,No
178745,No,5ae198be,VUFA,Full Time,4.3833,4.4471,Yes,2,E89595,060,WIRK,Elective,No,MSPHD,2023,Fall,20233,2023-24,3.0,74.0,,,34.0,0.0,0.0,26.0,0.0,8.0,81.8199996948242,1.0,Yes,Building2,"T,R",09:00:00,1.5,3.0,4.111111,4.666666,4.583333,3.388888,1.333333,4.444444,4.472222,3.416666,3.222222,4.333333,4.444444,4.527777,4.527777,4.555555,4.583333,Yes
178745,No,e8b5f112,VUFA,Part Time,4.6529,4.4471,Yes,2,E89595,060A,WIRK,Elective,No,MSPHD,2023,Fall,20233,2023-24,3.0,74.0,,,34.0,0.0,0.0,26.0,0.0,8.0,81.8199996948242,1.0,Yes,Building2,"T,R",09:00:00,1.5,3.0,4.111111,4.666666,4.583333,3.388888,1.333333,4.444444,4.472222,3.416666,3.222222,4.333333,4.444444,4.527777,4.527777,4.555555,4.583333,No
178946,Yes,baf87257,NZJO,Part Time,4.55,4.1647,No,1,X61537,001,TRXC,Elective,No,MSPHD,2023,Fall,20233,2023-24,1.5,50.0,,,32.0,0.0,0.0,24.0,8.0,0.0,63.6399993896484,0.0,No,Building1,W,09:00:00,3.25,3.0,4.333333,4.47619,3.95238,3.619047,0.904761,3.714285,4.0,2.809523,3.0,3.666666,4.047619,4.142857,4.190476,4.047619,4.285714,Yes
178947,No,fed27360,USIE,Part Time,3.799,3.542,Yes,2,N12121,100,KAFN,Elective,No,Masters2,2023,Fall,20233,2023-24,3.0,120.0,,,35.0,0.0,35.0,0.0,0.0,0.0,85.7099990844727,0.0,Yes,off-campus,"T,W,R,F,S",09:00:00,8.0,1.0,3.8,3.2,4.066666,2.233333,1.0,3.5,3.016666,2.4,2.866666,3.533333,3.733333,3.8,3.333333,3.2,3.8,No
178947,No,11d2574d,USIE,Full Time,2.81,3.542,Yes,2,N12121,100A,KAFN,Elective,No,Masters2,2023,Fall,20233,2023-24,3.0,120.0,,,35.0,0.0,35.0,0.0,0.0,0.0,85.7099990844727,0.0,Yes,off-campus,"T,W,R,F,S",09:00:00,8.0,1.0,3.8,3.2,4.066666,2.233333,1.0,3.5,3.016666,2.4,2.866666,3.533333,3.733333,3.8,3.333333,3.2,3.8,No
178948,Yes,4fd8755f,USIE,Part Time,4.2452,4.3742,No,1,U96439,001,USIE,Elective,No,Masters1,2023,Fall,20233,2023-24,3.0,50.0,,,40.0,22.0,1.0,0.0,0.0,17.0,86.8399963378906,0.0,No,Building1,R,18:00:00,3.25,10.0,4.121212,4.424242,4.333333,3.363636,1.212121,4.181818,4.060606,3.151515,3.272727,3.818181,4.272727,4.242424,4.333333,4.181818,4.242424,Yes
178951,Yes,133bbb44,CGCH,Part Time,4.8889,5.0,Yes,2,H12117,001,SBFH,Elective,No,Masters1,2023,Fall,20233,2023-24,1.5,12.0,,,12.0,12.0,0.0,0.0,0.0,0.0,83.3300018310547,0.0,Yes,Building1,W,09:00:00,3.25,6.0,4.9,5.0,5.0,4.3,1.0,5.0,4.65,3.7,4.0,4.9,5.0,4.9,4.9,4.9,5.0,No
178951,Yes,7d9f1e8d,CGCH,Part Time,4.9,5.0,Yes,2,H12117,001A,SBFH,Elective,No,Masters1,2023,Fall,20233,2023-24,1.5,12.0,,,12.0,12.0,0.0,0.0,0.0,0.0,83.3300018310547,0.0,Yes,Building1,W,09:00:00,3.25,6.0,4.9,5.0,5.0,4.3,1.0,5.0,4.65,3.7,4.0,4.9,5.0,4.9,4.9,4.9,5.0,No
178952,Yes,aed1b34a,CGCH,Part Time,4.2706,4.2824,No,1,U34467,001,SBFH,Elective,No,Masters1,2023,Fall,20233,2023-24,1.5,50.0,,Corequisite,44.0,38.0,5.0,0.0,0.0,1.0,81.8199996948242,45.0,No,Building1,W,18:00:00,3.25,3.0,4.055555,4.638888,4.666666,2.944444,0.944444,4.138888,4.222222,3.055555,3.25,4.111111,4.222222,4.166666,4.305555,3.611111,4.472222,Yes
178953,Yes,7720f7d6,CGCH,Part Time,4.8889,4.8889,Yes,2,V13963,005,SBFH,Elective,No,Masters1,2023,Fall,20233,2023-24,3.0,10.0,Prerequisites,,10.0,10.0,0.0,0.0,0.0,0.0,90.0,36.0,Yes,Building1,W,18:00:00,3.25,19.0,4.888888,4.888888,4.777777,3.888888,1.0,4.888888,4.833333,4.333333,3.333333,4.777777,4.666666,4.777777,4.777777,4.777777,4.888888,Yes
178953,Yes,aa460cc0,CGCH,Part Time,4.7778,4.8889,Yes,2,V13963,005A,SBFH,Elective,No,Masters1,2023,Fall,20233,2023-24,3.0,10.0,Prerequisites,,10.0,10.0,0.0,0.0,0.0,0.0,90.0,36.0,Yes,Building1,W,18:00:00,3.25,19.0,4.888888,4.888888,4.777777,3.888888,1.0,4.888888,4.833333,4.333333,3.333333,4.777777,4.666666,4.777777,4.777777,4.777777,4.888888,No
178964,Yes,4af6b1ba,ZQOR,Part Time,4.89,4.8513,Yes,2,S08097,001,IGFY,Elective,No,Masters1,2023,Fall,20233,2023-24,1.5,50.0,,,47.0,45.0,2.0,0.0,0.0,0.0,89.3600006103516,51.0,Yes,Building2,T,09:00:00,3.25,3.0,4.523809,4.880952,4.738095,2.642857,1.0,4.714285,4.761904,3.285714,3.357142,4.571428,4.833333,4.833333,4.833333,4.523809,4.904761,Yes
178964,Yes,d46a33db,,,4.7826,4.8513,Yes,2,S08097,001A,IGFY,Elective,No,Masters1,2023,Fall,20233,2023-24,1.5,50.0,,,47.0,45.0,2.0,0.0,0.0,0.0,89.3600006103516,51.0,Yes,Building2,T,09:00:00,3.25,3.0,4.523809,4.880952,4.738095,2.642857,1.0,4.714285,4.761904,3.285714,3.357142,4.571428,4.833333,4.833333,4.833333,4.523809,4.904761,No
178983,Yes,101ac616,USIE,Part Time,4.561,4.439,No,1,E78524,003,USIE,Core,No,Masters1,2023,Fall,20233,2023-24,1.5,74.0,,,66.0,66.0,0.0,0.0,0.0,0.0,93.9400024414063,0.0,No,Building1,"M,W",16:10:00,1.5,35.0,4.225806,4.806451,4.741935,2.951612,1.0,4.419354,4.532258,3.354838,3.354838,3.903225,4.532258,4.387096,4.370967,3.725806,4.645161,Yes
179042,No,35ff4b79,USIE,,4.575,4.56,No,1,K89238,060,USIE,Elective,No,Masters1,2023,Fall,20233,2023-24,3.0,74.0,,Corequisite,40.0,2.0,0.0,0.0,0.0,38.0,87.8000030517578,0.0,No,Building1,R,14:20:00,3.25,12.0,4.194444,4.527777,4.583333,3.111111,1.805555,4.5,4.5,3.083333,2.916666,4.166666,4.305555,4.527777,4.305555,4.277777,4.5,Yes
3,No,f499bf33,USIE,Full Time,4.8224,4.369,No,1,Q74444,001,USIE,Elective,No,Masters1,2023,Fall,20233,2023-24,3.0,150.0,Prerequisites,,133.0,117.0,1.0,3.0,0.0,12.0,88.8899993896484,0.0,No,Building2,T,14:20:00,3.25,12.0,4.175,4.675,4.516666,2.8,1.05,4.308333,4.8,3.225,3.6,4.141666,4.341666,4.616666,4.341666,3.733333,4.6,Yes
169010,No,14d8b814,QAHF,Part Time,4.3375,4.170833,No,1,D43425,001,QAHF,Elective,No,Masters1,2023,Summer,20232,2022-23,1.5,74.0,,,67.0,60.0,5.0,0.0,0.0,2.0,74.629997253418,0.0,No,Building2,W,18:00:00,3.25,8.0,3.98,4.44,4.5,3.1,1.04,4.12,4.3,3.0,3.12,4.02,4.28,4.42,4.2,4.04,4.52,Yes
169011,No,d8eb743a,QAHF,Part Time,4.663636,4.567442,No,1,C26850,001,QAHF,Elective,No,Masters1,2023,Summer,20232,2022-23,3.0,74.0,Prerequisites,,38.0,22.0,10.0,0.0,0.0,6.0,94.0,2.0,No,Building1,"M,T,W,R,F",09:00:00,8.5,12.0,4.212765,4.468085,4.361702,3.404255,1.340425,4.489361,4.510638,4.319148,4.106382,4.531914,4.510638,4.638297,4.446808,4.170212,4.617021,Yes
169013,No,35ff4b79,USIE,,4.85,4.841509,No,1,E44373,001,USIE,Elective,No,Masters1,2023,Summer,20232,2022-23,3.0,65.0,,Corequisite,57.0,40.0,11.0,0.0,0.0,6.0,91.5299987792969,0.0,No,Building1,"M,T,W,R,U",09:00:00,8.0,23.0,4.537037,4.777777,4.592592,3.314814,1.018518,4.833333,4.833333,3.37037,3.629629,4.648148,4.611111,4.851851,4.685185,4.259259,4.685185,Yes
169014,No,bab51045,USIE,Full Time,4.810526,4.6,No,1,U96439,001,USIE,Elective,No,Masters1,2023,Summer,20232,2022-23,3.0,74.0,,,64.0,47.0,6.0,0.0,0.0,11.0,89.3899993896484,0.0,No,Building1,"M,T,W,R,U",09:00:00,8.0,9.0,4.322033,4.762711,4.525423,2.915254,1.152542,4.59322,4.762711,3.220338,3.423728,4.101694,4.745762,4.881355,4.745762,3.98305,4.847457,Yes
169015,No,55ddf25f,CGCH,Full Time,4.649315,4.669333,No,1,O60984,001,SBFH,Elective,No,Masters1,2023,Summer,20232,2022-23,3.0,85.0,Prerequisites,,84.0,84.0,0.0,0.0,0.0,0.0,91.6699981689453,10.0,No,Building2,"M,W,F",08:30:00,3.25,39.0,4.207792,4.805194,4.467532,2.883116,0.987012,4.662337,4.636363,2.948051,3.428571,4.311688,4.480519,4.701298,4.610389,4.038961,4.636363,Yes
169016,No,55ddf25f,CGCH,Full Time,4.822222,4.673239,No,1,O60984,002,SBFH,Elective,No,Masters1,2023,Summer,20232,2022-23,3.0,85.0,Prerequisites,,85.0,85.0,0.0,0.0,0.0,0.0,88.2399978637695,1.0,No,Building2,"M,W,F",14:00:00,3.25,39.0,4.426666,4.773333,4.506666,2.813333,0.986666,4.6,4.693333,3.226666,3.72,4.413333,4.64,4.626666,4.426666,4.08,4.573333,Yes
169017,No,e71ad551,CGCH,Part Time,4.62,4.525,No,1,D49006,001,SBFH,Elective,No,Masters1,2023,Summer,20232,2022-23,3.0,74.0,Prerequisites,Corequisite,66.0,64.0,0.0,0.0,0.0,2.0,82.0899963378906,0.0,No,Building2,"M,W,F",14:00:00,3.25,10.0,4.30909,4.927272,4.836363,3.363636,1.036363,4.436363,4.563636,4.363636,3.618181,4.4,4.545454,4.563636,4.272727,3.581818,4.381818,Yes
169018,No,253ec0f8,OGPX,Full Time,4.763636,4.681578,No,1,T42714,001,SBFH,Elective,No,Masters1,2023,Summer,20232,2022-23,3.0,100.0,,Corequisite,99.0,98.0,0.0,0.0,0.0,1.0,82.4700012207031,0.0,No,Building2,"T,R",08:30:00,3.25,16.0,4.45,4.675,4.7375,2.6625,0.975,4.6125,4.75,4.1,3.9125,4.45,4.4875,4.7,4.55,3.975,4.675,Yes
169020,No,96256d7a,CGCH,,4.482842,4.466667,Yes,2,C17477,001,SBFH,Elective,No,Masters1,2023,Summer,20232,2022-23,3.0,100.0,Prerequisites,Corequisite,93.0,70.0,23.0,0.0,0.0,0.0,86.1699981689453,12.0,Yes,Building2,"M,T,W,R,F",09:00:00,8.0,3.0,4.28395,4.777777,4.679012,2.950617,1.0,4.382716,4.549382,4.407407,4.222222,4.135802,4.481481,4.65432,4.469135,4.061728,4.617283,Yes
169020,No,d8eb656b,NZJO,Full Time,4.706493,4.466667,Yes,2,C17477,001A,SBFH,Elective,No,Masters1,2023,Summer,20232,2022-23,3.0,100.0,Prerequisites,Corequisite,93.0,70.0,23.0,0.0,0.0,0.0,86.1699981689453,12.0,Yes,Building2,"M,T,W,R,F",09:00:00,8.0,3.0,4.28395,4.777777,4.679012,2.950617,1.0,4.382716,4.549382,4.407407,4.222222,4.135802,4.481481,4.65432,4.469135,4.061728,4.617283,No
169021,No,db9fa0d4,CGCH,Full Time,4.82,4.66,No,1,R96472,001,SBFH,Elective,No,Masters1,2023,Summer,20232,2022-23,1.5,60.0,,Corequisite,59.0,38.0,21.0,0.0,0.0,0.0,83.3300018310547,79.0,No,Building1,"T,W,R",09:00:00,8.0,20.0,4.32,4.68,4.3,3.02,1.0,4.66,4.82,2.84,3.26,4.54,4.6,4.74,4.62,4.08,4.6,Yes
169022,No,22fcfa2f,ZQOR,Full Time,4.959184,4.938776,No,1,Q44513,001,IGFY,Elective,No,Masters1,2023,Summer,20232,2022-23,3.0,50.0,,,50.0,50.0,0.0,0.0,0.0,0.0,98.0,34.0,No,Building2,"M,T,W,R,U",09:00:00,8.0,37.0,4.428571,4.795918,4.632653,3.142857,1.040816,4.938775,4.959183,2.795918,3.224489,4.693877,4.612244,4.897959,4.795918,4.612244,4.938775,Yes
169023,No,65d33764,VUFA,Part Time,3.864332,3.865217,Yes,2,Q88265,001,IGFY,Elective,No,Masters1,2023,Summer,20232,2022-23,3.0,74.0,,,67.0,65.0,2.0,0.0,0.0,0.0,81.8199996948242,0.0,Yes,Building2,"T,R",18:00:00,3.25,11.0,4.037037,4.407407,4.407407,3.314814,1.074074,3.759259,3.805555,3.111111,3.074074,3.722222,4.018518,4.203703,3.796296,4.037037,4.296296,Yes
169023,No,f8b2d7d9,ZQOR,Part Time,4.083333,3.865217,Yes,2,Q88265,001A,IGFY,Elective,No,Masters1,2023,Summer,20232,2022-23,3.0,74.0,,,67.0,65.0,2.0,0.0,0.0,0.0,81.8199996948242,0.0,Yes,Building2,"T,R",18:00:00,3.25,11.0,4.037037,4.407407,4.407407,3.314814,1.074074,3.759259,3.805555,3.111111,3.074074,3.722222,4.018518,4.203703,3.796296,4.037037,4.296296,No
169024,No,a1f188f8,ZQOR,Part Time,4.738461,4.735714,No,1,X37454,001,IGFY,Elective,No,Masters1,2023,Summer,20232,2022-23,1.5,36.0,,Corequisite,34.0,34.0,0.0,0.0,0.0,0.0,85.2900009155273,20.0,No,Building1,T,08:30:00,3.25,33.0,4.310344,4.931034,4.75862,3.620689,1.0,4.724137,4.551724,2.75862,3.068965,4.482758,4.620689,4.724137,4.689655,4.620689,4.896551,Yes
169025,No,2b86262a,ZQOR,Part Time,3.894737,4.133333,No,1,X37454,002,IGFY,Elective,No,Masters1,2023,Summer,20232,2022-23,1.5,36.0,,Corequisite,31.0,31.0,0.0,0.0,0.0,0.0,83.870002746582,1.0,No,Building1,"M,F",14:00:00,3.25,33.0,3.923076,4.153846,4.5,2.923076,0.923076,4.038461,3.461538,2.384615,2.76923,4.0,4.230769,4.230769,4.076923,4.076923,4.5,Yes
169026,No,0e8bba51,ZQOR,Full Time,4.111765,4.05,No,1,B51668,001,IGFY,Elective,No,Masters1,2023,Summer,20232,2022-23,3.0,74.0,,,36.0,28.0,7.0,0.0,1.0,0.0,90.4800033569336,0.0,No,Building1,"M,T,W,R,F",09:00:00,8.0,5.0,3.973684,4.447368,4.210526,3.026315,1.131578,3.921052,3.921052,3.973684,3.447368,3.842105,3.973684,3.710526,3.763157,3.026315,4.394736,Yes
169027,No,309d2564,ZQOR,Full Time,4.5125,4.183333,No,1,E82571,001,IGFY,Elective,No,Masters1,2023,Summer,20232,2022-23,3.0,74.0,,,48.0,12.0,24.0,0.0,1.0,11.0,77.0800018310547,0.0,No,Building1,"M,T,W,R,U",09:00:00,8.0,6.0,4.162162,4.81081,4.621621,3.135135,1.27027,4.162162,4.351351,3.081081,3.324324,4.0,4.486486,4.567567,4.189189,4.27027,4.486486,Yes
169028,No,9396b3cc,ZQOR,Part Time,4.721739,4.6,No,1,O31647,001,IGFY,Elective,No,Masters1,2023,Summer,20232,2022-23,1.5,73.0,,,25.0,15.0,10.0,0.0,0.0,0.0,88.8899993896484,0.0,No,Building1,"M,T,W,R,F",14:00:00,3.25,3.0,4.125,4.708333,4.708333,3.25,1.041666,4.583333,4.708333,2.5,3.583333,4.333333,4.541666,4.708333,4.583333,3.958333,4.75,No
169029,No,36d61998,VUFA,Full Time,4.548572,4.245714,No,1,U88506,001,WIRK,Elective,No,Masters1,2023,Summer,20232,2022-23,1.5,74.0,,,39.0,37.0,0.0,0.0,0.0,2.0,90.2399978637695,0.0,No,Building1,"T,R,F",10:20:00,1.5,1.0,4.0,4.405405,4.432432,2.972972,1.054054,4.108108,4.513513,2.972972,2.918918,3.891891,4.216216,4.27027,4.162162,4.189189,4.351351,Yes
169030,No,7357616a,VUFA,Full Time,4.827586,4.525926,No,1,T37978,001,WIRK,Elective,No,Masters1,2023,Summer,20232,2022-23,3.0,72.0,,,30.0,15.0,11.0,0.0,1.0,3.0,68.1800003051758,0.0,No,Building1,"M,T,W,R,U",09:00:00,8.0,10.0,4.233333,4.766666,4.633333,3.433333,1.366666,4.266666,4.666666,3.7,3.3,4.4,4.433333,4.633333,4.533333,4.333333,4.6,Yes
169031,No,3c5eb40f,VUFA,,4.350944,4.12549,No,1,U93849,001,WIRK,Elective,No,Masters1,2023,Summer,20232,2022-23,3.0,74.0,,,66.0,48.0,10.0,0.0,0.0,8.0,80.879997253418,0.0,No,Building1,"M,T,W,R,F",09:00:00,8.0,6.0,3.818181,4.472727,4.4,2.945454,1.10909,4.036363,4.236363,3.2,3.236363,4.072727,4.363636,4.418181,4.327272,3.927272,4.581818,Yes
169032,No,1a5caf29,VUFA,Part Time,4.531034,4.393548,No,1,V54255,001,WIRK,Elective,No,Masters1,2023,Summer,20232,2022-23,3.0,74.0,,,32.0,26.0,6.0,0.0,0.0,0.0,60.7099990844727,0.0,No,Building1,"M,T,W,R,U",09:00:00,8.0,1.0,4.147058,4.617647,4.264705,3.294117,1.323529,4.147058,4.264705,2.67647,3.058823,4.235294,4.352941,4.411764,4.264705,4.411764,4.558823,Yes
169050,No,640d2369,GYQP,Full Time,4.77037,4.588679,No,1,H81467,001,TRXC,Elective,No,Masters1,2023,Summer,20232,2022-23,3.0,72.0,,,57.0,47.0,0.0,0.0,0.0,10.0,76.3899993896484,0.0,No,Building2,"M,T,W,R,F",09:00:00,8.0,19.0,4.0,4.70909,4.690909,3.345454,1.163636,4.50909,4.727272,3.381818,3.527272,4.254545,4.6,4.563636,4.2,3.6,4.636363,Yes
169051,No,6f4c76ff,NZJO,Part Time,4.864516,4.701695,No,1,M06770,001,TRXC,Elective,No,Masters1,2023,Summer,20232,2022-23,3.0,74.0,,,64.0,60.0,2.0,0.0,0.0,2.0,85.1399993896484,0.0,No,Building2,"M,T,W,R,F",10:00:00,8.0,2.0,4.333333,4.761904,4.730158,2.920634,1.0,4.666666,4.857142,2.79365,3.285714,4.15873,4.666666,4.714285,4.539682,4.126984,4.571428,Yes
169070,No,0c45289c,AFQO,,4.537426,4.34159,No,1,A05341,001,SBFH,Elective,No,Masters1,2023,Summer,20232,2022-23,3.0,74.0,,Corequisite,58.0,35.0,23.0,0.0,0.0,0.0,77.6100006103516,0.0,No,Building1,"M,T,W,R,U",09:00:00,8.0,12.0,4.5,4.461538,4.326923,3.038461,0.980769,4.173076,4.384615,4.461538,4.096153,4.211538,4.192307,4.288461,3.942307,3.403846,4.26923,Yes
169071,No,ce8f8233,VUFA,Full Time,4.625,4.317647,No,1,G48390,001,WIRK,Elective,No,Masters1,2023,Summer,20232,2022-23,3.0,60.0,,,54.0,33.0,2.0,0.0,0.0,19.0,89.8300018310547,3.0,No,Building2,"M,T,W,R,F",09:00:00,8.0,7.0,4.169811,4.622641,4.528301,3.433962,1.26415,4.283018,4.603773,2.962264,3.245283,4.056603,4.509433,4.603773,4.45283,4.471698,4.698113,Yes
169073,No,b3a47ed1,QAHF,Full Time,4.821053,4.8,No,1,Q08967,001,WIRK,Elective,No,Masters1,2023,Summer,20232,2022-23,3.0,30.0,,,31.0,31.0,0.0,0.0,0.0,0.0,64.5199966430664,16.0,No,off-campus,"M,T,W,R,U",09:00:00,8.0,2.0,4.0,4.8,4.75,3.05,0.95,4.8,4.8,2.9,3.25,4.7,4.0,3.55,3.75,3.35,3.75,Yes
169132,Yes,8a9995d9,USIE,Full Time,3.716,3.476731,No,1,X06607,001,USIE,Core,No,Masters1,2023,Summer,20232,2022-23,1.5,74.0,Prerequisites,,64.0,64.0,0.0,0.0,0.0,0.0,84.379997253418,0.0,No,Building1,"T,R",12:10:00,1.5,32.0,3.592592,3.574074,4.092592,2.388888,0.962962,3.425925,3.574074,2.981481,3.055555,3.37037,3.629629,3.722222,3.388888,3.388888,3.87037,Yes
169133,Yes,8a9995d9,USIE,Full Time,3.896296,3.818868,No,1,X06607,002,USIE,Core,No,Masters1,2023,Summer,20232,2022-23,1.5,74.0,Prerequisites,,66.0,66.0,0.0,0.0,0.0,0.0,89.3899993896484,0.0,No,Building1,"T,R",14:30:00,1.5,32.0,3.745762,4.254237,4.423728,2.830508,0.98305,3.59322,3.779661,3.067796,3.033898,3.745762,3.864406,4.033898,3.728813,3.491525,4.237288,Yes
169135,Yes,8a9995d9,USIE,Full Time,3.30119,3.333375,No,1,X06607,003,USIE,Core,No,Masters1,2023,Summer,20232,2022-23,1.5,74.0,Prerequisites,,71.0,71.0,0.0,0.0,0.0,0.0,84.5100021362305,0.0,No,Building1,"T,R",16:15:00,1.5,32.0,3.716666,4.133333,4.383333,2.483333,0.983333,3.25,3.283333,2.983333,2.933333,3.316666,3.483333,3.5,3.4,3.266666,3.766666,Yes
169137,Yes,c2ded81a,USIE,Part Time,3.712523,3.277478,No,1,P92884,001,USIE,Elective,No,Masters1,2023,Summer,20232,2022-23,1.5,50.0,,,49.0,48.0,1.0,0.0,0.0,0.0,77.5500030517578,20.0,No,Building1,"M,F",18:00:00,3.25,4.0,3.789473,4.605263,4.131578,2.105263,0.973684,3.105263,3.526315,3.289473,3.473684,3.18421,3.18421,3.394736,3.236842,2.973684,4.052631,Yes
169205,No,b3a47ed1,QAHF,Full Time,4.857143,4.821053,No,1,C78116,300,QAHF,Core,No,Masters2,2023,Summer,20232,2022-23,3.0,72.0,,,33.0,0.0,33.0,0.0,0.0,0.0,63.6399993896484,0.0,No,Building2,"M, T, R, F",08:30:00,11.0,12.0,4.285714,5.0,4.714285,2.95238,1.190476,4.47619,4.857142,3.904761,3.571428,4.714285,4.523809,4.714285,4.666666,4.333333,4.857142,Yes
169220,No,2818e5bd,CGCH,Full Time,3.990124,4.312195,No,1,H97669,100,KAFN,Elective,No,Masters2,2023,Summer,20232,2022-23,3.0,120.0,,,99.0,0.0,99.0,0.0,0.0,0.0,88.8899993896484,0.0,No,off-campus,"T, W, R, F, S",09:00:00,8.0,2.0,4.03409,4.272727,4.193181,2.545454,0.965909,4.227272,3.897727,2.465909,2.988636,4.136363,3.840909,3.840909,3.829545,3.03409,4.25,Yes
169223,No,0bdf6216,ZQOR,Full Time,5.0,4.9,No,1,Y72396,300,IGFY,Core,No,Masters2,2023,Summer,20232,2022-23,3.0,74.0,,,33.0,0.0,33.0,0.0,0.0,0.0,60.6100006103516,0.0,No,Building2,"U, M, T, F",13:00:00,6.5,13.0,4.15,4.95,4.75,3.1,1.1,4.9,5.0,3.9,3.2,4.6,4.5,4.85,4.55,4.25,4.75,Yes
169225,No,4b95ef5e,ZQOR,,4.758823,4.641177,No,1,O67585,100,IGFY,Elective,No,Masters2,2023,Summer,20232,2022-23,3.0,74.0,,,67.0,0.0,67.0,0.0,0.0,0.0,55.2200012207031,5.0,No,Building1,"M, T, W, R, F",09:00:00,8.0,11.0,4.27027,4.891891,4.891891,2.81081,1.027027,4.567567,4.729729,3.297297,3.162162,4.648648,4.54054,4.675675,4.783783,4.432432,4.702702,Yes
169229,No,08470d1d,ZQOR,Part Time,4.944445,4.944445,No,1,W12434,100,IGFY,Elective,No,Masters2,2023,Summer,20232,2022-23,3.0,72.0,,,16.0,2.0,14.0,0.0,0.0,0.0,90.0,0.0,No,Building2,"M,T,W,R,F",09:00:00,8.0,2.0,4.333333,5.0,4.944444,2.833333,1.111111,4.944444,4.944444,3.222222,3.277777,4.777777,4.888888,4.888888,4.666666,4.055555,4.944444,Yes
169235,No,485b44df,VUFA,Full Time,4.623529,4.777778,No,1,Y61725,100,WIRK,Elective,No,Masters2,2023,Summer,20232,2022-23,3.0,72.0,,,21.0,1.0,20.0,0.0,0.0,0.0,78.2600021362305,0.0,No,Building2,"M, T, W, R, F",09:00:00,8.0,4.0,4.555555,4.833333,4.888888,2.888888,1.111111,4.777777,4.611111,3.333333,3.166666,4.5,4.555555,4.666666,4.555555,4.722222,4.777777,Yes
169237,No,e37960d2,VUFA,Part Time,4.765217,4.645454,Yes,3,Y52112,100,WIRK,Elective,No,Masters2,2023,Summer,20232,2022-23,3.0,53.0,,,30.0,1.0,29.0,0.0,0.0,0.0,63.1599998474121,0.0,Yes,Building2,"M,T,W,R,U",09:00:00,8.0,1.0,4.333333,4.625,4.583333,3.375,1.083333,4.541666,4.583333,3.0,3.083333,4.541666,4.791666,4.791666,4.708333,4.625,4.791666,Yes
169237,No,ba223305,YICC,Full Time,4.852174,4.645454,Yes,3,Y52112,100A,WIRK,Elective,No,Masters2,2023,Summer,20232,2022-23,3.0,53.0,,,30.0,1.0,29.0,0.0,0.0,0.0,63.1599998474121,0.0,Yes,Building2,"M,T,W,R,U",09:00:00,8.0,1.0,4.333333,4.625,4.583333,3.375,1.083333,4.541666,4.583333,3.0,3.083333,4.541666,4.791666,4.791666,4.708333,4.625,4.791666,No
169237,No,26ad11c9,VUFA,Part Time,4.639325,4.645454,Yes,3,Y52112,100B,WIRK,Elective,No,Masters2,2023,Summer,20232,2022-23,3.0,53.0,,,30.0,1.0,29.0,0.0,0.0,0.0,63.1599998474121,0.0,Yes,Building2,"M,T,W,R,U",09:00:00,8.0,1.0,4.333333,4.625,4.583333,3.375,1.083333,4.541666,4.583333,3.0,3.083333,4.541666,4.791666,4.791666,4.708333,4.625,4.791666,No
169243,No,35ff4b79,USIE,,4.686956,4.648,No,1,R26911,100,USIE,Elective,No,Masters2,2023,Summer,20232,2022-23,3.0,63.0,,,25.0,4.0,18.0,0.0,0.0,3.0,81.8199996948242,0.0,No,Building2,"M, T, W, R, F",09:00:00,8.0,2.0,4.481481,4.814814,4.703703,2.814814,1.222222,4.592592,4.407407,3.407407,3.555555,4.407407,4.444444,4.444444,4.37037,4.185185,4.481481,Yes
169275,No,b3a47ed1,QAHF,Full Time,4.805263,4.651429,No,1,C78116,001,QAHF,Core,No,Masters2,2023,Summer,20232,2022-23,3.0,74.0,,,45.0,0.0,45.0,0.0,0.0,0.0,85.1100006103516,0.0,No,Building2,"U, F, S",08:30:00,10.25,12.0,4.525,4.95,4.85,2.375,1.0,4.325,4.625,3.7,3.5,4.225,4.3,4.425,4.35,3.6,4.825,Yes
169276,No,b3a47ed1,QAHF,Full Time,4.853659,4.715,No,1,C78116,002,QAHF,Core,No,Masters2,2023,Summer,20232,2022-23,3.0,74.0,,,45.0,0.0,45.0,0.0,0.0,0.0,89.129997253418,0.0,No,Building2,"U, F, S",08:30:00,10.25,12.0,4.317073,4.829268,4.463414,2.512195,1.0,4.658536,4.853658,3.609756,3.439024,4.341463,4.414634,4.512195,4.414634,3.658536,4.829268,Yes
169279,No,76c98501,VQWP,,3.847059,4.157895,No,1,N88827,001,SBFH,Elective,No,Masters2,2023,Summer,20232,2022-23,3.0,74.0,,,50.0,0.0,50.0,0.0,0.0,0.0,86.0,0.0,No,Building2,"F, S",08:30:00,10.25,13.0,4.0,4.302325,4.116279,3.0,1.0,4.046511,3.627906,3.348837,3.581395,3.674418,3.511627,3.674418,3.813953,3.604651,3.906976,Yes
169281,No,76c98501,VQWP,,3.755556,3.791304,No,1,N88827,002,SBFH,Elective,No,Masters2,2023,Summer,20232,2022-23,3.0,74.0,,,71.0,0.0,71.0,0.0,0.0,0.0,77.4599990844727,0.0,No,Building2,"F, S",08:30:00,10.25,13.0,4.218181,4.563636,4.527272,2.636363,0.981818,3.70909,3.654545,3.618181,3.545454,3.454545,3.454545,3.618181,3.618181,3.2,4.0,Yes
169282,No,b15e2cc2,GYQP,Part Time,4.621622,4.77,No,1,N36516,100,SBFH,Elective,No,Masters2,2023,Summer,20232,2022-23,3.0,68.0,Prerequisites,Corequisite,46.0,2.0,44.0,0.0,0.0,0.0,93.4800033569336,0.0,No,Building2,"M,T,W,R,U",09:00:00,8.0,9.0,4.651162,4.88372,4.860465,2.790697,1.0,4.651162,4.302325,3.209302,3.674418,4.72093,4.627906,4.651162,4.534883,4.232558,4.744186,Yes
169286,No,603803a8,CGCH,Part Time,4.653333,4.613636,No,1,F62660,001,SBFH,Elective,No,Masters2,2023,Summer,20232,2022-23,3.0,60.0,,Corequisite,52.0,0.0,52.0,0.0,0.0,0.0,94.2300033569336,0.0,No,Building2,"F, S",08:30:00,10.25,4.0,4.469387,4.77551,4.77551,2.673469,0.979591,4.469387,4.530612,3.591836,3.265306,4.265306,4.530612,4.510204,4.489795,4.306122,4.612244,Yes
169288,No,603803a8,CGCH,Part Time,4.495833,4.404444,No,1,F62660,002,SBFH,Elective,No,Masters2,2023,Summer,20232,2022-23,3.0,60.0,,Corequisite,53.0,8.0,45.0,0.0,0.0,0.0,98.1100006103516,0.0,No,Building2,S,08:30:00,10.25,4.0,4.25,4.653846,4.75,3.115384,0.942307,4.346153,4.365384,3.51923,3.173076,4.230769,4.307692,4.51923,4.307692,4.211538,4.596153,Yes
169303,No,b5b44131,USIE,Part Time,4.515937,4.311763,No,1,A61877,001,USIE,Core,No,Masters2,2023,Summer,20232,2022-23,3.0,74.0,,,43.0,0.0,43.0,0.0,0.0,0.0,78.2600021362305,0.0,No,Building2,"U, S",08:30:00,10.25,11.0,4.527777,4.805555,4.861111,3.25,0.972222,4.138888,4.444444,2.777777,3.055555,3.861111,4.083333,4.194444,4.027777,3.972222,4.444444,Yes
169305,No,b5b44131,USIE,Part Time,4.451428,4.125714,No,1,A61877,002,USIE,Core,No,Masters2,2023,Summer,20232,2022-23,3.0,74.0,,,43.0,0.0,43.0,0.0,0.0,0.0,88.6399993896484,0.0,No,Building2,"U, S",08:30:00,10.25,11.0,4.205128,4.564102,4.641025,2.820512,0.974358,4.025641,4.282051,2.589743,3.333333,3.743589,4.102564,3.948717,4.230769,3.666666,4.25641,Yes
169307,No,f499bf33,USIE,Full Time,4.954839,4.96875,No,1,E62370,100,USIE,Elective,No,Masters2,2023,Summer,20232,2022-23,3.0,74.0,Prerequisites,,33.0,1.0,30.0,0.0,0.0,2.0,86.4899978637695,0.0,No,Building2,"M,T,W,R,U",09:00:00,8.0,5.0,4.4375,4.71875,4.6875,2.71875,1.15625,4.96875,4.9375,3.25,3.6875,4.59375,4.78125,4.90625,4.84375,4.3125,4.875,Yes
169311,No,4df386e8,USIE,Part Time,4.476923,4.266667,No,1,D71223,001,USIE,Elective,No,Masters2,2023,Summer,20232,2022-23,1.5,74.0,,,18.0,0.0,18.0,0.0,0.0,0.0,83.3300018310547,0.0,No,Building2,"F, S",08:30:00,10.25,4.0,4.066666,4.466666,4.0,3.333333,1.0,4.266666,4.466666,3.6,3.466666,4.133333,4.266666,4.4,4.266666,4.2,4.533333,Yes
169314,No,4df386e8,USIE,Part Time,4.714286,4.266667,No,1,D71223,002,USIE,Elective,No,Masters2,2023,Summer,20232,2022-23,1.5,50.0,,,15.0,3.0,12.0,0.0,0.0,0.0,87.5,0.0,No,Building2,S,08:30:00,10.25,4.0,4.071428,4.714285,4.642857,3.428571,0.857142,4.142857,4.714285,3.428571,3.785714,4.285714,4.357142,4.357142,4.285714,3.785714,4.0,Yes
169316,Yes,74314106,USIE,Part Time,4.540741,4.6,No,1,C68031,001,USIE,Elective,No,Masters2,2023,Summer,20232,2022-23,1.5,50.0,,,29.0,0.0,29.0,0.0,0.0,0.0,96.5500030517578,12.0,No,Building2,"F, S",08:30:00,7.0,1.0,4.5,4.75,4.607142,2.285714,1.0,4.428571,4.535714,3.928571,4.214285,4.5,4.142857,4.142857,3.964285,3.821428,4.535714,Yes
169337,No,225343cf,ZQOR,Full Time,2.964103,3.266667,No,1,W64260,001,IGFY,Elective,No,Masters2,2023,Summer,20232,2022-23,3.0,50.0,,,17.0,0.0,17.0,0.0,0.0,0.0,83.3300018310547,0.0,No,Building2,"F, S",08:30:00,10.25,4.0,3.866666,4.4,4.6,2.533333,1.0,3.333333,2.933333,4.133333,3.0,3.533333,3.6,3.333333,3.0,3.6,4.066666,Yes
169340,No,225343cf,ZQOR,Full Time,4.192307,4.144,No,1,W64260,002,IGFY,Elective,No,Masters2,2023,Summer,20232,2022-23,3.0,74.0,,,28.0,2.0,26.0,0.0,0.0,0.0,89.6600036621094,0.0,No,Building2,S,08:30:00,10.25,4.0,4.153846,4.692307,4.692307,3.115384,1.0,4.115384,4.192307,4.115384,3.576923,4.153846,3.961538,4.038461,3.884615,4.153846,4.192307,Yes
169342,No,00ed99b6,ZQOR,Part Time,4.746666,4.695652,No,1,Y74247,001,IGFY,Elective,No,Masters2,2023,Summer,20232,2022-23,3.0,74.0,,,52.0,0.0,52.0,0.0,0.0,0.0,83.6399993896484,0.0,No,Building2,"F, S",08:30:00,10.25,8.0,4.413043,4.565217,4.304347,3.108695,1.0,4.695652,4.717391,3.217391,3.347826,4.434782,4.543478,4.608695,4.630434,4.630434,4.760869,Yes
169345,No,a1f188f8,ZQOR,Part Time,4.81875,4.806061,No,1,Y54923,001,IGFY,Elective,No,Masters2,2023,Summer,20232,2022-23,1.5,36.0,,,35.0,0.0,35.0,0.0,0.0,0.0,97.1399993896484,30.0,No,Building2,"F, S",08:30:00,7.0,10.0,4.5,4.705882,4.882352,2.852941,1.0,4.794117,4.764705,3.17647,3.617647,4.529411,4.67647,4.735294,4.5,4.705882,4.882352,Yes
169348,No,2b86262a,ZQOR,Part Time,4.678261,4.525,No,1,Y54923,002,IGFY,Elective,No,Masters2,2023,Summer,20232,2022-23,1.5,36.0,,,33.0,0.0,33.0,0.0,0.0,0.0,75.7600021362305,8.0,No,Building2,S,08:30:00,10.25,10.0,4.08,4.92,4.68,3.04,0.96,4.44,4.4,2.88,3.2,4.48,4.56,4.72,4.6,4.6,4.84,Yes
169353,No,e5f50cbb,VUFA,Part Time,4.857143,4.507692,No,1,K88082,100,WIRK,Elective,No,Masters2,2023,Summer,20232,2022-23,3.0,74.0,,,13.0,0.0,12.0,0.0,1.0,0.0,100.0,0.0,No,Building2,"M,T,W,R",09:00:00,8.0,1.0,4.357142,4.857142,4.428571,2.857142,1.071428,4.357142,4.857142,2.5,3.428571,4.5,4.785714,4.642857,4.428571,3.785714,4.285714,Yes
169360,No,d46569f3,VUFA,Part Time,4.764706,4.773334,No,1,P10456,001,WIRK,Elective,No,Masters2,2023,Summer,20232,2022-23,1.5,50.0,,,16.0,3.0,13.0,0.0,0.0,0.0,100.0,0.0,No,Building2,S,08:30:00,10.25,2.0,4.294117,4.941176,4.588235,3.705882,1.058823,4.470588,4.764705,3.294117,3.470588,4.352941,4.647058,4.823529,4.647058,4.352941,4.470588,Yes
169436,Yes,9970f2e2,ZQOR,Part Time,4.4875,4.482353,No,1,F10115,001,KAFN,Elective,Yes,Masters1,2023,Summer,20232,2022-23,1.5,50.0,,,26.0,20.0,6.0,0.0,0.0,0.0,73.0800018310547,0.0,No,Building2,W,18:00:00,3.0,,4.421052,4.789473,4.68421,3.68421,1.052631,4.473684,4.421052,3.263157,2.894736,4.105263,4.315789,4.421052,4.368421,3.789473,4.526315,Yes
169437,No,8b24f98b,VUFA,Part Time,4.769231,4.615385,No,1,S24392,001,WIRK,Elective,Yes,Masters2,2023,Summer,20232,2022-23,1.5,28.0,,,15.0,0.0,15.0,0.0,0.0,0.0,86.6699981689453,0.0,No,Building2,S,08:30:00,10.25,,4.538461,4.923076,4.76923,3.153846,1.0,4.615384,4.76923,4.230769,4.076923,4.76923,4.846153,4.846153,4.615384,4.923076,5.0,Yes
171013,No,31ce692e,ZQOR,Full Time,4.344,3.984,No,1,B79101,001,IGFY,Elective,No,Masters2,2023,Summer,20232,2022-23,1.5,74.0,,,27.0,0.0,27.0,0.0,0.0,0.0,96.3000030517578,0.0,No,Building2,"F, S",08:30:00,10.25,4.0,3.961538,4.461538,4.423076,2.653846,1.038461,3.923076,4.307692,2.807692,3.038461,3.76923,4.307692,4.230769,3.615384,4.384615,4.615384,Yes
171015,No,922768f3,QAHF,Part Time,4.581818,4.513043,No,1,Q32632,001,QAHF,Elective,No,Masters2,2023,Summer,20232,2022-23,3.0,74.0,Prerequisites,,27.0,0.0,27.0,0.0,0.0,0.0,89.6600036621094,0.0,No,Building2,"F, S",08:30:00,10.25,9.0,4.653846,4.730769,4.730769,2.961538,1.038461,4.423076,4.230769,3.846153,3.26923,4.461538,4.26923,4.26923,4.26923,4.307692,4.653846,Yes
171263,No,f8fd0ba8,ZQOR,Full Time,4.392,4.558333,No,1,I78200,001,IGFY,Elective,No,Masters2,2023,Summer,20232,2022-23,3.0,74.0,,,59.0,0.0,59.0,0.0,0.0,0.0,86.4400024414063,0.0,No,Building2,"F, S",08:30:00,10.25,4.0,4.254901,4.705882,4.509803,3.549019,0.980392,4.549019,4.333333,2.843137,3.078431,4.274509,3.745098,4.078431,4.058823,3.72549,4.17647,Yes
171265,No,f8fd0ba8,ZQOR,Full Time,4.3875,4.533333,No,1,I78200,002,IGFY,Elective,No,Masters2,2023,Summer,20232,2022-23,3.0,74.0,,,21.0,1.0,20.0,0.0,0.0,0.0,82.6100006103516,0.0,No,Building2,S,08:30:00,10.25,4.0,4.0,4.578947,4.736842,3.105263,1.105263,4.526315,3.842105,2.578947,3.0,4.210526,3.736842,3.842105,4.052631,3.421052,3.578947,Yes
172204,No,f499bf33,USIE,Full Time,4.958621,4.729825,No,1,E62370,100,USIE,Elective,No,Masters2,2023,Summer,20232,2022-23,3.0,74.0,Prerequisites,,33.0,1.0,30.0,0.0,0.0,2.0,83.3300018310547,0.0,Yes,Building2,"M,T,W,R,U",09:00:00,8.0,5.0,4.633333,4.883333,4.683333,2.633333,1.033333,4.566666,4.866666,3.283333,3.883333,4.466666,4.7,4.85,4.716666,4.2,4.733333,Yes
172204,No,f499bf33,USIE,Full Time,4.958621,4.729825,No,1,Q74444,001,USIE,Elective,No,Masters1,2023,Summer,20232,2022-23,3.0,74.0,Prerequisites,,71.0,67.0,0.0,0.0,0.0,4.0,83.3300018310547,21.0,Yes,Building1,"M,T,W,R,F",09:00:00,8.0,11.0,4.633333,4.883333,4.683333,2.633333,1.033333,4.566666,4.866666,3.283333,3.883333,4.466666,4.7,4.85,4.716666,4.2,4.733333,Yes
172730,Yes,20df2d5a,ZQOR,Part Time,4.71,4.71,No,1,H23512,001,IGFY,Elective,No,Masters2,2023,Summer,20232,2022-23,3.0,50.0,Prerequisites,,22.0,0.0,22.0,0.0,0.0,0.0,100.0,0.0,No,Building2,S,08:30:00,10.25,5.0,4.40909,4.818181,4.545454,2.181818,1.0,4.636363,4.636363,3.545454,3.681818,4.636363,4.727272,4.772727,4.727272,4.681818,4.90909,Yes
173477,No,0bdf6216,ZQOR,Full Time,4.784616,4.884211,No,1,Y72396,001,IGFY,Core,No,Masters2,2023,Summer,20232,2022-23,3.0,74.0,,,46.0,0.0,46.0,0.0,0.0,0.0,83.3300018310547,0.0,No,Building2,"F, S",08:30:00,10.25,13.0,4.425,4.8,4.725,3.275,0.975,4.725,4.775,4.325,3.325,4.6,4.5,4.625,4.65,4.25,4.5,Yes
173479,No,0bdf6216,ZQOR,Full Time,4.682051,4.835897,No,1,Y72396,002,IGFY,Core,No,Masters2,2023,Summer,20232,2022-23,3.0,72.0,,,45.0,0.0,45.0,0.0,0.0,0.0,89.129997253418,0.0,No,Building2,"F, S",08:30:00,10.25,13.0,4.390243,4.634146,4.804878,2.902439,1.0,4.682926,4.536585,4.07317,3.390243,4.585365,4.390243,4.609756,4.512195,4.0,4.414634,Yes
174774,No,13b49786,CGCH,Full Time,4.401213,4.555102,Yes,2,F59053,001,SBFH,Elective,No,Masters2,2023,Summer,20232,2022-23,3.0,74.0,,Corequisite,63.0,0.0,63.0,0.0,0.0,0.0,82.5400009155273,0.0,Yes,Building2,T,18:00:00,3.0,2.0,4.346153,4.596153,4.461538,2.730769,0.942307,4.461538,4.403846,4.0,3.634615,4.307692,4.365384,4.538461,4.461538,4.192307,4.557692,Yes
174774,No,253ec0f8,OGPX,Full Time,4.632,4.555102,Yes,2,F59053,001A,SBFH,Elective,No,Masters2,2023,Summer,20232,2022-23,3.0,74.0,,Corequisite,63.0,0.0,63.0,0.0,0.0,0.0,82.5400009155273,0.0,Yes,Building2,T,18:00:00,3.0,2.0,4.346153,4.596153,4.461538,2.730769,0.942307,4.461538,4.403846,4.0,3.634615,4.307692,4.365384,4.538461,4.461538,4.192307,4.557692,No
174801,No,2ed50729,VUFA,,4.432,4.241667,No,1,P04779,001,WIRK,Elective,No,Masters1,2023,Summer,20232,2022-23,1.5,74.0,,,25.0,11.0,11.0,0.0,0.0,3.0,90.3199996948242,0.0,No,Building1,"M,T,W,R,F",08:30:00,3.25,2.0,4.0,4.678571,4.464285,2.857142,1.285714,4.0,4.321428,3.464285,3.642857,4.0,4.178571,4.392857,4.178571,4.178571,4.5,Yes
163681,No,f46cdadb,USIE,Part Time,4.01,4.152,No,1,H42208,001,USIE,Elective,No,Masters1,2023,Spring,20231,2022-23,3.0,60.0,,,26.0,25.0,0.0,1.0,0.0,0.0,88.4599990844727,0.0,No,Building1,"T,W,R,F,S",09:00:00,8.0,2.0,4.347826,4.434782,4.47826,2.652173,0.956521,4.086956,3.782608,4.0,3.782608,3.521739,3.47826,3.913043,3.73913,3.652173,4.173913,Yes
163682,No,f46cdadb,USIE,Part Time,4.113,4.181,No,1,X99789,001,USIE,Elective,No,Masters1,2023,Spring,20231,2022-23,3.0,74.0,,,40.0,32.0,0.0,8.0,0.0,0.0,79.629997253418,14.0,No,Building1,T,14:00:00,3.25,2.0,4.302325,4.44186,4.395348,3.093023,1.16279,4.139534,4.0,4.302325,3.976744,3.930232,3.488372,3.860465,4.0,3.697674,4.16279,Yes
163683,No,0859a977,USIE,Part Time,4.6,4.468,No,1,P92884,001,USIE,Elective,No,Masters1,2023,Spring,20231,2022-23,1.5,74.0,,,67.0,65.0,1.0,1.0,0.0,0.0,80.5999984741211,79.0,No,Building1,"R,F",17:30:00,3.75,3.0,4.388888,4.611111,4.537037,2.611111,0.962962,4.462962,4.592592,3.648148,4.018518,4.24074,4.277777,4.518518,4.24074,4.018518,4.555555,Yes
165060,No,14a85f87,QAHF,Part Time,3.738,3.863,No,1,B80262,002,QAHF,Core,No,Masters1,2023,Spring,20231,2022-23,3.0,74.0,,,66.0,66.0,0.0,0.0,0.0,0.0,90.4100036621094,0.0,No,Building1,"T,R",14:00:00,1.5,33.0,4.136363,4.196969,4.272727,2.893939,1.045454,3.666666,3.651515,3.712121,3.257575,3.757575,3.454545,3.560606,3.621212,3.242424,4.121212,Yes
165061,No,d68d7e71,QAHF,,4.509,4.583,No,1,D43425,001,QAHF,Elective,No,Masters1,2023,Spring,20231,2022-23,1.5,74.0,,,13.0,12.0,0.0,0.0,0.0,1.0,92.3099975585938,0.0,No,Building1,"M,W",08:30:00,1.5,6.0,4.166666,4.666666,4.666666,3.0,1.083333,4.583333,4.5,3.0,3.5,4.5,4.333333,4.5,4.333333,3.833333,4.333333,Yes
165062,No,d68d7e71,QAHF,,4.748,4.34,No,1,D43425,002,QAHF,Elective,No,Masters1,2023,Spring,20231,2022-23,1.5,74.0,,,55.0,48.0,0.0,1.0,0.0,6.0,88.6800003051758,0.0,No,Building1,"M,W",10:20:00,1.5,6.0,4.085106,4.87234,4.851063,2.829787,1.042553,4.340425,4.617021,3.191489,3.446808,4.276595,4.297872,4.446808,4.276595,3.595744,4.489361,Yes
165063,No,c01c5699,QAHF,Full Time,4.24,4.44,No,1,O00432,001,QAHF,Elective,No,Masters1,2023,Spring,20231,2022-23,3.0,50.0,,,17.0,13.0,0.0,2.0,0.0,2.0,84.2099990844727,0.0,No,Building2,"T,R",10:20:00,1.5,6.0,3.875,4.5,4.5625,3.3125,1.125,4.4375,4.1875,2.8125,3.3125,4.1875,3.9375,4.4375,4.1875,3.6875,4.3125,Yes
165064,No,c01c5699,QAHF,Full Time,4.641,4.333,No,1,O00432,002,QAHF,Elective,No,Masters1,2023,Spring,20231,2022-23,3.0,73.0,,,26.0,17.0,0.0,1.0,0.0,8.0,85.7099990844727,0.0,No,Building2,"T,R",14:00:00,1.5,6.0,4.033333,4.666666,4.5,3.3,1.466666,4.333333,4.633333,3.233333,3.7,4.2,4.366666,4.533333,4.5,4.166666,4.666666,Yes
165065,No,2bff6ff0,QAHF,Part Time,3.074,3.452,No,1,C26850,001,QAHF,Elective,No,Masters1,2023,Spring,20231,2022-23,3.0,74.0,Prerequisites,,62.0,48.0,0.0,2.0,0.0,12.0,78.3300018310547,0.0,No,Building2,W,18:00:00,3.25,10.0,3.978723,4.148936,4.255319,3.297872,1.106382,3.361702,3.042553,3.425531,2.829787,3.361702,3.319148,3.468085,3.468085,3.80851,3.468085,Yes
165066,No,c8c8050e,QAHF,Full Time,3.855,4.067,No,1,U42948,001,QAHF,Elective,No,Masters1,2023,Spring,20231,2022-23,3.0,38.0,,,35.0,34.0,0.0,0.0,0.0,1.0,44.1199989318848,13.0,No,Building1,T,08:30:00,3.25,3.0,4.066666,4.333333,4.333333,3.066666,1.0,3.866666,3.666666,4.066666,4.4,3.933333,3.666666,3.8,3.8,3.533333,4.2,No
165068,No,c8c8050e,QAHF,Full Time,3.296,3.708,No,1,U42948,002,QAHF,Elective,No,Masters1,2023,Spring,20231,2022-23,3.0,38.0,,,35.0,35.0,0.0,0.0,0.0,0.0,47.060001373291,5.0,No,Building1,W,08:30:00,3.25,3.0,4.25,4.4375,4.1875,2.875,1.0,3.375,3.25,4.125,4.75,3.625,2.6875,2.8125,3.0625,2.875,3.6875,No
165069,No,c8c8050e,QAHF,Full Time,3.894,4.129,No,1,U42948,003,QAHF,Elective,No,Masters1,2023,Spring,20231,2022-23,3.0,38.0,,,37.0,32.0,1.0,1.0,0.0,3.0,51.3499984741211,7.0,No,Building1,R,08:30:00,3.25,3.0,4.052631,4.473684,4.157894,2.842105,1.0,4.0,3.789473,4.315789,4.157894,4.105263,3.0,3.368421,3.526315,3.210526,4.052631,No
165070,No,0f3dc5dd,QAHF,Full Time,4.568,4.479,No,1,C44311,001,QAHF,Elective,No,Masters1,2023,Spring,20231,2022-23,3.0,74.0,Prerequisites,Corequisite,53.0,26.0,0.0,25.0,0.0,2.0,84.4800033569336,0.0,No,Building1,M,14:00:00,3.25,2.0,4.0,4.448979,4.632653,3.612244,1.10204,4.408163,4.510204,3.020408,3.081632,4.163265,4.142857,4.32653,4.285714,4.061224,4.346938,Yes
165071,No,d68d7e71,QAHF,,4.821,4.482,No,1,W20303,001,QAHF,Elective,No,Masters1,2023,Spring,20231,2022-23,3.0,74.0,,,44.0,35.0,0.0,9.0,0.0,0.0,68.4199981689453,0.0,No,Building1,"M,W",08:30:00,3.25,2.0,4.179487,4.692307,4.564102,3.179487,1.051282,4.333333,4.820512,3.205128,3.461538,4.25641,4.538461,4.589743,4.564102,4.307692,4.51282,Yes
165084,No,11a4baed,KFZN,,3.992,4.065,No,1,Z50321,001,TRXC,Elective,No,Masters1,2023,Spring,20231,2022-23,1.5,74.0,Prerequisites,,62.0,61.0,1.0,0.0,0.0,0.0,94.9199981689453,40.0,No,Building1,M,08:30:00,3.25,3.0,3.928571,4.517857,4.446428,2.75,0.982142,3.982142,3.821428,3.142857,3.214285,3.785714,3.660714,3.767857,3.625,3.017857,4.285714,Yes
165085,No,11a4baed,KFZN,,3.893,4.091,No,1,T20893,001,TRXC,Elective,No,Masters1,2023,Spring,20231,2022-23,3.0,50.0,Prerequisites,,47.0,46.0,1.0,0.0,0.0,0.0,82.6100006103516,26.0,No,Building2,W,08:30:00,3.25,1.0,4.315789,4.236842,4.210526,3.18421,1.0,3.921052,3.736842,4.631578,3.447368,3.842105,3.605263,3.631578,3.815789,3.394736,3.947368,Yes
165086,No,bdf25857,NZJO,Full Time,4.761,4.712,No,1,H81467,001,TRXC,Elective,No,Masters1,2023,Spring,20231,2022-23,3.0,69.0,,,46.0,41.0,1.0,2.0,0.0,2.0,93.4800033569336,0.0,No,Building1,"T,W,R,F,S",09:00:00,8.0,16.0,4.511627,4.860465,4.534883,3.465116,1.0,4.697674,4.697674,3.581395,3.44186,4.651162,4.72093,4.767441,4.790697,3.976744,4.767441,Yes
165087,No,54871f7d,NZJO,,4.292,4.338,No,1,H81467,002,TRXC,Elective,No,Masters1,2023,Spring,20231,2022-23,3.0,74.0,,,45.0,37.0,2.0,4.0,0.0,2.0,88.0,2.0,No,Building1,R,08:30:00,3.25,16.0,4.136363,4.545454,4.613636,3.272727,1.136363,4.295454,4.113636,3.136363,3.045454,4.181818,4.295454,4.25,4.40909,3.863636,4.590909,Yes
165088,No,54871f7d,NZJO,,4.185,4.108,No,1,H81467,003,TRXC,Elective,No,Masters1,2023,Spring,20231,2022-23,3.0,70.0,,,52.0,46.0,0.0,3.0,0.0,3.0,80.7699966430664,0.0,No,Building2,R,14:00:00,3.25,16.0,4.190476,4.357142,4.428571,3.380952,1.023809,3.95238,4.142857,3.238095,3.166666,4.190476,4.095238,4.0,4.238095,3.357142,4.309523,Yes
165089,No,a4a774c1,QJJF,Full Time,3.823,3.846,No,1,R47140,001,TRXC,Elective,No,Masters1,2023,Spring,20231,2022-23,3.0,74.0,,,34.0,31.0,1.0,0.0,0.0,2.0,77.5,0.0,No,Building1,R,14:00:00,3.25,2.0,4.064516,4.32258,4.0,2.806451,1.16129,3.677419,3.548387,3.129032,2.903225,3.419354,3.48387,3.709677,3.580645,3.419354,3.774193,Yes
165090,No,ed40ef17,NZJO,Part Time,4.324,4.283,Yes,2,P69262,001,TRXC,Elective,No,Masters1,2023,Spring,20231,2022-23,3.0,150.0,,,101.0,88.0,8.0,4.0,0.0,1.0,93.0699996948242,0.0,Yes,Building2,"T,W,R,F,S",09:00:00,8.0,2.0,3.93617,4.489361,4.287234,3.24468,1.021276,4.127659,4.351063,2.957446,3.340425,3.968085,4.127659,4.468085,4.37234,3.382978,4.489361,Yes
165090,No,5acfc014,YICC,Full Time,4.588,4.283,Yes,2,P69262,001A,TRXC,Elective,No,Masters1,2023,Spring,20231,2022-23,3.0,150.0,,,101.0,88.0,8.0,4.0,0.0,1.0,93.0699996948242,0.0,Yes,Building2,"T,W,R,F,S",09:00:00,8.0,2.0,3.93617,4.489361,4.287234,3.24468,1.021276,4.127659,4.351063,2.957446,3.340425,3.968085,4.127659,4.468085,4.37234,3.382978,4.489361,No
165091,No,5747340c,NZJO,Full Time,4.4,4.678,No,1,K21507,001,TRXC,Elective,No,Masters1,2023,Spring,20231,2022-23,1.5,50.0,,,24.0,19.0,0.0,3.0,0.0,2.0,74.0699996948242,0.0,No,Building2,"M,W",08:30:00,1.5,10.0,4.15,4.8,4.8,3.65,1.2,4.6,4.3,3.3,3.25,4.55,4.35,4.0,4.35,3.9,4.7,Yes
165092,No,5747340c,NZJO,Full Time,4.248,4.45,No,1,K21507,002,TRXC,Elective,No,Masters1,2023,Spring,20231,2022-23,1.5,50.0,,,42.0,41.0,0.0,0.0,0.0,1.0,87.8000030517578,0.0,No,Building2,"M,W",10:20:00,1.5,10.0,4.083333,4.777777,4.555555,3.25,1.027777,4.416666,4.083333,3.777777,3.222222,4.055555,3.916666,4.083333,4.277777,3.5,4.555555,Yes
165093,No,0432450b,NZJO,Full Time,4.735,4.624,No,1,G58277,001,TRXC,Elective,No,Masters1,2023,Spring,20231,2022-23,3.0,50.0,,,47.0,43.0,0.0,1.0,0.0,3.0,95.7399978637695,1.0,No,Building2,"M,W",14:00:00,1.5,4.0,4.355555,4.866666,4.733333,3.4,1.022222,4.488888,4.622222,3.533333,3.688888,4.266666,4.155555,4.444444,4.577777,3.866666,4.6,Yes
165094,No,0432450b,NZJO,Full Time,4.557,4.553,No,1,G58277,002,TRXC,Elective,No,Masters1,2023,Spring,20231,2022-23,3.0,50.0,,,36.0,32.0,0.0,4.0,0.0,0.0,95.5599975585938,11.0,No,Building2,"M,W",15:50:00,1.5,4.0,4.093023,4.651162,4.581395,3.395348,1.16279,4.44186,4.395348,3.372093,3.44186,4.232558,4.069767,4.325581,4.348837,3.488372,4.302325,Yes
165095,No,bfe76817,NZJO,Full Time,3.86,3.956,No,1,T08112,001,TRXC,Elective,No,Masters1,2023,Spring,20231,2022-23,3.0,74.0,,,67.0,66.0,0.0,0.0,0.0,1.0,86.5699996948242,22.0,No,Building1,W,14:00:00,3.25,2.0,3.896551,4.327586,4.362068,3.465517,0.965517,3.827586,3.620689,3.224137,2.810344,3.689655,3.844827,3.620689,3.844827,3.568965,4.103448,Yes
165096,No,7b190889,NZJO,Full Time,4.676,4.331,No,1,F18137,001,TRXC,Elective,No,Masters1,2023,Spring,20231,2022-23,3.0,47.0,Prerequisites,,33.0,24.0,0.0,0.0,0.0,9.0,83.3300018310547,2.0,No,Building1,R,08:30:00,3.25,2.0,4.166666,4.666666,4.6,3.066666,1.166666,4.3,4.666666,3.433333,3.433333,4.266666,4.533333,4.666666,4.5,4.533333,4.733333,Yes
165097,No,98ffe2d9,NZJO,Part Time,4.26,4.124,No,1,S31075,001,TRXC,Elective,No,Masters1,2023,Spring,20231,2022-23,3.0,74.0,,,22.0,22.0,0.0,0.0,0.0,0.0,88.0,0.0,No,Building1,"T,R",10:20:00,1.5,1.0,3.863636,4.272727,4.454545,2.272727,1.136363,4.090909,4.181818,2.772727,2.954545,3.772727,3.954545,4.272727,4.045454,3.40909,4.454545,No
165098,No,d8eb656b,NZJO,Full Time,4.741,4.557,Yes,2,X04354,001A,TRXC,Elective,No,Masters1,2023,Spring,20231,2022-23,3.0,99.0,,,101.0,99.0,1.0,0.0,0.0,1.0,95.0,14.0,Yes,Building2,"T,W,R,F,S",09:00:00,8.0,1.0,4.231578,4.789473,4.747368,2.88421,1.010526,4.452631,4.7,3.610526,3.831578,4.147368,4.536842,4.673684,4.526315,3.515789,4.610526,No
165098,No,8c4fa1f6,GYQP,Full Time,4.749,4.557,Yes,2,X04354,001,TRXC,Elective,No,Masters1,2023,Spring,20231,2022-23,3.0,99.0,,,101.0,99.0,1.0,0.0,0.0,1.0,95.0,14.0,Yes,Building2,"T,W,R,F,S",09:00:00,8.0,1.0,4.231578,4.789473,4.747368,2.88421,1.010526,4.452631,4.7,3.610526,3.831578,4.147368,4.536842,4.673684,4.526315,3.515789,4.610526,Yes
165099,No,c5fc3880,VUFA,Part Time,4.661,4.582,No,1,R90868,001,KAFN,Elective,No,Masters1,2023,Spring,20231,2022-23,3.0,40.0,,,31.0,23.0,8.0,0.0,0.0,0.0,75.7600021362305,0.0,No,Building1,W,18:00:00,3.25,1.0,4.68,4.56,4.36,3.28,0.92,4.52,4.64,4.64,3.4,4.6,4.44,4.56,4.4,4.4,4.52,Yes
165100,No,5ae198be,VUFA,Full Time,4.436,4.517,No,1,W26868,001,KAFN,Elective,No,Masters1,2023,Spring,20231,2022-23,3.0,40.0,,,40.0,38.0,0.0,0.0,0.0,2.0,72.5,27.0,No,Building1,W,10:20:00,1.5,1.0,4.068965,4.586206,4.344827,2.413793,0.965517,4.275862,4.172413,3.310344,3.034482,3.655172,3.689655,3.896551,3.620689,3.172413,4.413793,Yes
165101,No,35ff4b79,USIE,,4.8,4.585,No,1,D89296,001,KAFN,Elective,No,Masters1,2023,Spring,20231,2022-23,3.0,30.0,,,30.0,30.0,0.0,0.0,0.0,0.0,93.5500030517578,34.0,No,Building1,"W,F",13:30:00,6.0,1.0,4.0,4.655172,4.344827,2.551724,0.965517,4.413793,4.551724,2.620689,3.172413,3.931034,4.37931,4.37931,4.068965,4.034482,4.37931,Yes
165102,No,6f524189,CGCH,Part Time,4.72,4.68,No,1,S40098,001,KAFN,Elective,No,Masters1,2023,Spring,20231,2022-23,3.0,30.0,,,30.0,29.0,0.0,0.0,0.0,1.0,83.3300018310547,20.0,No,Building2,T,10:20:00,1.5,2.0,4.48,4.56,4.44,2.56,0.92,4.68,4.72,3.56,3.36,4.24,4.44,4.6,4.6,4.28,4.6,Yes
165103,No,254659ca,VUFA,Full Time,4.414,4.413,No,1,S61802,001,KAFN,Elective,No,Masters1,2023,Spring,20231,2022-23,3.0,32.0,,,25.0,25.0,0.0,0.0,0.0,0.0,70.8300018310547,0.0,No,Building1,"R,F",10:20:00,1.5,8.0,4.235294,4.470588,4.470588,2.529411,1.0,4.411764,4.411764,3.411764,3.294117,4.352941,4.0,4.0,3.941176,4.058823,4.352941,Yes
165104,No,603803a8,CGCH,Part Time,4.885,4.846,No,1,E77301,001,KAFN,Elective,No,Masters1,2023,Spring,20231,2022-23,3.0,30.0,,,30.0,30.0,0.0,0.0,0.0,0.0,86.6699981689453,24.0,No,Building1,T,08:30:00,1.5,1.0,4.26923,4.884615,4.576923,2.615384,1.0,4.846153,4.884615,2.884615,3.307692,4.423076,4.653846,4.730769,4.807692,4.461538,4.346153,Yes
165105,No,86629cfe,ZQOR,,4.966,4.966,No,1,H58653,001,KAFN,Elective,No,Masters1,2023,Spring,20231,2022-23,3.0,30.0,,,30.0,30.0,0.0,0.0,0.0,0.0,96.6699981689453,28.0,No,Building1,T,14:00:00,1.5,4.0,4.689655,5.0,4.896551,2.655172,1.0,4.965517,4.965517,3.103448,3.689655,4.551724,4.827586,4.965517,4.75862,4.413793,4.931034,Yes
165106,No,a8a5288b,ZQOR,Full Time,4.96,4.96,No,1,P25315,001,KAFN,Elective,No,Masters1,2023,Spring,20231,2022-23,3.0,30.0,,,30.0,29.0,0.0,0.0,0.0,1.0,83.3300018310547,32.0,No,Building2,T,10:20:00,1.5,5.0,4.6,4.96,4.72,2.68,1.0,4.96,4.96,2.84,3.2,4.56,4.6,4.88,4.92,4.48,4.96,Yes
165107,No,d8eb656b,NZJO,Full Time,4.444,4.274,No,1,Q13134,001,KAFN,Elective,No,Masters1,2023,Spring,20231,2022-23,1.5,100.0,,,95.0,94.0,0.0,0.0,0.0,1.0,76.8399963378906,58.0,No,Building2,W,14:00:00,3.25,1.0,4.09589,4.575342,4.575342,3.410958,0.945205,4.19178,4.424657,2.739726,3.219178,4.123287,4.013698,4.246575,4.164383,3.219178,4.39726,Yes
165138,No,f3b2a2e4,USIE,Full Time,4.789,4.573,No,1,E78524,001,USIE,Core,No,Masters1,2023,Spring,20231,2022-23,1.5,74.0,,,68.0,68.0,0.0,0.0,0.0,0.0,85.2900009155273,0.0,No,Building1,"T,R",14:00:00,1.5,32.0,4.206896,4.741379,4.655172,3.137931,0.948275,4.517241,4.741379,3.189655,3.224137,4.25862,4.603448,4.689655,4.620689,4.396551,4.620689,Yes
165139,No,f3b2a2e4,USIE,Full Time,4.93,4.735,No,1,E78524,002,USIE,Core,No,Masters1,2023,Spring,20231,2022-23,1.5,74.0,,,65.0,65.0,0.0,0.0,0.0,0.0,96.9700012207031,1.0,No,Building1,"T,R",10:20:00,1.5,32.0,4.53125,4.953125,4.6875,3.265625,1.0,4.65625,4.921875,3.1875,3.296875,4.265625,4.703125,4.875,4.765625,4.390625,4.78125,Yes
165140,No,f3b2a2e4,USIE,Full Time,4.866,4.567,No,1,E78524,003,USIE,Core,No,Masters1,2023,Spring,20231,2022-23,1.5,74.0,,,69.0,69.0,0.0,0.0,0.0,0.0,95.5899963378906,0.0,No,Building1,"T,R",08:30:00,1.5,32.0,4.246153,4.830769,4.784615,3.0,0.984615,4.507692,4.738461,3.107692,3.246153,4.246153,4.553846,4.676923,4.538461,4.030769,4.615384,Yes
165141,No,f126b8e1,USIE,Full Time,4.794,4.66,No,1,N10444,001,USIE,Core,No,Masters1,2023,Spring,20231,2022-23,1.5,74.0,Prerequisites,,73.0,73.0,0.0,0.0,0.0,0.0,87.6699981689453,0.0,No,Building1,"T,R",14:00:00,1.5,32.0,4.3125,4.78125,4.671875,3.0625,0.953125,4.65625,4.78125,3.375,3.53125,4.171875,4.359375,4.640625,4.5625,4.109375,4.59375,Yes
165142,No,f126b8e1,USIE,Full Time,4.818,4.772,No,1,N10444,002,USIE,Core,No,Masters1,2023,Spring,20231,2022-23,1.5,74.0,Prerequisites,,71.0,71.0,0.0,0.0,0.0,0.0,95.7699966430664,0.0,No,Building1,"T,R",10:20:00,1.5,32.0,4.529411,4.852941,4.75,3.029411,0.985294,4.661764,4.67647,3.367647,3.573529,4.411764,4.514705,4.764705,4.573529,4.191176,4.735294,Yes
165143,No,f126b8e1,USIE,Full Time,4.872,4.741,No,1,N10444,003,USIE,Core,No,Masters1,2023,Spring,20231,2022-23,1.5,74.0,Prerequisites,,73.0,73.0,0.0,0.0,0.0,0.0,87.6699981689453,0.0,No,Building1,"T,R",15:50:00,1.5,32.0,4.53125,4.65625,4.65625,3.140625,0.984375,4.65625,4.78125,3.375,3.53125,4.34375,4.484375,4.703125,4.53125,3.890625,4.65625,Yes
165144,No,0a270635,USIE,Full Time,4.194,3.711,No,1,X06607,001,USIE,Core,No,Masters1,2023,Spring,20231,2022-23,1.5,74.0,Prerequisites,,69.0,69.0,0.0,0.0,0.0,0.0,91.3000030517578,0.0,No,Building1,"M,W",08:30:00,1.5,23.0,3.444444,4.555555,4.63492,2.460317,1.0,3.63492,4.126984,3.269841,3.238095,3.587301,4.174603,4.492063,4.174603,3.412698,4.539682,Yes
165145,No,26b8dc1d,USIE,Full Time,4.204,3.786,No,1,X06607,002,USIE,Core,No,Masters1,2023,Spring,20231,2022-23,1.5,74.0,Prerequisites,,56.0,56.0,0.0,0.0,0.0,0.0,83.9300003051758,0.0,No,Building1,"M,W",14:00:00,1.5,23.0,3.659574,4.297872,4.297872,2.276595,1.0,3.723404,4.148936,3.212765,3.234042,3.574468,3.93617,4.191489,4.0,3.659574,4.212765,Yes
165146,No,f499bf33,USIE,Full Time,4.827,4.29,No,1,X06607,003,USIE,Core,No,Masters1,2023,Spring,20231,2022-23,1.5,74.0,Prerequisites,,69.0,69.0,0.0,0.0,0.0,0.0,88.4100036621094,0.0,No,Building1,"M,W",08:30:00,1.5,23.0,3.868852,4.540983,4.475409,2.459016,0.967213,4.245901,4.786885,3.311475,3.409836,4.065573,4.459016,4.672131,4.245901,3.786885,4.672131,Yes
165147,No,f499bf33,USIE,Full Time,4.89,4.073,No,1,X06607,004,USIE,Core,No,Masters1,2023,Spring,20231,2022-23,1.5,74.0,Prerequisites,,59.0,59.0,0.0,0.0,0.0,0.0,84.75,0.0,No,Building1,"M,W",14:00:00,1.5,23.0,3.74,4.48,4.34,2.48,1.0,4.06,4.88,2.88,3.04,3.84,4.44,4.7,4.22,3.8,4.44,Yes
165148,No,26b8dc1d,USIE,Full Time,4.154,3.956,No,1,X06607,005,USIE,Core,No,Masters1,2023,Spring,20231,2022-23,1.5,74.0,Prerequisites,,68.0,68.0,0.0,0.0,0.0,0.0,89.7099990844727,0.0,No,Building1,"M,W",08:30:00,1.5,23.0,3.819672,4.377049,4.52459,2.704918,0.983606,3.836065,4.016393,3.081967,3.081967,3.786885,4.032786,4.163934,4.114754,3.737704,4.409836,Yes
165149,No,26b8dc1d,USIE,Full Time,3.868,3.521,No,1,X06607,006,USIE,Core,No,Masters1,2023,Spring,20231,2022-23,1.5,74.0,Prerequisites,,72.0,72.0,0.0,0.0,0.0,0.0,87.5,0.0,No,Building1,"M,W",10:20:00,1.5,23.0,3.682539,4.31746,4.142857,2.238095,1.0,3.349206,3.698412,3.285714,3.301587,3.492063,3.746031,3.825396,3.730158,3.428571,4.079365,Yes
165150,No,0a270635,USIE,Full Time,4.103,3.749,No,1,X06607,007,USIE,Core,No,Masters1,2023,Spring,20231,2022-23,1.5,74.0,Prerequisites,,72.0,72.0,0.0,0.0,0.0,0.0,86.1100006103516,0.0,No,Building1,"M,W",10:20:00,1.5,23.0,3.629032,4.548387,4.451612,2.548387,0.967741,3.66129,4.048387,3.177419,3.080645,3.758064,4.112903,4.209677,4.016129,3.5,4.258064,Yes
165151,No,0a270635,USIE,Full Time,4.463,3.85,No,1,X06607,008,USIE,Core,No,Masters1,2023,Spring,20231,2022-23,1.5,74.0,Prerequisites,,48.0,48.0,0.0,0.0,0.0,0.0,93.75,0.0,No,Building1,"M,W",14:00:00,1.5,23.0,3.688888,4.422222,4.511111,2.222222,1.0,3.733333,4.355555,3.222222,3.266666,3.555555,4.355555,4.422222,4.177777,3.666666,4.555555,Yes
165152,No,f499bf33,USIE,Full Time,4.886,4.218,No,1,X06607,009,USIE,Core,No,Masters1,2023,Spring,20231,2022-23,1.5,74.0,Prerequisites,,74.0,74.0,0.0,0.0,0.0,0.0,90.5400009155273,0.0,No,Building1,"M,W",10:20:00,1.5,23.0,3.850746,4.776119,4.791044,2.283582,0.985074,4.194029,4.80597,3.149253,3.358208,4.044776,4.477611,4.656716,4.507462,3.895522,4.731343,Yes
165153,Yes,fed27360,USIE,Part Time,4.48,4.463,Yes,2,E39588,001,USIE,Elective,No,Masters1,2023,Spring,20231,2022-23,3.0,36.0,,,35.0,13.0,6.0,1.0,0.0,15.0,56.4099998474121,4.0,Yes,Building1,T,18:00:00,3.25,1.0,4.090909,4.5,4.545454,3.272727,1.545454,4.40909,4.477272,3.545454,3.318181,3.954545,4.227272,4.363636,4.227272,4.318181,4.454545,Yes
165153,No,11d2574d,USIE,Full Time,4.61,4.463,Yes,2,E39588,001A,USIE,Elective,No,Masters1,2023,Spring,20231,2022-23,3.0,36.0,,,35.0,13.0,6.0,1.0,0.0,15.0,56.4099998474121,4.0,Yes,Building1,T,18:00:00,3.25,1.0,4.090909,4.5,4.545454,3.272727,1.545454,4.40909,4.477272,3.545454,3.318181,3.954545,4.227272,4.363636,4.227272,4.318181,4.454545,No
165154,No,dcc276a3,USIE,Full Time,4.372,4.365,No,1,I78372,001,USIE,Elective,No,Masters1,2023,Spring,20231,2022-23,1.5,74.0,Prerequisites,,45.0,40.0,0.0,0.0,0.0,5.0,91.1100006103516,0.0,No,Building2,M,14:00:00,3.25,4.0,3.951219,4.414634,4.414634,2.585365,1.07317,4.341463,4.146341,3.195121,3.365853,4.121951,3.975609,4.243902,4.09756,3.634146,4.268292,Yes
165155,No,dcc276a3,USIE,Full Time,4.333,4.361,No,1,I78372,002,USIE,Elective,No,Masters1,2023,Spring,20231,2022-23,1.5,71.0,Prerequisites,,47.0,43.0,0.0,0.0,0.0,4.0,78.2600021362305,0.0,No,Building2,T,08:30:00,3.25,4.0,4.138888,4.25,4.472222,2.888888,1.027777,4.361111,4.333333,3.138888,3.694444,4.027777,4.194444,4.305555,4.111111,4.027777,4.472222,Yes
165156,No,dcc276a3,USIE,Full Time,4.391,4.471,No,1,I78372,003,USIE,Elective,No,Masters1,2023,Spring,20231,2022-23,1.5,74.0,Prerequisites,,56.0,48.0,0.0,1.0,0.0,7.0,80.6999969482422,0.0,No,Building2,T,14:00:00,3.25,4.0,3.97826,4.760869,4.47826,2.934782,1.021739,4.326086,4.347826,3.152173,3.456521,3.956521,4.326086,4.565217,4.304347,4.065217,4.47826,Yes
165157,No,35ff4b79,USIE,,4.722,4.573,No,1,E44373,001,USIE,Elective,No,Masters1,2023,Spring,20231,2022-23,3.0,65.0,,Corequisite,62.0,62.0,0.0,0.0,0.0,0.0,87.0999984741211,6.0,No,Building2,M,14:00:00,3.25,16.0,4.24074,4.648148,4.648148,2.888888,0.981481,4.462962,4.703703,2.981481,3.074074,4.277777,4.388888,4.537037,4.222222,3.407407,4.37037,Yes
165158,No,35ff4b79,USIE,,4.692,4.532,No,1,E44373,002,USIE,Elective,No,Masters1,2023,Spring,20231,2022-23,3.0,65.0,,Corequisite,46.0,43.0,0.0,0.0,0.0,3.0,96.6699981689453,7.0,No,Building2,T,08:30:00,3.25,16.0,4.034482,4.517241,4.5,3.137931,1.206896,4.25862,4.482758,3.120689,3.120689,4.0,4.137931,4.25862,4.103448,3.793103,4.310344,Yes
165159,No,35ff4b79,USIE,,4.622,4.423,No,1,E44373,003,USIE,Elective,No,Masters1,2023,Spring,20231,2022-23,3.0,65.0,,Corequisite,63.0,62.0,0.0,0.0,0.0,1.0,82.5400009155273,7.0,No,Building2,T,14:00:00,3.25,16.0,4.211538,4.461538,4.403846,3.211538,1.0,4.173076,4.538461,3.134615,3.153846,4.26923,4.326923,4.384615,4.365384,3.807692,4.230769,Yes
165160,No,35ff4b79,USIE,,4.719,4.629,No,1,E44373,004,USIE,Elective,No,Masters1,2023,Spring,20231,2022-23,3.0,65.0,,Corequisite,46.0,44.0,1.0,0.0,0.0,1.0,95.6500015258789,0.0,No,Building2,R,14:00:00,3.25,16.0,4.272727,4.75,4.545454,3.022727,1.022727,4.590909,4.65909,3.113636,3.227272,4.522727,4.545454,4.704545,4.545454,4.0,4.454545,Yes
165161,No,35ff4b79,USIE,,4.723,4.626,No,1,E44373,005,USIE,Elective,No,Masters1,2023,Spring,20231,2022-23,1.5,65.0,,Corequisite,46.0,41.0,1.0,3.0,0.0,1.0,89.129997253418,0.0,No,Building1,"M,W",18:00:00,1.5,16.0,4.317073,4.609756,4.804878,3.219512,1.0,4.609756,4.707317,3.219512,3.536585,4.634146,4.463414,4.731707,4.560975,3.975609,4.512195,Yes
165162,No,19a6f603,USIE,Full Time,4.3,4.154,No,1,V76191,001,USIE,Elective,Yes,Masters1,2023,Spring,20231,2022-23,3.0,74.0,,Corequisite,12.0,11.0,0.0,1.0,0.0,0.0,92.8600006103516,0.0,No,Building2,"M,W",08:30:00,1.5,,4.384615,4.384615,4.692307,2.692307,1.076923,4.153846,4.230769,3.230769,3.230769,4.153846,4.076923,4.307692,4.230769,4.0,4.153846,Yes
165163,No,19a6f603,USIE,Full Time,4.235,4.283,No,1,V76191,002,USIE,Elective,Yes,Masters1,2023,Spring,20231,2022-23,3.0,74.0,,Corequisite,29.0,25.0,0.0,3.0,0.0,1.0,93.0999984741211,0.0,No,Building2,"M,W",10:20:00,1.5,,4.148148,3.888888,4.407407,3.074074,0.962962,4.111111,4.074074,3.37037,3.333333,4.0,3.962962,3.962962,4.111111,4.0,4.296296,Yes
165164,No,4df386e8,USIE,Part Time,4.569,4.413,No,1,A74614,001,USIE,Elective,No,Masters1,2023,Spring,20231,2022-23,1.5,74.0,Prerequisites,,49.0,27.0,0.0,11.0,0.0,11.0,65.379997253418,0.0,No,Building1,R,08:30:00,3.25,10.0,4.235294,4.5,4.470588,3.705882,1.117647,4.382352,4.5,3.441176,3.264705,4.294117,4.235294,4.235294,4.205882,3.852941,4.235294,Yes
165165,Yes,a67ffac5,USIE,Part Time,4.366,4.257,No,1,C63645,001,USIE,Elective,No,Masters1,2023,Spring,20231,2022-23,1.5,50.0,,,38.0,37.0,1.0,0.0,0.0,0.0,78.9499969482422,43.0,No,Building2,M,18:00:00,3.25,5.0,3.966666,4.433333,4.433333,3.266666,0.933333,4.166666,4.3,3.1,3.2,4.033333,4.166666,4.233333,4.233333,3.833333,4.533333,Yes
165166,No,adaea479,USIE,,4.211,4.063,Yes,2,J61435,001,USIE,Elective,No,Masters1,2023,Spring,20231,2022-23,1.5,74.0,,,71.0,71.0,0.0,0.0,0.0,0.0,92.9599990844727,16.0,Yes,Building1,M,14:00:00,3.25,2.0,4.060606,4.469696,4.348484,2.80303,1.0,3.833333,4.196969,3.015151,3.378787,4.045454,3.90909,4.136363,3.90909,3.454545,4.30303,No
165166,No,91bdacb3,USIE,,4.286,4.063,Yes,2,J61435,001A,USIE,Elective,No,Masters1,2023,Spring,20231,2022-23,1.5,74.0,,,71.0,71.0,0.0,0.0,0.0,0.0,92.9599990844727,16.0,Yes,Building1,M,14:00:00,3.25,2.0,4.060606,4.469696,4.348484,2.80303,1.0,3.833333,4.196969,3.015151,3.378787,4.045454,3.90909,4.136363,3.90909,3.454545,4.30303,No
165167,No,0859a977,USIE,Part Time,4.827,4.818,No,1,A96256,H01,USIE,Elective,No,Masters1,2023,Spring,20231,2022-23,1.5,74.0,,,73.0,71.0,0.0,1.0,0.0,1.0,94.5199966430664,25.0,No,Building1,R,15:50:00,1.5,4.0,4.492753,4.768115,4.637681,2.797101,0.956521,4.811594,4.652173,3.507246,3.521739,4.391304,4.492753,4.753623,4.637681,4.057971,4.57971,Yes
165168,No,0859a977,USIE,Part Time,4.732,4.679,No,1,A96256,H02,USIE,Elective,No,Masters1,2023,Spring,20231,2022-23,1.5,74.0,,,61.0,51.0,5.0,4.0,1.0,0.0,77.0500030517578,10.0,No,Building1,R,18:00:00,1.5,4.0,4.255319,4.638297,4.638297,2.723404,0.893617,4.425531,4.553191,3.319148,3.510638,4.319148,4.297872,4.510638,4.446808,4.085106,4.425531,Yes
165169,No,80d3762e,USIE,Part Time,4.452,4.333,No,1,U63457,001,USIE,Elective,No,Masters1,2023,Spring,20231,2022-23,1.5,74.0,,,49.0,45.0,0.0,0.0,0.0,4.0,65.4499969482422,0.0,No,Building1,W,14:00:00,3.25,2.0,3.916666,4.444444,4.25,3.222222,1.027777,4.333333,4.444444,3.027777,3.027777,4.0,4.083333,4.444444,4.25,4.388888,4.472222,Yes
165175,No,d7fc3c95,CGCH,Full Time,4.358,4.545,No,1,M03972,001,SBFH,Core,No,Masters1,2023,Spring,20231,2022-23,1.5,74.0,Prerequisites,,70.0,70.0,0.0,0.0,0.0,0.0,87.1399993896484,0.0,No,Building1,"M,W",15:50:00,1.5,10.0,4.114754,4.459016,4.57377,2.983606,0.967213,4.442622,4.278688,3.508196,3.09836,4.14754,3.967213,4.229508,4.295081,3.868852,4.229508,Yes
165176,No,d7fc3c95,CGCH,Full Time,4.275,4.554,No,1,M03972,002,SBFH,Core,No,Masters1,2023,Spring,20231,2022-23,1.5,74.0,Prerequisites,,68.0,68.0,0.0,0.0,0.0,0.0,95.5899963378906,0.0,No,Building1,"M,W",14:00:00,1.5,10.0,4.307692,4.4,4.553846,2.96923,0.96923,4.461538,4.261538,3.215384,3.261538,4.446153,4.107692,4.353846,4.123076,3.830769,4.215384,Yes
165177,No,d7fc3c95,CGCH,Full Time,4.061,4.421,No,1,M03972,003,SBFH,Core,No,Masters1,2023,Spring,20231,2022-23,1.5,74.0,Prerequisites,,69.0,69.0,0.0,0.0,0.0,0.0,72.4599990844727,0.0,No,Building1,"M,W",10:20:00,1.5,10.0,4.12,4.28,4.48,3.42,0.96,4.42,3.98,3.32,3.04,4.04,4.14,4.14,4.36,3.94,4.24,Yes
165178,No,abf6b261,GYQP,Part Time,4.232,4.232,No,1,H90785,001,SBFH,Elective,No,Masters1,2023,Spring,20231,2022-23,1.5,48.0,Prerequisites,,35.0,34.0,0.0,0.0,0.0,1.0,80.0,18.0,No,Building1,M,14:00:00,3.25,1.0,4.035714,4.714285,4.535714,2.785714,1.035714,4.142857,4.142857,3.642857,3.642857,3.75,4.0,4.035714,3.821428,4.25,4.464285,Yes
165179,No,f067b37c,CGCH,Full Time,4.204,4.144,No,1,O60984,001,SBFH,Elective,No,Masters1,2023,Spring,20231,2022-23,3.0,73.0,Prerequisites,,64.0,60.0,0.0,1.0,0.0,3.0,79.1699981689453,33.0,No,Building2,"M,W",08:30:00,1.5,33.0,4.210526,4.526315,4.298245,3.0,1.035087,4.0,4.052631,3.771929,3.596491,3.736842,3.894736,3.982456,3.929824,3.736842,4.22807,Yes
165180,No,f067b37c,CGCH,Full Time,3.9,3.919,No,1,O60984,002,SBFH,Elective,No,Masters1,2023,Spring,20231,2022-23,3.0,74.0,Prerequisites,,73.0,73.0,0.0,0.0,0.0,0.0,83.3300018310547,30.0,No,Building2,"M,W",10:20:00,1.5,33.0,4.116666,4.4,4.5,2.766666,0.983333,3.85,3.766666,3.95,3.666666,3.6,3.6,3.916666,3.75,3.166666,3.933333,Yes
165181,No,f067b37c,CGCH,Full Time,4.239,4.252,No,1,O60984,003,SBFH,Elective,No,Masters1,2023,Spring,20231,2022-23,3.0,74.0,Prerequisites,,45.0,41.0,0.0,0.0,0.0,4.0,74.2900009155273,37.0,No,Building2,"M,W",14:00:00,1.5,33.0,4.211538,4.538461,4.461538,3.096153,1.346153,4.134615,4.057692,3.76923,3.653846,4.038461,3.788461,4.076923,4.01923,3.538461,4.211538,Yes
165182,No,f067b37c,CGCH,Full Time,3.633,3.716,No,1,O60984,004,SBFH,Elective,No,Masters1,2023,Spring,20231,2022-23,3.0,74.0,Prerequisites,,74.0,74.0,0.0,0.0,0.0,0.0,72.2200012207031,4.0,No,Building2,"M,W",15:50:00,1.5,33.0,3.961538,4.134615,4.173076,2.711538,0.980769,3.557692,3.480769,3.865384,3.673076,3.653846,3.326923,3.692307,3.442307,2.961538,4.038461,Yes
165183,No,2f803d7c,CGCH,,4.033,4.147,No,1,O60984,005,SBFH,Elective,No,Masters1,2023,Spring,20231,2022-23,3.0,74.0,Prerequisites,,66.0,57.0,0.0,1.0,0.0,8.0,79.1699981689453,12.0,No,Building1,"T,R",08:30:00,1.5,33.0,4.157894,4.280701,4.333333,2.807017,1.105263,4.017543,3.982456,3.614035,3.508771,3.701754,3.894736,4.0,3.929824,3.543859,4.263157,Yes
165184,No,2f803d7c,CGCH,,4.021,4.2,No,1,O60984,006,SBFH,Elective,No,Masters1,2023,Spring,20231,2022-23,3.0,74.0,Prerequisites,,74.0,74.0,0.0,0.0,0.0,0.0,71.620002746582,30.0,No,Building1,"T,R",10:20:00,1.5,33.0,4.320754,4.339622,4.471698,2.773584,1.0,4.169811,3.886792,3.679245,3.830188,4.0,3.792452,3.792452,4.0,3.245283,4.226415,Yes
165185,No,e71ad551,CGCH,Part Time,4.276,4.188,No,1,D49006,001,SBFH,Elective,No,Masters1,2023,Spring,20231,2022-23,3.0,84.0,Prerequisites,Corequisite,72.0,70.0,0.0,1.0,0.0,1.0,73.6100006103516,0.0,No,Building2,M,14:00:00,3.25,8.0,4.207547,4.660377,4.584905,3.26415,0.981132,4.113207,4.207547,3.792452,3.226415,3.924528,3.981132,3.981132,3.981132,3.169811,4.320754,Yes
165187,No,76c98501,VQWP,,4.363,4.293,No,1,T54607,001,SBFH,Elective,No,Masters1,2023,Spring,20231,2022-23,1.5,74.0,Prerequisites,,50.0,43.0,0.0,7.0,0.0,0.0,81.4800033569336,0.0,No,Building1,"M,W",10:20:00,1.5,1.0,4.15909,4.477272,4.522727,2.886363,0.977272,4.272727,4.340909,3.454545,3.818181,3.863636,4.181818,4.181818,4.136363,4.136363,4.477272,Yes
165188,No,9d3cb87d,CGCH,Part Time,4.7,4.607,No,1,U67724,001,SBFH,Elective,No,Masters1,2023,Spring,20231,2022-23,1.5,49.0,,Corequisite,41.0,37.0,1.0,1.0,0.0,2.0,77.5,34.0,No,Building1,T,08:30:00,3.25,1.0,4.354838,4.387096,4.225806,3.741935,1.064516,4.451612,4.548387,3.935483,3.838709,4.193548,4.548387,4.516129,4.354838,4.580645,4.645161,Yes
165189,No,2818e5bd,CGCH,Full Time,4.667,4.833,No,1,C00785,001,SBFH,Elective,No,Masters1,2023,Spring,20231,2022-23,1.5,50.0,Prerequisites,,12.0,12.0,0.0,0.0,0.0,0.0,50.0,0.0,No,Building2,R,14:00:00,3.25,9.0,4.666666,5.0,5.0,2.833333,1.0,4.833333,4.666666,2.5,3.5,4.666666,4.833333,4.833333,4.833333,4.833333,4.833333,No
165190,No,d51358a4,CGCH,Part Time,4.738,4.662,No,1,Y49023,001,SBFH,Elective,No,Masters1,2023,Spring,20231,2022-23,3.0,74.0,Prerequisites,,17.0,16.0,0.0,1.0,0.0,0.0,77.7799987792969,0.0,No,Building1,R,14:00:00,3.25,2.0,4.214285,4.785714,4.642857,2.214285,1.071428,4.571428,4.714285,2.857142,3.214285,4.142857,4.428571,4.857142,4.285714,3.571428,4.571428,Yes
165191,Yes,b0341314,,Part Time,4.451,4.479,Yes,2,D52621,001,SBFH,Elective,No,Masters1,2023,Spring,20231,2022-23,3.0,40.0,Prerequisites,,24.0,22.0,0.0,0.0,0.0,2.0,76.7399978637695,0.0,Yes,Building1,R,14:00:00,3.25,9.0,4.30303,4.878787,4.757575,3.666666,1.393939,4.272727,4.515151,3.363636,3.212121,4.181818,4.272727,4.454545,4.363636,4.090909,4.424242,Yes
165191,No,37d16a3b,KFZN,Full Time,4.909,4.479,Yes,2,D52621,001A,SBFH,Elective,No,Masters1,2023,Spring,20231,2022-23,3.0,40.0,Prerequisites,,24.0,22.0,0.0,0.0,0.0,2.0,76.7399978637695,0.0,Yes,Building1,R,14:00:00,3.25,9.0,4.30303,4.878787,4.757575,3.666666,1.393939,4.272727,4.515151,3.363636,3.212121,4.181818,4.272727,4.454545,4.363636,4.090909,4.424242,No
165192,No,0c45289c,AFQO,,4.364,4.471,No,1,A05341,001,SBFH,Elective,No,Masters1,2023,Spring,20231,2022-23,3.0,60.0,,Corequisite,28.0,26.0,0.0,1.0,0.0,1.0,73.1699981689453,0.0,No,Building1,M,08:30:00,3.25,10.0,4.3,4.6,4.6,3.133333,1.266666,4.4,4.266666,3.766666,3.4,4.266666,4.1,4.133333,4.066666,4.066666,4.4,Yes
165193,No,0c45289c,AFQO,,4.237,4.158,No,1,A05341,002,SBFH,Elective,No,Masters1,2023,Spring,20231,2022-23,3.0,60.0,,Corequisite,54.0,52.0,0.0,0.0,0.0,2.0,79.629997253418,5.0,No,Building1,M,14:00:00,3.25,10.0,4.279069,4.697674,4.627906,3.209302,1.023255,4.0,4.093023,3.906976,3.604651,4.023255,3.697674,3.813953,3.674418,3.44186,4.16279,Yes
165195,No,abf6b261,GYQP,Part Time,4.828,4.673,No,1,J77500,001,SBFH,Elective,No,Masters1,2023,Spring,20231,2022-23,3.0,68.0,Prerequisites,,46.0,42.0,3.0,1.0,0.0,0.0,97.8300018310547,0.0,No,Building1,"T,W,R,F,S",09:00:00,8.0,2.0,4.555555,4.777777,4.888888,2.955555,1.0,4.622222,4.666666,3.911111,3.755555,4.511111,4.488888,4.666666,4.444444,4.488888,4.688888,Yes
165196,No,8f68d9d9,OGPX,Part Time,3.536,3.532,No,1,T02977,001,SBFH,Elective,No,Masters1,2023,Spring,20231,2022-23,3.0,32.0,Prerequisites,,30.0,30.0,0.0,0.0,0.0,0.0,81.25,11.0,No,Building1,T,14:00:00,3.25,3.0,4.115384,4.230769,4.346153,3.615384,1.0,3.461538,3.5,2.923076,2.76923,3.615384,3.653846,3.615384,3.5,3.26923,4.153846,Yes
165197,No,8f68d9d9,OGPX,Part Time,5.0,5.0,No,1,T02977,D01,SBFH,Elective,No,Masters1,2023,Spring,20231,2022-23,3.0,0.0,,,2.0,0.0,2.0,0.0,0.0,0.0,50.0,0.0,No,off-campus,T,14:00:00,3.25,3.0,4.0,4.0,4.0,4.0,1.0,5.0,5.0,3.0,3.0,4.0,4.0,4.0,4.0,4.0,4.0,Yes
165199,No,dfac6d3b,OGPX,Part Time,4.217,4.124,No,1,W25633,001,SBFH,Elective,No,Masters1,2023,Spring,20231,2022-23,1.5,74.0,Prerequisites,,29.0,27.0,2.0,0.0,0.0,0.0,82.7600021362305,0.0,No,Building1,T,08:30:00,3.25,3.0,4.125,4.5,4.541666,3.666666,0.916666,3.75,4.041666,3.125,3.375,3.583333,4.166666,4.375,4.333333,4.333333,4.541666,Yes
165200,No,25779859,CGCH,Part Time,4.6,4.418,No,1,F86890,001,SBFH,Elective,No,Masters1,2023,Spring,20231,2022-23,1.5,74.0,Prerequisites,,8.0,8.0,0.0,0.0,0.0,0.0,42.8600006103516,1.0,No,Building1,M,18:00:00,3.25,3.0,4.333333,4.583333,4.333333,3.0,1.333333,4.416666,4.583333,3.666666,3.25,4.166666,4.333333,4.333333,4.083333,4.0,4.416666,Yes
165201,No,25779859,CGCH,Part Time,1.0,3.0,No,1,F86890,D01,SBFH,Elective,No,Masters1,2023,Spring,20231,2022-23,1.5,5.0,Prerequisites,,1.0,0.0,1.0,0.0,0.0,0.0,100.0,0.0,No,off-campus,M,18:00:00,3.25,3.0,4.0,5.0,5.0,2.0,1.0,3.0,1.0,5.0,4.0,3.0,2.0,2.0,2.0,1.0,4.0,Yes
165202,No,1ee90e5f,CGCH,Part Time,4.821,4.821,Yes,2,D25533,001,SBFH,Elective,No,Masters1,2023,Spring,20231,2022-23,1.5,32.0,Prerequisites,,24.0,24.0,0.0,0.0,0.0,0.0,80.0,0.0,Yes,Building1,W,14:00:00,3.25,3.0,4.55,4.7,4.4,3.85,0.85,4.65,4.425,3.8,3.5,4.4,4.5,4.45,4.25,4.1,4.55,Yes
165202,No,86ada1bb,CGCH,Part Time,4.612,4.821,Yes,2,D25533,001A,SBFH,Elective,No,Masters1,2023,Spring,20231,2022-23,1.5,32.0,Prerequisites,,24.0,24.0,0.0,0.0,0.0,0.0,80.0,0.0,Yes,Building1,W,14:00:00,3.25,3.0,4.55,4.7,4.4,3.85,0.85,4.65,4.425,3.8,3.5,4.4,4.5,4.45,4.25,4.1,4.55,No
165203,No,1ee90e5f,CGCH,Part Time,4.5,3.5,Yes,2,D25533,D01,SBFH,Elective,No,Masters1,2023,Spring,20231,2022-23,1.5,5.0,Prerequisites,,2.0,0.0,2.0,0.0,0.0,0.0,100.0,0.0,Yes,off-campus,W,14:00:00,3.25,3.0,3.5,5.0,5.0,3.0,1.0,3.5,4.5,4.0,3.5,4.0,4.5,4.5,4.5,4.0,5.0,Yes
165203,No,86ada1bb,CGCH,Part Time,4.5,3.5,Yes,2,D25533,D01A,SBFH,Elective,No,Masters1,2023,Spring,20231,2022-23,1.5,5.0,Prerequisites,,2.0,0.0,2.0,0.0,0.0,0.0,100.0,0.0,Yes,off-campus,W,14:00:00,3.25,3.0,3.5,5.0,5.0,3.0,1.0,3.5,4.5,4.0,3.5,4.0,4.5,4.5,4.5,4.0,5.0,No
165204,No,eb8eca91,CGCH,Full Time,4.13,4.17,No,1,C17477,001,SBFH,Elective,No,Masters1,2023,Spring,20231,2022-23,3.0,50.0,Prerequisites,Corequisite,34.0,34.0,0.0,0.0,0.0,0.0,84.8499984741211,0.0,No,Building1,R,14:00:00,3.25,2.0,4.142857,4.535714,4.642857,3.107142,1.0,4.142857,3.892857,3.214285,3.071428,4.142857,3.928571,3.75,3.821428,3.571428,4.428571,Yes
165205,No,37d16a3b,KFZN,Full Time,4.958,4.882,No,1,U34467,001,SBFH,Elective,No,Masters1,2023,Spring,20231,2022-23,1.5,74.0,,Corequisite,73.0,73.0,0.0,0.0,0.0,0.0,98.629997253418,30.0,No,Building2,"T,W,R",09:00:00,8.0,2.0,4.402777,4.847222,4.555555,2.819444,1.0,4.847222,4.958333,3.25,3.472222,4.652777,4.680555,4.861111,4.847222,3.152777,4.930555,Yes
165206,No,37d16a3b,KFZN,Full Time,4.934,4.851,No,1,D88906,001,SBFH,Elective,No,Masters1,2023,Spring,20231,2022-23,3.0,74.0,Prerequisites,Corequisite,74.0,74.0,0.0,0.0,0.0,0.0,97.3000030517578,98.0,No,Building2,W,14:00:00,3.25,5.0,4.361111,4.833333,4.736111,3.277777,0.958333,4.777777,4.638888,3.0,3.041666,4.555555,4.763888,4.861111,4.736111,4.416666,4.777777,Yes
165207,No,1803de70,GYQP,Part Time,4.858,4.676,No,1,U60062,001,SBFH,Elective,No,Masters1,2023,Spring,20231,2022-23,3.0,64.0,Prerequisites,,63.0,61.0,1.0,0.0,0.0,1.0,87.3000030517578,61.0,No,Building2,W,18:00:00,3.25,8.0,4.672727,4.927272,4.781818,3.618181,1.0,4.490909,4.672727,3.8,3.618181,4.545454,4.50909,4.781818,4.618181,4.563636,4.781818,Yes
165208,Yes,ca57201e,,Part Time,3.427,3.679,Yes,2,U60062,002,SBFH,Elective,No,Masters1,2023,Spring,20231,2022-23,3.0,74.0,Prerequisites,,55.0,32.0,5.0,14.0,0.0,4.0,75.9300003051758,0.0,Yes,Building2,M,18:00:00,3.25,8.0,4.04878,4.219512,4.243902,3.0,1.02439,3.439024,3.390243,3.560975,2.878048,3.585365,3.731707,3.780487,3.341463,3.707317,3.682926,Yes
165208,No,a8a65523,CGCH,Part Time,3.437,3.679,Yes,2,U60062,002A,SBFH,Elective,No,Masters1,2023,Spring,20231,2022-23,3.0,74.0,Prerequisites,,55.0,32.0,5.0,14.0,0.0,4.0,75.9300003051758,0.0,Yes,Building2,M,18:00:00,3.25,8.0,4.04878,4.219512,4.243902,3.0,1.02439,3.439024,3.390243,3.560975,2.878048,3.585365,3.731707,3.780487,3.341463,3.707317,3.682926,No
165209,No,b61ad7be,CGCH,Part Time,5.0,4.75,Yes,2,V13963,001,SBFH,Elective,No,Masters1,2023,Spring,20231,2022-23,3.0,10.0,Prerequisites,,9.0,9.0,0.0,0.0,0.0,0.0,88.8899993896484,6.0,Yes,Building1,T,18:00:00,3.25,17.0,4.875,5.0,4.875,3.625,1.0,4.75,5.0,4.625,3.625,4.75,4.875,5.0,5.0,5.0,5.0,Yes
165209,No,a00c3520,CGCH,Part Time,5.0,4.75,Yes,2,V13963,001A,SBFH,Elective,No,Masters1,2023,Spring,20231,2022-23,3.0,10.0,Prerequisites,,9.0,9.0,0.0,0.0,0.0,0.0,88.8899993896484,6.0,Yes,Building1,T,18:00:00,3.25,17.0,4.875,5.0,4.875,3.625,1.0,4.75,5.0,4.625,3.625,4.75,4.875,5.0,5.0,5.0,5.0,No
165210,Yes,01c71d70,CGCH,Part Time,5.0,4.857,No,1,V13963,002,SBFH,Elective,No,Masters1,2023,Spring,20231,2022-23,3.0,10.0,Prerequisites,,10.0,10.0,0.0,0.0,0.0,0.0,70.0,3.0,No,Building1,W,14:00:00,3.25,17.0,4.714285,4.857142,4.857142,4.142857,0.714285,4.857142,5.0,5.0,4.285714,4.0,4.857142,4.857142,4.714285,4.428571,4.142857,No
165211,No,f7089dd7,GYQP,Part Time,4.779,4.769,No,1,T70563,001,SBFH,Elective,No,Masters1,2023,Spring,20231,2022-23,3.0,44.0,Prerequisites,,45.0,41.0,4.0,0.0,0.0,0.0,86.6699981689453,16.0,No,Building1,M,18:00:00,3.25,4.0,4.589743,4.794871,4.717948,3.282051,1.0,4.76923,4.743589,4.179487,3.948717,4.717948,4.410256,4.307692,4.461538,4.461538,4.589743,Yes
165212,No,8c4fa1f6,GYQP,Full Time,4.891,4.708,No,1,E68765,001,SBFH,Elective,No,Masters1,2023,Spring,20231,2022-23,1.5,74.0,Prerequisites,Corequisite,70.0,70.0,0.0,0.0,0.0,0.0,80.0,52.0,No,Building1,"T,R",15:50:00,1.5,5.0,4.5,4.803571,4.660714,2.928571,0.946428,4.589285,4.75,3.678571,3.839285,4.303571,4.410714,4.517857,4.482142,4.035714,4.625,Yes
165213,No,8c4fa1f6,GYQP,Full Time,4.812,4.616,No,1,E68765,002,SBFH,Elective,No,Masters1,2023,Spring,20231,2022-23,1.5,74.0,Prerequisites,Corequisite,67.0,65.0,1.0,1.0,0.0,0.0,82.0899963378906,35.0,No,Building1,"T,R",18:00:00,1.5,5.0,4.181818,4.854545,4.636363,2.927272,1.0,4.545454,4.70909,3.654545,3.618181,4.30909,4.563636,4.654545,4.472727,4.090909,4.618181,Yes
165214,No,8c4fa1f6,GYQP,Full Time,4.394,4.506,No,1,U65039,001,SBFH,Elective,No,Masters1,2023,Spring,20231,2022-23,1.5,40.0,Prerequisites,,40.0,38.0,0.0,0.0,0.0,2.0,85.0,0.0,No,Building1,"T,R",18:00:00,1.5,2.0,4.235294,4.588235,4.647058,4.294117,0.911764,4.5,4.264705,2.735294,2.823529,3.911764,4.117647,3.970588,4.117647,3.823529,4.441176,No
165215,No,8eb2993a,CGCH,Part Time,5.0,5.0,No,1,K94210,001,SBFH,Elective,No,Masters1,2023,Spring,20231,2022-23,3.0,10.0,Prerequisites,,13.0,13.0,0.0,0.0,0.0,0.0,58.3300018310547,0.0,No,Building1,T,18:30:00,3.0,7.0,4.714285,5.0,5.0,3.285714,1.0,5.0,5.0,5.0,4.142857,4.714285,4.571428,4.285714,5.0,4.142857,4.857142,Yes
165216,No,ab93383f,CGCH,Part Time,4.367,4.304,Yes,2,H53848,001,SBFH,Elective,No,Masters1,2023,Spring,20231,2022-23,1.5,74.0,Prerequisites,,61.0,44.0,9.0,6.0,0.0,2.0,83.0500030517578,11.0,Yes,Building2,M,18:00:00,3.25,2.0,3.918367,4.469387,4.244897,3.510204,0.959183,4.285714,4.306122,2.755102,3.285714,4.020408,4.224489,4.244897,4.183673,3.979591,4.489795,Yes
165216,No,1667143a,CGCH,Part Time,4.396,4.304,Yes,2,H53848,001A,SBFH,Elective,No,Masters1,2023,Spring,20231,2022-23,1.5,74.0,Prerequisites,,61.0,44.0,9.0,6.0,0.0,2.0,83.0500030517578,11.0,Yes,Building2,M,18:00:00,3.25,2.0,3.918367,4.469387,4.244897,3.510204,0.959183,4.285714,4.306122,2.755102,3.285714,4.020408,4.224489,4.244897,4.183673,3.979591,4.489795,No
165217,No,b61ad7be,CGCH,Part Time,4.761,4.653,Yes,2,Q59881,001,SBFH,Elective,No,Masters1,2023,Spring,20231,2022-23,1.5,43.0,Prerequisites,,38.0,36.0,0.0,2.0,0.0,0.0,94.7399978637695,20.0,Yes,Building2,R,14:00:00,3.25,3.0,4.222222,4.861111,4.638888,2.888888,1.0,4.611111,4.791666,3.861111,3.555555,4.277777,4.666666,4.666666,4.666666,4.555555,4.694444,Yes
165217,No,d1fa7a5e,CGCH,Part Time,4.846,4.653,Yes,2,Q59881,001A,SBFH,Elective,No,Masters1,2023,Spring,20231,2022-23,1.5,43.0,Prerequisites,,38.0,36.0,0.0,2.0,0.0,0.0,94.7399978637695,20.0,Yes,Building2,R,14:00:00,3.25,3.0,4.222222,4.861111,4.638888,2.888888,1.0,4.611111,4.791666,3.861111,3.555555,4.277777,4.666666,4.666666,4.666666,4.555555,4.694444,No
165218,No,dfce0b5e,CGCH,Part Time,2.348,2.013,No,1,E80988,001,SBFH,Elective,No,Masters1,2023,Spring,20231,2022-23,1.5,50.0,,Corequisite,26.0,26.0,0.0,0.0,0.0,0.0,67.8600006103516,6.0,No,Building1,M,08:30:00,3.25,3.0,3.263157,4.105263,4.0,2.789473,1.0,2.210526,2.473684,1.526315,2.0,2.578947,2.894736,2.894736,2.210526,1.789473,3.526315,Yes
165219,No,dfce0b5e,CGCH,Part Time,3.5,3.5,No,1,E80988,D01,SBFH,Elective,No,Masters1,2023,Spring,20231,2022-23,1.5,5.0,,Corequisite,3.0,0.0,3.0,0.0,0.0,0.0,66.6699981689453,0.0,No,off-campus,M,08:30:00,3.25,3.0,3.5,3.5,3.5,3.5,0.5,3.5,3.5,2.0,3.0,3.5,3.5,3.5,3.5,3.5,3.5,Yes
165220,No,a6f6de6a,CGCH,Full Time,5.0,4.889,No,1,H09867,001,SBFH,Elective,No,Masters1,2023,Spring,20231,2022-23,3.0,50.0,Prerequisites,,9.0,4.0,2.0,3.0,0.0,0.0,100.0,0.0,No,Building1,"T,W,R,F,S",09:00:00,8.0,2.0,4.555555,4.888888,4.777777,3.666666,1.0,4.888888,5.0,2.777777,3.111111,4.777777,4.666666,4.777777,4.222222,4.555555,4.888888,Yes
165221,No,a5534ea9,CGCH,Part Time,4.714,4.571,Yes,2,E09487,001,SBFH,Elective,No,Masters1,2023,Spring,20231,2022-23,1.5,13.0,Prerequisites,,9.0,8.0,0.0,0.0,0.0,1.0,77.7799987792969,0.0,Yes,Building1,W,14:00:00,3.25,2.0,4.714285,4.857142,4.857142,4.571428,1.0,4.571428,4.785714,4.571428,3.285714,4.714285,5.0,5.0,4.714285,4.0,4.714285,No
165221,No,b07fcc9b,CGCH,Part Time,4.857,4.571,Yes,2,E09487,001A,SBFH,Elective,No,Masters1,2023,Spring,20231,2022-23,1.5,13.0,Prerequisites,,9.0,8.0,0.0,0.0,0.0,1.0,77.7799987792969,0.0,Yes,Building1,W,14:00:00,3.25,2.0,4.714285,4.857142,4.857142,4.571428,1.0,4.571428,4.785714,4.571428,3.285714,4.714285,5.0,5.0,4.714285,4.0,4.714285,No
165222,No,1667baf1,CGCH,Part Time,4.725,4.647,Yes,2,P40028,001,SBFH,Elective,No,Masters1,2023,Spring,20231,2022-23,3.0,24.0,Prerequisites,,20.0,16.0,4.0,0.0,0.0,0.0,89.4700012207031,9.0,Yes,Building1,W,18:00:00,3.25,2.0,4.411764,4.764705,4.705882,3.588235,1.0,4.647058,4.705882,2.705882,3.352941,4.294117,4.529411,4.705882,4.705882,4.411764,4.705882,No
165222,No,cac38e7b,CGCH,Part Time,4.725,4.647,Yes,2,P40028,001A,SBFH,Elective,No,Masters1,2023,Spring,20231,2022-23,3.0,24.0,Prerequisites,,20.0,16.0,4.0,0.0,0.0,0.0,89.4700012207031,9.0,Yes,Building1,W,18:00:00,3.25,2.0,4.411764,4.764705,4.705882,3.588235,1.0,4.647058,4.705882,2.705882,3.352941,4.294117,4.529411,4.705882,4.705882,4.411764,4.705882,No
165223,No,db9fa0d4,CGCH,Full Time,4.639,4.632,No,1,R96472,001,SBFH,Elective,No,Masters1,2023,Spring,20231,2022-23,1.5,43.0,,Corequisite,43.0,43.0,0.0,0.0,0.0,0.0,88.370002746582,20.0,No,Building1,"R,F,S",09:00:00,9.0,17.0,4.421052,4.447368,4.421052,2.973684,1.0,4.631578,4.394736,2.894736,3.5,4.394736,4.447368,4.631578,4.526315,3.921052,4.263157,Yes
165224,No,db9fa0d4,CGCH,Full Time,4.861,4.762,No,1,R96472,002,SBFH,Elective,No,Masters1,2023,Spring,20231,2022-23,1.5,50.0,,Corequisite,60.0,60.0,0.0,0.0,0.0,0.0,85.0,35.0,No,Building1,W,08:30:00,3.25,17.0,4.156862,4.470588,4.686274,3.0,0.941176,4.607843,4.843137,3.019607,3.372549,4.470588,4.686274,4.862745,4.529411,4.215686,4.823529,Yes
165225,No,7a4f7ca4,CGCH,Part Time,4.535,4.454,No,1,R96472,003,SBFH,Elective,No,Masters1,2023,Spring,20231,2022-23,1.5,60.0,,Corequisite,54.0,50.0,4.0,0.0,0.0,0.0,75.9300003051758,41.0,No,Building1,W,18:00:00,3.25,17.0,4.07317,4.682926,4.585365,3.09756,1.0,4.341463,4.414634,3.121951,3.317073,3.951219,4.292682,4.439024,4.439024,3.634146,4.560975,Yes
165226,Yes,f1052b6c,CGCH,Part Time,4.736,4.736,No,1,N03516,001,SBFH,Elective,No,Masters1,2023,Spring,20231,2022-23,3.0,30.0,Prerequisites,,27.0,27.0,0.0,0.0,0.0,0.0,88.8899993896484,0.0,No,Building1,"T,W,R,F,S",09:00:00,8.0,3.0,4.375,4.583333,4.625,2.333333,1.0,4.583333,4.583333,4.25,4.333333,4.375,4.125,4.625,4.25,4.041666,4.25,Yes
165228,No,4d59975a,CGCH,Part Time,4.455,4.313,No,1,Y57133,001,SBFH,Elective,No,Masters1,2023,Spring,20231,2022-23,1.5,74.0,Prerequisites,,58.0,58.0,0.0,0.0,0.0,0.0,89.2900009155273,0.0,No,Building2,"M,W",10:20:00,1.5,2.0,3.86,4.6,4.64,3.12,0.96,4.24,4.3,3.26,3.16,4.08,4.42,4.56,4.22,4.04,4.6,Yes
165229,No,698e3b36,CGCH,Part Time,4.684,4.936,Yes,2,R40628,001,SBFH,Elective,No,Masters1,2023,Spring,20231,2022-23,3.0,15.0,Prerequisites,,25.0,22.0,1.0,0.0,0.0,2.0,92.0,0.0,Yes,Building1,W,18:00:00,3.25,2.0,4.695652,4.652173,4.826086,3.956521,1.0,4.869565,4.695652,3.521739,3.260869,4.652173,4.73913,4.782608,4.652173,4.695652,4.695652,Yes
165229,No,edb0235a,CGCH,Part Time,4.845,4.936,Yes,2,R40628,001A,SBFH,Elective,No,Masters1,2023,Spring,20231,2022-23,3.0,15.0,Prerequisites,,25.0,22.0,1.0,0.0,0.0,2.0,92.0,0.0,Yes,Building1,W,18:00:00,3.25,2.0,4.695652,4.652173,4.826086,3.956521,1.0,4.869565,4.695652,3.521739,3.260869,4.652173,4.73913,4.782608,4.652173,4.695652,4.695652,No
165230,No,0c45289c,AFQO,,3.516,3.571,No,1,B83138,001,SBFH,Elective,No,Masters1,2023,Spring,20231,2022-23,1.5,60.0,,,53.0,45.0,8.0,0.0,0.0,0.0,84.9100036621094,0.0,No,Building1,M,18:00:00,3.25,2.0,3.933333,4.488888,4.622222,3.755555,1.0,3.488888,3.377777,3.666666,3.4,3.666666,3.888888,3.688888,3.666666,3.422222,4.155555,Yes
165231,No,78135933,CGCH,Part Time,4.494,4.254,Yes,2,X49316,001,SBFH,Elective,No,Masters1,2023,Spring,20231,2022-23,3.0,50.0,Prerequisites,,24.0,20.0,0.0,3.0,0.0,1.0,81.8199996948242,0.0,Yes,Building2,W,18:00:00,3.25,2.0,3.925925,4.296296,4.148148,3.407407,1.148148,4.185185,4.462962,3.296296,2.888888,3.703703,4.296296,4.407407,4.222222,3.851851,4.444444,Yes
165231,No,9cb6123d,CGCH,Part Time,4.533,4.254,Yes,2,X49316,001A,SBFH,Elective,No,Masters1,2023,Spring,20231,2022-23,3.0,50.0,Prerequisites,,24.0,20.0,0.0,3.0,0.0,1.0,81.8199996948242,0.0,Yes,Building2,W,18:00:00,3.25,2.0,3.925925,4.296296,4.148148,3.407407,1.148148,4.185185,4.462962,3.296296,2.888888,3.703703,4.296296,4.407407,4.222222,3.851851,4.444444,No
165232,No,2818e5bd,CGCH,Full Time,4.115,4.419,Yes,2,L95870,001,SBFH,Elective,No,Masters1,2023,Spring,20231,2022-23,3.0,74.0,,Corequisite,67.0,66.0,0.0,1.0,0.0,0.0,89.5500030517578,21.0,Yes,Building2,R,08:30:00,3.25,4.0,4.1,4.583333,4.55,2.633333,0.966666,4.383333,4.291666,3.216666,3.0,4.166666,4.433333,4.633333,4.383333,4.083333,4.633333,Yes
165232,No,f1dc4f75,CGCH,,4.678,4.419,Yes,2,L95870,001A,SBFH,Elective,No,Masters1,2023,Spring,20231,2022-23,3.0,74.0,,Corequisite,67.0,66.0,0.0,1.0,0.0,0.0,89.5500030517578,21.0,Yes,Building2,R,08:30:00,3.25,4.0,4.1,4.583333,4.55,2.633333,0.966666,4.383333,4.291666,3.216666,3.0,4.166666,4.433333,4.633333,4.383333,4.083333,4.633333,No
165233,No,db9fa0d4,CGCH,Full Time,4.497,4.339,No,1,B79646,001,SBFH,Elective,No,Masters1,2023,Spring,20231,2022-23,1.5,60.0,Prerequisites,,57.0,57.0,0.0,0.0,0.0,0.0,61.4000015258789,21.0,No,Building1,T,08:30:00,3.25,4.0,4.285714,4.8,4.6,3.057142,0.942857,4.285714,4.457142,3.057142,3.285714,3.971428,4.171428,4.428571,4.114285,3.8,4.342857,Yes
165234,No,21d93e27,CGCH,Part Time,4.686,4.65,Yes,2,E07335,001,SBFH,Elective,No,Masters1,2023,Spring,20231,2022-23,1.5,74.0,Prerequisites,,61.0,61.0,0.0,0.0,0.0,0.0,75.4100036621094,8.0,Yes,Building2,T,18:00:00,3.25,3.0,4.565217,4.586956,4.695652,3.434782,0.956521,4.47826,4.5,4.043478,4.021739,4.434782,4.543478,4.565217,4.304347,4.195652,4.521739,Yes
165234,No,f174d580,CGCH,Part Time,4.555,4.65,Yes,2,E07335,001A,SBFH,Elective,No,Masters1,2023,Spring,20231,2022-23,1.5,74.0,Prerequisites,,61.0,61.0,0.0,0.0,0.0,0.0,75.4100036621094,8.0,Yes,Building2,T,18:00:00,3.25,3.0,4.565217,4.586956,4.695652,3.434782,0.956521,4.47826,4.5,4.043478,4.021739,4.434782,4.543478,4.565217,4.304347,4.195652,4.521739,No
165235,No,21d93e27,CGCH,Part Time,4.8,5.0,Yes,2,E07335,D01,SBFH,Elective,No,Masters1,2023,Spring,20231,2022-23,1.5,5.0,Prerequisites,,5.0,0.0,5.0,0.0,0.0,0.0,100.0,4.0,Yes,off-campus,T,18:00:00,3.25,3.0,5.0,4.8,4.8,3.0,1.0,5.0,4.3,4.2,3.8,4.8,4.4,4.8,4.8,3.6,4.8,Yes
165235,No,f174d580,CGCH,Part Time,4.25,5.0,Yes,2,E07335,D01A,SBFH,Elective,No,Masters1,2023,Spring,20231,2022-23,1.5,5.0,Prerequisites,,5.0,0.0,5.0,0.0,0.0,0.0,100.0,4.0,Yes,off-campus,T,18:00:00,3.25,3.0,5.0,4.8,4.8,3.0,1.0,5.0,4.3,4.2,3.8,4.8,4.4,4.8,4.8,3.6,4.8,No
165236,No,7155ad5b,CGCH,Part Time,4.687,4.648,Yes,2,T14340,001,SBFH,Elective,No,Masters1,2023,Spring,20231,2022-23,1.5,46.0,Prerequisites,,47.0,35.0,12.0,0.0,0.0,0.0,97.8300018310547,13.0,Yes,Building1,T,18:00:00,3.25,2.0,4.333333,4.733333,4.577777,2.911111,1.0,4.511111,4.644444,4.066666,3.777777,4.466666,4.355555,4.622222,4.355555,4.533333,4.688888,Yes
165236,No,9314f59c,GYQP,Part Time,4.735,4.648,Yes,2,T14340,001A,SBFH,Elective,No,Masters1,2023,Spring,20231,2022-23,1.5,46.0,Prerequisites,,47.0,35.0,12.0,0.0,0.0,0.0,97.8300018310547,13.0,Yes,Building1,T,18:00:00,3.25,2.0,4.333333,4.733333,4.577777,2.911111,1.0,4.511111,4.644444,4.066666,3.777777,4.466666,4.355555,4.622222,4.355555,4.533333,4.688888,No
165237,No,37d16a3b,KFZN,Full Time,4.753,4.611,Yes,2,T37029,001,SBFH,Elective,No,Masters1,2023,Spring,20231,2022-23,1.5,74.0,,Corequisite,69.0,69.0,0.0,0.0,0.0,0.0,86.9599990844727,38.0,Yes,Building1,R,14:00:00,3.25,5.0,4.15,4.516666,4.65,3.25,1.0,4.6,4.775,3.05,3.183333,4.266666,4.7,4.766666,4.666666,4.35,4.766666,Yes
165237,No,ea8dde21,CGCH,Part Time,4.824,4.611,Yes,2,T37029,001A,SBFH,Elective,No,Masters1,2023,Spring,20231,2022-23,1.5,74.0,,Corequisite,69.0,69.0,0.0,0.0,0.0,0.0,86.9599990844727,38.0,Yes,Building1,R,14:00:00,3.25,5.0,4.15,4.516666,4.65,3.25,1.0,4.6,4.775,3.05,3.183333,4.266666,4.7,4.766666,4.666666,4.35,4.766666,No
165248,No,3949797c,VUFA,Full Time,4.204,4.077,No,1,E32304,001,WIRK,Elective,No,Masters1,2023,Spring,20231,2022-23,3.0,74.0,,,64.0,64.0,0.0,0.0,0.0,0.0,76.1900024414063,2.0,No,Building1,"T,F",10:00:00,7.25,5.0,4.0625,4.166666,4.25,3.25,0.895833,4.020833,4.0625,3.375,2.895833,3.6875,4.25,4.333333,4.1875,4.145833,4.479166,Yes
165249,No,254659ca,VUFA,Full Time,4.6,4.538,No,1,L07126,001,WIRK,Elective,No,Masters1,2023,Spring,20231,2022-23,3.0,40.0,,,35.0,22.0,0.0,0.0,0.0,13.0,94.4400024414063,2.0,No,Building2,"T,W,R,F,S",10:00:00,8.0,3.0,4.470588,4.764705,4.67647,2.735294,1.352941,4.529411,4.558823,3.294117,3.529411,4.205882,4.5,4.411764,4.352941,4.294117,4.794117,Yes
165250,No,36d61998,VUFA,Full Time,4.305,4.161,No,1,T00856,001,WIRK,Elective,No,Masters1,2023,Spring,20231,2022-23,3.0,74.0,,,61.0,48.0,0.0,7.0,0.0,6.0,68.8499984741211,0.0,No,Building1,"T,R",14:00:00,3.25,3.0,3.97619,4.214285,4.404761,3.190476,1.047619,4.142857,4.261904,2.595238,3.166666,3.857142,4.238095,4.309523,4.285714,4.095238,4.333333,No
165251,No,ce8f8233,VUFA,Full Time,3.755,3.314,No,1,G48390,001,WIRK,Elective,No,Masters1,2023,Spring,20231,2022-23,3.0,60.0,,,45.0,42.0,0.0,0.0,0.0,3.0,81.8199996948242,3.0,No,Building1,R,14:00:00,3.25,5.0,4.027777,4.305555,4.388888,3.0,1.027777,3.277777,3.611111,3.305555,2.694444,3.638888,4.138888,4.166666,3.277777,3.861111,4.472222,Yes
165252,No,ce8f8233,VUFA,Full Time,4.75,4.58,No,1,G48390,002,WIRK,Elective,No,Masters1,2023,Spring,20231,2022-23,3.0,60.0,,,13.0,3.0,4.0,3.0,0.0,3.0,60.0,3.0,No,Building1,R,18:00:00,3.25,5.0,4.047619,4.666666,4.523809,3.571428,1.523809,4.571428,4.523809,2.95238,3.095238,4.380952,4.428571,4.714285,4.523809,4.523809,4.523809,Yes
165253,No,0c7ae29a,VUFA,Full Time,3.81,3.697,No,1,T73232,001,WIRK,Elective,No,Masters1,2023,Spring,20231,2022-23,3.0,74.0,,,53.0,30.0,0.0,0.0,0.0,23.0,92.3099975585938,0.0,No,Building2,T,14:00:00,3.25,5.0,3.520833,4.104166,4.25,2.833333,1.458333,3.583333,3.708333,3.416666,2.9375,3.625,3.645833,3.791666,3.75,3.395833,4.041666,Yes
165254,No,8b24f98b,VUFA,Part Time,3.662,3.905,No,1,K45212,001,WIRK,Elective,No,Masters1,2023,Spring,20231,2022-23,3.0,28.0,,,22.0,21.0,1.0,0.0,0.0,0.0,95.4499969482422,21.0,No,Building1,T,14:00:00,3.25,3.0,4.095238,4.095238,4.238095,3.571428,0.95238,3.857142,3.571428,3.666666,2.904761,3.380952,3.619047,3.380952,3.571428,3.904761,3.904761,Yes
165258,No,291c33d5,ZQOR,Part Time,4.835,4.382,No,1,J20703,003,IGFY,Core,No,Masters1,2023,Spring,20231,2022-23,1.5,74.0,,,74.0,74.0,0.0,0.0,0.0,0.0,95.8899993896484,0.0,No,Building1,"M,W",10:20:00,1.5,31.0,3.971428,4.885714,4.742857,3.1,1.0,4.214285,4.8,3.014285,3.142857,4.114285,4.4,4.485714,4.4,4.042857,4.771428,Yes
165259,No,86629cfe,ZQOR,,4.84,4.781,No,1,Z43549,001,IGFY,Elective,No,Masters1,2023,Spring,20231,2022-23,1.5,58.0,,,68.0,68.0,0.0,0.0,0.0,0.0,97.0599975585938,112.0,No,Building1,"M,W",10:20:00,1.5,13.0,4.590909,4.833333,4.60606,3.075757,0.984848,4.742424,4.818181,3.80303,3.727272,4.621212,4.681818,4.772727,4.696969,4.484848,4.742424,Yes
165260,No,86629cfe,ZQOR,,4.906,4.784,No,1,Z43549,002,IGFY,Elective,No,Masters1,2023,Spring,20231,2022-23,1.5,58.0,,,61.0,61.0,0.0,0.0,0.0,0.0,86.8899993896484,73.0,No,Building1,"M,W",14:00:00,1.5,13.0,4.396226,4.924528,4.792452,3.018867,1.0,4.603773,4.90566,3.754716,3.641509,4.641509,4.566037,4.660377,4.509433,4.45283,4.603773,Yes
165261,No,a5a0fa6c,ZQOR,Full Time,4.886,4.673,No,1,Q44513,001,IGFY,Elective,No,Masters1,2023,Spring,20231,2022-23,3.0,50.0,,,45.0,43.0,0.0,0.0,0.0,2.0,97.7799987792969,6.0,No,Building1,"T,W,R,F,S",09:00:00,8.0,29.0,4.522727,4.863636,4.590909,2.931818,1.022727,4.454545,4.886363,2.886363,3.386363,4.568181,4.65909,4.795454,4.727272,4.5,4.545454,Yes
165262,No,a8f7b74b,ZQOR,Full Time,3.433,3.761,No,1,Q44513,002,IGFY,Elective,No,Masters1,2023,Spring,20231,2022-23,3.0,50.0,,,48.0,47.0,0.0,0.0,0.0,1.0,91.8399963378906,21.0,No,Building2,W,08:30:00,3.25,29.0,3.866666,4.022222,4.377777,2.844444,1.022222,3.6,3.355555,2.466666,2.733333,3.844444,3.555555,3.622222,3.733333,3.488888,3.8,Yes
165263,No,a8f7b74b,ZQOR,Full Time,4.347,4.406,No,1,Q44513,003,IGFY,Elective,No,Masters1,2023,Spring,20231,2022-23,3.0,50.0,,,49.0,48.0,0.0,0.0,0.0,1.0,76.0,31.0,No,Building2,W,14:00:00,3.25,29.0,3.921052,4.315789,4.105263,2.894736,0.868421,4.18421,4.131578,2.447368,2.868421,4.131578,4.289473,4.315789,4.315789,4.18421,4.421052,Yes
165264,No,a8f7b74b,ZQOR,Full Time,4.36,4.25,No,1,Q44513,004,IGFY,Elective,No,Masters1,2023,Spring,20231,2022-23,3.0,50.0,,,46.0,45.0,0.0,0.0,0.0,1.0,72.3399963378906,14.0,No,Building2,W,18:00:00,3.25,29.0,4.0,4.470588,4.147058,3.352941,0.970588,4.0,4.147058,2.617647,2.705882,3.705882,4.17647,4.088235,4.058823,4.088235,4.441176,Yes
165265,No,39c0cb52,ZQOR,Part Time,4.07,3.995,No,1,Q44513,005,IGFY,Elective,No,Masters1,2023,Spring,20231,2022-23,3.0,50.0,,,47.0,47.0,0.0,0.0,0.0,0.0,91.4899978637695,4.0,No,Building2,R,08:30:00,3.25,29.0,3.976744,4.581395,4.558139,3.139534,0.976744,3.906976,3.976744,2.767441,2.697674,3.930232,4.232558,4.116279,4.16279,3.953488,4.348837,Yes
165266,No,39c0cb52,ZQOR,Part Time,4.673,4.724,No,1,Q44513,006,IGFY,Elective,No,Masters1,2023,Spring,20231,2022-23,3.0,50.0,,,42.0,40.0,0.0,0.0,0.0,2.0,83.3300018310547,12.0,No,Building2,R,14:00:00,3.25,29.0,4.342857,4.742857,4.457142,3.428571,1.028571,4.714285,4.657142,2.828571,2.971428,4.371428,4.685714,4.771428,4.657142,4.657142,4.542857,Yes
165267,No,00c8a86b,ZQOR,Full Time,4.583,4.554,No,1,U57158,001,IGFY,Elective,No,Masters1,2023,Spring,20231,2022-23,3.0,74.0,,,41.0,36.0,0.0,0.0,0.0,5.0,96.4300003051758,5.0,No,Building1,T,08:30:00,3.25,2.0,4.259259,4.814814,4.796296,3.314814,1.333333,4.425925,4.444444,3.037037,2.962962,4.37037,4.37037,4.407407,4.555555,4.222222,4.648148,Yes
165268,No,00c8a86b,ZQOR,Full Time,4.635,4.461,No,1,U57158,002,IGFY,Elective,No,Masters1,2023,Spring,20231,2022-23,3.0,74.0,,,61.0,61.0,0.0,0.0,0.0,0.0,98.3600006103516,16.0,No,Building1,T,14:00:00,3.25,2.0,4.1,4.45,4.516666,3.266666,0.966666,4.366666,4.55,2.983333,2.85,4.283333,4.566666,4.6,4.583333,4.416666,4.816666,Yes
165269,No,f06d5cf6,ZQOR,Full Time,3.956,3.702,No,1,Q88265,001,IGFY,Elective,No,Masters1,2023,Spring,20231,2022-23,3.0,74.0,,,55.0,53.0,1.0,0.0,0.0,1.0,82.2600021362305,4.0,No,Building1,W,08:30:00,3.25,9.0,3.72549,4.333333,4.431372,2.921568,1.058823,3.568627,3.803921,2.980392,2.784313,3.372549,3.862745,4.019607,3.72549,3.352941,4.235294,Yes
165270,No,f06d5cf6,ZQOR,Full Time,3.8,3.334,No,1,Q88265,002,IGFY,Elective,No,Masters1,2023,Spring,20231,2022-23,3.0,74.0,,,74.0,73.0,1.0,0.0,0.0,0.0,77.0299987792969,23.0,No,Building1,W,14:00:00,3.25,9.0,3.842105,4.315789,4.263157,3.210526,1.0,3.280701,3.614035,2.842105,2.649122,3.157894,3.894736,3.807017,3.666666,3.473684,4.157894,Yes
165271,No,00a9ac6a,ZQOR,Part Time,4.371,4.45,No,1,E66065,001,IGFY,Elective,No,Masters1,2023,Spring,20231,2022-23,3.0,50.0,Prerequisites,,11.0,11.0,0.0,0.0,0.0,0.0,90.0,0.0,No,Building2,M,14:00:00,3.25,6.0,4.444444,4.333333,4.444444,4.222222,1.0,4.222222,3.666666,3.888888,3.222222,4.111111,3.444444,3.666666,3.777777,4.333333,4.222222,Yes
165272,No,adb6bf4c,ZQOR,Part Time,4.154,4.267,No,1,S08097,001,IGFY,Elective,No,Masters1,2023,Spring,20231,2022-23,1.5,120.0,,,112.0,112.0,0.0,0.0,0.0,0.0,82.1399993896484,51.0,No,Building2,"T,R",10:20:00,1.5,2.0,4.097826,4.380434,4.413043,2.891304,0.923913,4.119565,3.956521,4.22826,3.586956,3.826086,3.967391,3.967391,3.880434,3.608695,4.293478,Yes
165273,No,08470d1d,ZQOR,Part Time,4.049,4.125,No,1,M20044,001,IGFY,Elective,No,Masters1,2023,Spring,20231,2022-23,3.0,50.0,,,44.0,43.0,1.0,0.0,0.0,0.0,88.8899993896484,0.0,No,Building2,M,08:30:00,3.25,2.0,4.125,4.225,4.375,2.975,1.0,4.125,4.0,3.2,2.775,4.15,4.075,4.1,3.875,3.575,4.175,Yes
165274,No,3004a88d,ZQOR,Full Time,4.771,4.388,No,1,G31839,001,IGFY,Elective,No,Masters1,2023,Spring,20231,2022-23,3.0,74.0,,,61.0,61.0,0.0,0.0,0.0,0.0,88.5199966430664,42.0,No,Building1,"T,R",14:00:00,1.5,3.0,4.037037,4.74074,4.666666,3.5,0.925925,4.259259,4.555555,2.851851,2.722222,4.037037,4.462962,4.592592,4.518518,4.407407,4.648148,Yes
165275,No,3004a88d,ZQOR,Full Time,4.917,4.579,No,1,G31839,002,IGFY,Elective,No,Masters1,2023,Spring,20231,2022-23,3.0,74.0,,,34.0,34.0,0.0,0.0,0.0,0.0,90.9100036621094,21.0,No,Building1,"T,R",15:50:00,1.5,3.0,4.166666,4.7,4.5,3.0,1.0,4.566666,4.9,3.133333,2.866666,4.433333,4.666666,4.766666,4.733333,4.366666,4.8,Yes
165276,No,29cbe0bf,ZQOR,Part Time,4.696,4.609,No,1,L91353,001,IGFY,Elective,No,Masters1,2023,Spring,20231,2022-23,1.5,74.0,,,69.0,65.0,3.0,0.0,0.0,1.0,76.120002746582,41.0,No,Building1,R,18:00:00,3.25,2.0,4.17647,4.686274,4.686274,3.0,0.960784,4.568627,4.62745,2.647058,2.941176,4.294117,4.333333,4.470588,4.392156,4.431372,4.62745,Yes
165277,No,62729069,ZQOR,Part Time,4.362,4.362,Yes,2,T49989,001,IGFY,Elective,No,Masters1,2023,Spring,20231,2022-23,1.5,74.0,,,55.0,55.0,0.0,0.0,0.0,0.0,78.5699996948242,14.0,Yes,Building1,"T,R",10:20:00,1.5,2.0,3.931818,4.363636,4.272727,2.5,1.0,4.295454,4.306818,3.227272,3.272727,4.204545,4.15909,4.431818,4.25,3.704545,4.545454,Yes
165277,No,b1bb2f8c,ZQOR,Part Time,4.386,4.362,Yes,2,T49989,001A,IGFY,Elective,No,Masters1,2023,Spring,20231,2022-23,1.5,74.0,,,55.0,55.0,0.0,0.0,0.0,0.0,78.5699996948242,14.0,Yes,Building1,"T,R",10:20:00,1.5,2.0,3.931818,4.363636,4.272727,2.5,1.0,4.295454,4.306818,3.227272,3.272727,4.204545,4.15909,4.431818,4.25,3.704545,4.545454,No
165278,No,a1f188f8,ZQOR,Part Time,4.848,4.676,No,1,X37454,001,IGFY,Elective,No,Masters1,2023,Spring,20231,2022-23,1.5,36.0,,Corequisite,30.0,30.0,0.0,0.0,0.0,0.0,100.0,15.0,No,Building1,M,08:30:00,3.25,29.0,4.533333,4.7,4.866666,3.266666,0.966666,4.633333,4.833333,2.966666,3.266666,4.233333,4.666666,4.766666,4.6,4.566666,4.666666,Yes
165279,No,2b86262a,ZQOR,Part Time,4.485,4.485,No,1,X37454,002,IGFY,Elective,No,Masters1,2023,Spring,20231,2022-23,1.5,36.0,,Corequisite,36.0,36.0,0.0,0.0,0.0,0.0,75.0,26.0,No,Building1,M,14:00:00,3.25,29.0,4.259259,4.666666,4.518518,3.407407,0.962962,4.444444,4.407407,2.74074,2.925925,4.222222,4.407407,4.555555,4.37037,4.629629,4.666666,Yes
165280,No,640ca4b8,ZQOR,Part Time,4.664,4.415,No,1,X37454,003,IGFY,Elective,No,Masters1,2023,Spring,20231,2022-23,1.5,36.0,,Corequisite,34.0,34.0,0.0,0.0,0.0,0.0,87.879997253418,62.0,No,Building1,M,14:00:00,3.25,29.0,4.103448,4.724137,4.344827,2.965517,0.965517,4.37931,4.655172,3.172413,3.137931,4.034482,4.482758,4.620689,4.37931,4.448275,4.75862,Yes
165281,No,640ca4b8,ZQOR,Part Time,4.826,4.87,No,1,X37454,004,IGFY,Elective,No,Masters1,2023,Spring,20231,2022-23,1.5,36.0,,Corequisite,33.0,33.0,0.0,0.0,0.0,0.0,69.6999969482422,66.0,No,Building1,M,18:00:00,3.25,29.0,4.260869,4.956521,4.956521,3.043478,0.956521,4.869565,4.826086,3.347826,3.347826,4.47826,4.782608,4.869565,4.956521,4.869565,4.913043,Yes
165282,No,f8710654,ZQOR,Part Time,4.364,4.04,No,1,P20112,001,IGFY,Elective,No,Masters1,2023,Spring,20231,2022-23,1.5,40.0,,,35.0,33.0,2.0,0.0,0.0,0.0,100.0,10.0,No,Building1,M,18:00:00,3.25,2.0,3.90909,4.636363,4.424242,2.848484,1.0,3.878787,4.363636,3.545454,3.363636,3.636363,4.393939,4.454545,4.212121,3.696969,4.545454,Yes
165283,No,82ed4a92,ZQOR,Part Time,4.391,4.09,No,1,L73451,001,IGFY,Elective,No,Masters1,2023,Spring,20231,2022-23,1.5,74.0,,,55.0,54.0,0.0,0.0,0.0,1.0,83.6399993896484,8.0,No,Building1,M,14:00:00,3.25,1.0,4.108695,4.673913,4.630434,2.826086,1.0,3.956521,4.282608,3.521739,3.304347,3.717391,4.304347,4.434782,4.086956,3.869565,4.5,Yes
165285,No,4a824882,ZQOR,Part Time,4.22,3.897,No,1,T61937,001,IGFY,Elective,No,Masters1,2023,Spring,20231,2022-23,1.5,74.0,,,58.0,56.0,2.0,0.0,0.0,0.0,77.1900024414063,37.0,No,Building2,T,18:00:00,3.25,3.0,4.0,4.5,4.590909,3.340909,1.0,3.795454,4.022727,2.931818,2.840909,3.75,4.136363,4.15909,4.022727,3.545454,4.431818,Yes
165286,No,1f932881,ZQOR,Part Time,4.682,4.6,No,1,T81933,001,IGFY,Elective,No,Masters1,2023,Spring,20231,2022-23,1.5,50.0,,,53.0,52.0,0.0,0.0,0.0,1.0,67.9199981689453,26.0,No,Building1,R,08:30:00,3.25,2.0,4.277777,4.527777,4.472222,2.861111,0.944444,4.527777,4.611111,2.611111,3.416666,4.444444,4.277777,4.361111,4.277777,3.833333,4.5,No
165287,No,88753b93,ZQOR,Full Time,4.918,4.818,No,1,N57760,001,IGFY,Elective,No,Masters1,2023,Spring,20231,2022-23,1.5,74.0,,,74.0,74.0,0.0,0.0,0.0,0.0,90.5400009155273,83.0,No,Building1,"T,R",10:20:00,1.5,6.0,4.358208,4.880597,4.761194,3.492537,0.985074,4.80597,4.910447,2.955223,3.477611,4.552238,4.597014,4.880597,4.80597,4.80597,4.686567,Yes
165288,No,88753b93,ZQOR,Full Time,4.91,4.737,No,1,N57760,002,IGFY,Elective,No,Masters1,2023,Spring,20231,2022-23,1.5,74.0,,,74.0,74.0,0.0,0.0,0.0,0.0,85.1399993896484,52.0,No,Building1,"T,R",14:00:00,1.5,6.0,4.460317,4.825396,4.777777,3.650793,0.95238,4.650793,4.746031,2.825396,3.492063,4.396825,4.619047,4.761904,4.63492,4.555555,4.730158,Yes
165289,No,88753b93,ZQOR,Full Time,4.909,4.731,No,1,N57760,003,IGFY,Elective,No,Masters1,2023,Spring,20231,2022-23,1.5,74.0,,,73.0,73.0,0.0,0.0,0.0,0.0,90.5400009155273,53.0,No,Building1,"T,R",15:50:00,1.5,6.0,4.328358,4.731343,4.686567,3.313432,0.970149,4.716417,4.820895,2.970149,3.582089,4.447761,4.597014,4.80597,4.671641,4.686567,4.820895,Yes
165290,No,626c7d4b,ZQOR,Part Time,4.266,3.835,No,1,P26952,001,IGFY,Elective,No,Masters1,2023,Spring,20231,2022-23,1.5,74.0,,,66.0,65.0,1.0,0.0,0.0,0.0,96.9199981689453,0.0,No,Building1,T,14:00:00,3.25,2.0,3.714285,4.349206,4.333333,2.825396,1.0,3.761904,4.238095,2.857142,2.761904,3.571428,4.111111,4.380952,3.95238,3.206349,4.428571,Yes
165291,No,309d2564,ZQOR,Full Time,4.0,3.435,No,1,E82571,001,IGFY,Elective,No,Masters1,2023,Spring,20231,2022-23,3.0,74.0,,,45.0,35.0,0.0,0.0,1.0,9.0,66.6699981689453,17.0,No,Building2,W,14:00:00,3.25,4.0,3.842105,4.473684,4.289473,3.394736,1.18421,3.394736,3.868421,3.236842,2.605263,3.342105,3.605263,4.052631,3.657894,3.736842,4.289473,Yes
165292,No,309d2564,ZQOR,Full Time,4.259,4.156,No,1,E82571,002,IGFY,Elective,No,Masters1,2023,Spring,20231,2022-23,3.0,74.0,,,47.0,33.0,2.0,5.0,0.0,7.0,74.1399993896484,10.0,No,Building2,W,18:00:00,3.25,4.0,4.0,4.604651,4.325581,3.046511,1.209302,3.860465,4.069767,3.279069,2.953488,3.72093,4.116279,4.255813,4.209302,4.209302,4.372093,Yes
165293,No,9396b3cc,ZQOR,Part Time,4.88,4.641,No,1,O31647,001,IGFY,Elective,No,Masters1,2023,Spring,20231,2022-23,1.5,74.0,,,60.0,60.0,0.0,0.0,0.0,0.0,74.5999984741211,8.0,No,Building1,T,14:00:00,3.25,2.0,4.106382,4.595744,4.574468,2.765957,0.978723,4.468085,4.74468,2.851063,3.404255,4.276595,4.212765,4.489361,4.340425,3.617021,4.553191,Yes
165294,No,08470d1d,ZQOR,Part Time,4.503,4.324,No,1,P87012,001,IGFY,Elective,No,Masters1,2023,Spring,20231,2022-23,1.5,50.0,,,41.0,41.0,0.0,0.0,0.0,0.0,82.9300003051758,17.0,No,Building1,M,14:00:00,3.25,2.0,4.088235,4.647058,4.67647,3.294117,1.0,4.323529,4.5,3.205882,3.264705,4.264705,4.352941,4.470588,4.147058,4.058823,4.617647,Yes
165295,No,9ef39e2b,ZQOR,Part Time,4.26,4.909,No,1,K94394,001,IGFY,Elective,No,Masters1,2023,Spring,20231,2022-23,3.0,36.0,Prerequisites,,15.0,10.0,4.0,0.0,0.0,1.0,73.3300018310547,0.0,No,Building1,W,14:00:00,1.5,5.0,4.545454,4.363636,4.0,3.272727,0.90909,4.90909,4.181818,3.545454,3.0,4.181818,4.181818,4.181818,3.90909,3.90909,4.636363,No
165296,No,67af40c5,ZQOR,Full Time,4.35,4.0,No,1,R97216,001,IGFY,Elective,No,Masters1,2023,Spring,20231,2022-23,1.5,74.0,,,41.0,41.0,0.0,0.0,0.0,0.0,63.6399993896484,20.0,No,Building1,"T,R",08:30:00,1.5,4.0,3.885714,4.571428,4.542857,3.314285,1.142857,3.857142,4.142857,2.857142,3.0,3.514285,4.142857,4.371428,4.314285,4.114285,4.457142,Yes
165297,No,67af40c5,ZQOR,Full Time,4.3,4.009,No,1,R97216,002,IGFY,Elective,No,Masters1,2023,Spring,20231,2022-23,1.5,74.0,,,61.0,61.0,0.0,0.0,0.0,0.0,77.0500030517578,52.0,No,Building1,"T,R",10:20:00,1.5,4.0,4.0,4.574468,4.659574,3.425531,1.0,3.957446,4.170212,2.87234,3.063829,3.978723,4.382978,4.319148,4.255319,4.127659,4.680851,Yes
165298,No,31ce692e,ZQOR,Full Time,4.236,4.18,No,1,B27342,001,IGFY,Elective,No,Masters1,2023,Spring,20231,2022-23,1.5,74.0,,,55.0,54.0,0.0,0.0,0.0,1.0,89.8300018310547,0.0,No,Building1,"T,R",08:30:00,1.5,2.0,3.81132,4.301886,4.339622,2.584905,1.056603,4.132075,4.169811,2.90566,3.075471,4.075471,4.113207,4.245283,4.037735,4.188679,4.471698,Yes
165299,No,aabaf466,ZQOR,Full Time,4.635,4.578,No,1,D65265,001,IGFY,Elective,No,Masters1,2023,Spring,20231,2022-23,3.0,25.0,,,23.0,22.0,1.0,0.0,0.0,0.0,91.6699981689453,4.0,No,Building1,R,14:00:00,3.25,1.0,4.5,4.90909,4.636363,3.090909,1.0,4.454545,4.136363,3.590909,2.727272,4.5,4.40909,4.636363,4.090909,4.227272,4.681818,Yes
165300,No,a5dca330,ZQOR,Part Time,4.8,5.0,Yes,2,U21346,099,IGFY,Elective,No,Masters1,2023,Spring,20231,2022-23,3.0,25.0,,,14.0,10.0,4.0,0.0,0.0,0.0,66.6699981689453,0.0,Yes,off-campus,M,14:00:00,3.25,2.0,4.4,4.8,4.8,4.3,1.0,5.0,4.8,2.6,3.1,4.7,4.6,4.6,4.6,4.6,4.7,Yes
165300,No,87b6a27f,ZQOR,Part Time,4.8,5.0,Yes,2,U21346,099A,IGFY,Elective,No,Masters1,2023,Spring,20231,2022-23,3.0,25.0,,,14.0,10.0,4.0,0.0,0.0,0.0,66.6699981689453,0.0,Yes,off-campus,M,14:00:00,3.25,2.0,4.4,4.8,4.8,4.3,1.0,5.0,4.8,2.6,3.1,4.7,4.6,4.6,4.6,4.6,4.7,No
165302,No,4b95ef5e,ZQOR,,4.511,4.4,No,1,E05949,001,IGFY,Elective,Yes,Masters1,2023,Spring,20231,2022-23,1.5,50.0,,,32.0,30.0,2.0,0.0,0.0,0.0,64.5199966430664,25.0,No,Building2,"T,R",15:50:00,1.5,,4.35,4.15,4.05,3.15,1.0,4.3,4.4,3.05,3.05,4.4,4.45,4.25,4.35,4.65,4.5,Yes
165303,No,e1e06ccf,ZQOR,Part Time,4.281,4.26,No,1,J32944,001,IGFY,Elective,No,Masters1,2023,Spring,20231,2022-23,3.0,74.0,,,69.0,68.0,0.0,0.0,0.0,1.0,73.9100036621094,2.0,No,Building1,T,14:00:00,3.25,4.0,4.098039,4.529411,4.588235,3.274509,0.941176,4.058823,4.058823,3.0,2.843137,3.960784,4.215686,4.235294,4.333333,4.098039,4.470588,Yes
165305,No,44b57473,VUFA,,4.6,4.0,No,1,B55819,001,WIRK,Core,No,Masters1,2023,Spring,20231,2022-23,1.5,74.0,,,66.0,66.0,0.0,0.0,0.0,0.0,81.8199996948242,0.0,No,Building1,"M,W",14:00:00,1.5,33.0,3.777777,4.703703,4.666666,3.148148,0.981481,3.925925,4.462962,3.055555,3.296296,3.74074,4.444444,4.518518,4.296296,4.166666,4.462962,Yes
165306,No,44b57473,VUFA,,4.618,4.324,No,1,B55819,002,WIRK,Core,No,Masters1,2023,Spring,20231,2022-23,1.5,74.0,,,65.0,65.0,0.0,0.0,0.0,0.0,89.2300033569336,0.0,No,Building1,"M,W",10:20:00,1.5,33.0,4.086206,4.741379,4.724137,3.293103,1.0,4.275862,4.534482,3.103448,3.293103,4.120689,4.448275,4.689655,4.413793,4.0,4.75862,Yes
165307,No,44b57473,VUFA,,4.42,4.218,No,1,B55819,003,WIRK,Core,No,Masters1,2023,Spring,20231,2022-23,1.5,74.0,,,67.0,67.0,0.0,0.0,0.0,0.0,91.0400009155273,0.0,No,Building1,"M,W",08:30:00,1.5,33.0,3.704918,4.557377,4.655737,2.721311,1.0,4.131147,4.229508,3.131147,3.327868,3.950819,4.245901,4.377049,4.360655,3.836065,4.639344,Yes
165308,No,e8b5f112,VUFA,Part Time,4.286,3.933,No,1,F75121,001,WIRK,Elective,No,Masters1,2023,Spring,20231,2022-23,1.5,40.0,Prerequisites,,10.0,7.0,3.0,0.0,0.0,0.0,70.0,0.0,No,Building2,M,08:30:00,3.25,1.0,4.285714,4.285714,3.0,4.428571,1.0,3.857142,4.285714,3.0,3.142857,3.571428,4.142857,4.142857,4.0,4.142857,4.142857,Yes
165309,No,5df4a6f8,VUFA,Full Time,3.391,3.24,No,1,W54031,001,WIRK,Elective,No,Masters1,2023,Spring,20231,2022-23,1.5,74.0,,,62.0,55.0,3.0,3.0,0.0,1.0,91.9400024414063,43.0,No,Building1,M,18:00:00,3.25,1.0,3.526315,4.14035,4.403508,3.14035,1.0,3.22807,3.385964,2.666666,2.719298,3.070175,3.421052,3.350877,3.052631,2.771929,3.614035,Yes
165311,No,8a06b1c0,VUFA,Full Time,4.431,4.609,Yes,2,F48908,001,WIRK,Elective,No,Masters1,2023,Spring,20231,2022-23,1.5,50.0,,,50.0,49.0,1.0,0.0,0.0,0.0,92.0,71.0,Yes,Building1,T,18:00:00,3.25,1.0,4.47826,4.782608,4.673913,3.782608,0.956521,4.608695,4.597826,3.673913,3.369565,4.456521,4.608695,4.73913,4.782608,4.434782,4.804347,Yes
165311,Yes,4827bc81,VUFA,Part Time,4.783,4.609,Yes,2,F48908,001A,WIRK,Elective,No,Masters1,2023,Spring,20231,2022-23,1.5,50.0,,,50.0,49.0,1.0,0.0,0.0,0.0,92.0,71.0,Yes,Building1,T,18:00:00,3.25,1.0,4.47826,4.782608,4.673913,3.782608,0.956521,4.608695,4.597826,3.673913,3.369565,4.456521,4.608695,4.73913,4.782608,4.434782,4.804347,No
165312,No,c5fc3880,VUFA,Part Time,4.673,4.654,Yes,2,Z49998,001,WIRK,Elective,No,Masters1,2023,Spring,20231,2022-23,1.5,60.0,,,45.0,45.0,0.0,0.0,0.0,0.0,100.0,36.0,Yes,Building1,M,14:00:00,3.25,5.0,4.318181,4.818181,4.75,3.40909,0.977272,4.590909,4.590909,3.40909,3.181818,4.363636,4.613636,4.772727,4.568181,4.704545,4.704545,Yes
165312,No,66547dc9,VUFA,Part Time,4.719,4.654,Yes,2,Z49998,001A,WIRK,Elective,No,Masters1,2023,Spring,20231,2022-23,1.5,60.0,,,45.0,45.0,0.0,0.0,0.0,0.0,100.0,36.0,Yes,Building1,M,14:00:00,3.25,5.0,4.318181,4.818181,4.75,3.40909,0.977272,4.590909,4.590909,3.40909,3.181818,4.363636,4.613636,4.772727,4.568181,4.704545,4.704545,No
165313,No,91485667,VUFA,Full Time,4.278,4.23,No,1,A26934,001,WIRK,Elective,No,Masters1,2023,Spring,20231,2022-23,3.0,46.0,,,50.0,20.0,1.0,27.0,0.0,2.0,84.0,18.0,No,Building1,W,14:00:00,3.25,1.0,4.190476,4.47619,4.333333,3.5,1.023809,4.166666,4.047619,3.95238,3.333333,3.785714,4.047619,4.261904,4.166666,3.904761,4.357142,Yes
165314,No,795419b3,VUFA,Part Time,4.643,4.465,No,1,A77571,001,WIRK,Elective,No,Masters1,2023,Spring,20231,2022-23,3.0,74.0,Prerequisites,,56.0,50.0,6.0,0.0,0.0,0.0,83.9300003051758,10.0,No,Building1,W,18:00:00,3.25,1.0,4.234042,4.404255,4.319148,2.893617,0.957446,4.276595,4.574468,3.659574,3.127659,4.255319,4.617021,4.617021,4.489361,4.382978,4.638297,Yes
165315,No,132c085c,VUFA,Part Time,4.673,4.509,No,1,F94903,001,WIRK,Elective,No,Masters1,2023,Spring,20231,2022-23,1.5,40.0,,,39.0,38.0,1.0,0.0,0.0,0.0,92.3099975585938,31.0,No,Building1,M,14:00:00,3.25,3.0,4.277777,4.5,4.583333,2.777777,0.944444,4.5,4.527777,3.638888,3.5,4.388888,4.527777,4.611111,4.416666,4.666666,4.666666,Yes
165316,No,2f471e27,VUFA,Part Time,4.584,4.2,No,1,O79370,001,WIRK,Elective,No,Masters1,2023,Spring,20231,2022-23,1.5,74.0,,,59.0,57.0,0.0,2.0,0.0,0.0,94.9199981689453,31.0,No,Building2,M,14:00:00,3.25,5.0,3.767857,4.446428,4.428571,3.017857,1.0,4.107142,4.392857,2.303571,2.982142,4.035714,4.464285,4.446428,4.375,3.982142,4.553571,No
165317,No,e0934680,VUFA,Part Time,4.929,4.836,No,1,U32641,001,WIRK,Elective,No,Masters1,2023,Spring,20231,2022-23,1.5,60.0,,,56.0,55.0,1.0,0.0,0.0,0.0,98.25,35.0,No,Building1,"T,W,R",09:00:00,8.0,4.0,4.446428,4.821428,4.625,3.017857,0.946428,4.75,4.928571,2.232142,3.785714,4.410714,4.553571,4.732142,4.642857,3.589285,4.714285,Yes
165318,No,5df4a6f8,VUFA,Full Time,3.231,3.721,Yes,2,V58731,001,WIRK,Elective,No,Masters1,2023,Spring,20231,2022-23,3.0,74.0,,,71.0,71.0,0.0,0.0,0.0,0.0,78.870002746582,21.0,Yes,Building1,M,14:00:00,3.25,2.0,3.821428,4.375,4.178571,3.017857,0.982142,3.517857,3.723214,2.875,2.696428,3.571428,4.196428,4.232142,4.0,4.107142,4.285714,Yes
165318,No,467ae184,VUFA,Part Time,4.494,3.721,Yes,2,V58731,001A,WIRK,Elective,No,Masters1,2023,Spring,20231,2022-23,3.0,74.0,,,71.0,71.0,0.0,0.0,0.0,0.0,78.870002746582,21.0,Yes,Building1,M,14:00:00,3.25,2.0,3.821428,4.375,4.178571,3.017857,0.982142,3.517857,3.723214,2.875,2.696428,3.571428,4.196428,4.232142,4.0,4.107142,4.285714,No
165319,No,7357616a,VUFA,Full Time,3.434,3.571,No,1,T37978,001,WIRK,Elective,No,Masters1,2023,Spring,20231,2022-23,3.0,74.0,,,55.0,48.0,0.0,0.0,0.0,7.0,61.8199996948242,0.0,No,Building1,"T,R",14:00:00,1.5,7.0,3.882352,4.617647,4.264705,2.588235,1.117647,3.5,3.382352,3.529411,2.911764,3.470588,4.0,3.882352,3.941176,3.411764,4.117647,Yes
165320,No,7357616a,VUFA,Full Time,4.4,4.445,No,1,T37978,002,WIRK,Elective,No,Masters1,2023,Spring,20231,2022-23,3.0,74.0,,,25.0,19.0,0.0,0.0,0.0,6.0,64.0999984741211,0.0,No,Building1,"T,R",15:50:00,1.5,7.0,3.84,4.12,4.36,2.96,1.36,4.36,4.32,3.48,3.08,4.2,4.48,4.32,4.28,4.0,4.52,Yes
165321,No,b8b7c818,VUFA,Full Time,4.663,4.821,No,1,T37978,003,WIRK,Elective,No,Masters1,2023,Spring,20231,2022-23,3.0,74.0,,,14.0,11.0,2.0,1.0,0.0,0.0,60.6100006103516,6.0,No,Building1,R,18:00:00,3.25,7.0,4.25,4.6,4.3,3.05,1.45,4.7,4.55,3.35,3.25,4.8,4.75,4.8,4.8,4.75,4.9,Yes
165322,No,8c5e8a1c,VUFA,Part Time,4.326,4.126,No,1,V25058,001,WIRK,Elective,No,Masters1,2023,Spring,20231,2022-23,1.5,50.0,,,43.0,39.0,0.0,4.0,0.0,0.0,93.0199966430664,40.0,No,Building1,T,08:30:00,3.25,5.0,4.175,4.4,4.375,2.85,0.95,3.95,4.1,3.525,3.25,4.1,4.05,4.05,4.05,3.875,4.225,Yes
165323,No,f2ab9d9d,VUFA,Part Time,4.696,4.326,No,1,J73875,001,WIRK,Elective,No,Masters1,2023,Spring,20231,2022-23,1.5,74.0,,,67.0,63.0,1.0,3.0,0.0,0.0,82.0899963378906,39.0,No,Building1,R,18:00:00,3.25,3.0,4.072727,4.70909,4.690909,2.963636,0.963636,4.290909,4.581818,2.254545,2.872727,4.127272,4.418181,4.490909,4.327272,3.927272,4.50909,Yes
165324,No,3c5eb40f,VUFA,,4.762,4.583,No,1,B47508,001,WIRK,Elective,No,Masters1,2023,Spring,20231,2022-23,3.0,32.0,Prerequisites,,31.0,31.0,0.0,0.0,0.0,0.0,93.5500030517578,4.0,No,Building2,W,14:00:00,3.25,1.0,4.413793,4.413793,4.448275,3.275862,0.931034,4.137931,4.655172,3.586206,3.344827,4.275862,4.413793,4.482758,4.517241,4.551724,4.724137,Yes
165325,No,e5f50cbb,VUFA,Part Time,4.695,4.298,No,1,U93849,002,WIRK,Elective,No,Masters1,2023,Spring,20231,2022-23,3.0,74.0,,,74.0,62.0,1.0,9.0,0.0,2.0,88.8899993896484,23.0,No,Building1,W,18:00:00,3.25,3.0,4.140625,4.640625,4.59375,3.1875,0.984375,4.203125,4.671875,2.25,2.921875,4.015625,4.59375,4.734375,4.609375,3.984375,4.796875,Yes
165326,No,2e0d2242,VUFA,Part Time,4.435,3.99,Yes,2,U93849,003,WIRK,Elective,No,Masters1,2023,Spring,20231,2022-23,3.0,74.0,,,64.0,53.0,2.0,0.0,0.0,9.0,75.0,3.0,Yes,Building1,M,18:00:00,3.25,3.0,3.479166,4.1875,4.25,2.791666,1.0625,3.8125,4.333333,2.604166,2.791666,3.708333,4.333333,4.416666,4.25,4.041666,4.416666,Yes
165326,Yes,12742bc9,VUFA,Part Time,4.498,3.99,Yes,2,U93849,003A,WIRK,Elective,No,Masters1,2023,Spring,20231,2022-23,3.0,74.0,,,64.0,53.0,2.0,0.0,0.0,9.0,75.0,3.0,Yes,Building1,M,18:00:00,3.25,3.0,3.479166,4.1875,4.25,2.791666,1.0625,3.8125,4.333333,2.604166,2.791666,3.708333,4.333333,4.416666,4.25,4.041666,4.416666,No
165327,No,8c5e8a1c,VUFA,Part Time,4.708,4.654,No,1,B20457,001,WIRK,Elective,No,Masters1,2023,Spring,20231,2022-23,1.5,50.0,,,48.0,48.0,0.0,0.0,0.0,0.0,81.25,49.0,No,Building1,T,14:00:00,3.25,5.0,4.128205,4.641025,4.666666,3.25641,1.0,4.615384,4.641025,3.307692,3.25641,4.358974,4.358974,4.615384,4.307692,4.205128,4.461538,Yes
165328,No,c898515a,VUFA,Part Time,4.476,4.316,No,1,Y05287,001,WIRK,Elective,No,Masters1,2023,Spring,20231,2022-23,1.5,40.0,,,41.0,40.0,1.0,0.0,0.0,0.0,82.9300003051758,30.0,No,Building1,W,14:00:00,3.25,2.0,4.235294,4.441176,4.382352,3.352941,0.911764,4.235294,4.147058,2.941176,2.941176,3.705882,4.088235,3.941176,4.17647,3.882352,4.117647,Yes
165329,No,354eb1c6,VUFA,Full Time,4.05,4.106,No,1,K57828,001,WIRK,Elective,No,MSPHD,2023,Spring,20231,2022-23,1.5,74.0,,,60.0,60.0,0.0,0.0,0.0,0.0,89.6600036621094,4.0,No,Building1,"M,W",10:20:00,1.5,6.0,3.846153,4.038461,4.211538,2.615384,0.942307,4.01923,3.980769,3.326923,3.230769,3.961538,3.634615,3.903846,3.884615,3.615384,4.01923,Yes
165330,No,354eb1c6,VUFA,Full Time,4.432,4.251,No,1,K57828,002,WIRK,Elective,No,MSPHD,2023,Spring,20231,2022-23,1.5,74.0,,,55.0,37.0,0.0,0.0,0.0,18.0,84.75,0.0,No,Building1,"M,W",14:00:00,1.5,6.0,4.02,4.44,4.26,3.02,1.28,4.2,4.34,3.34,3.18,4.0,4.4,4.42,4.46,3.8,4.56,Yes
165331,No,0b633d08,VUFA,Part Time,4.375,4.125,No,1,X96449,001,WIRK,Elective,No,Masters1,2023,Spring,20231,2022-23,3.0,74.0,,,54.0,46.0,0.0,8.0,0.0,0.0,90.0,8.0,No,Building1,R,14:00:00,3.25,2.0,3.944444,4.481481,4.388888,3.611111,1.037037,3.925925,4.148148,2.814814,2.87037,3.907407,4.259259,4.185185,4.074074,3.814814,4.407407,Yes
165332,No,efee091f,VUFA,Part Time,4.716,4.716,No,1,M15228,001,WIRK,Elective,No,Masters1,2023,Spring,20231,2022-23,3.0,24.0,,,20.0,18.0,2.0,0.0,0.0,0.0,100.0,0.0,No,Building1,"T,W,R,F,S",09:00:00,9.0,1.0,4.1,4.85,4.55,3.0,1.05,4.65,4.65,4.3,4.0,4.5,4.3,4.35,3.85,4.55,4.75,Yes
165515,No,bc569381,VUFA,Part Time,3.683,3.509,No,1,U93849,001,WIRK,Elective,No,Masters1,2023,Spring,20231,2022-23,3.0,74.0,,,72.0,39.0,2.0,0.0,0.0,31.0,72.2200012207031,18.0,No,Building1,T,18:00:00,3.25,3.0,3.788461,4.230769,3.826923,3.134615,1.307692,3.384615,3.576923,2.807692,2.826923,3.51923,3.865384,3.942307,3.923076,3.576923,4.115384,Yes
165528,No,4b0ab014,CGCH,Part Time,4.87,4.913,No,1,A32763,100,SBFH,Elective,No,Masters2,2023,Spring,20231,2022-23,3.0,46.0,,Corequisite,26.0,0.0,26.0,0.0,0.0,0.0,85.1900024414063,0.0,No,Building2,"M,T,U",09:00:00,8.0,2.0,4.347826,4.695652,4.47826,2.869565,1.0,4.913043,4.869565,3.434782,4.086956,4.782608,4.73913,4.782608,4.565217,4.391304,4.956521,Yes
165529,No,de05c262,USIE,Full Time,3.689,3.711,No,1,I97516,001,USIE,Core,No,Masters2,2023,Spring,20231,2022-23,1.5,72.0,,,72.0,0.0,72.0,0.0,0.0,0.0,77.7799987792969,0.0,No,Building1,"F, S",08:30:00,10.25,11.0,3.928571,4.267857,4.285714,2.589285,0.982142,3.535714,3.607142,3.107142,3.392857,3.464285,3.517857,3.535714,3.267857,3.214285,4.285714,Yes
165530,No,13b49786,CGCH,Full Time,4.744,4.854,Yes,2,P67485,100,SBFH,Elective,No,Masters2,2023,Spring,20231,2022-23,3.0,45.0,Prerequisites,,31.0,0.0,31.0,0.0,0.0,0.0,77.7799987792969,0.0,Yes,off-campus,"M,T,W,R,F",09:00:00,8.0,2.0,4.642857,4.821428,4.571428,2.785714,1.142857,4.821428,4.178571,4.75,4.214285,4.535714,4.714285,4.642857,4.642857,4.0,4.678571,Yes
165530,No,3f50edac,CGCH,Part Time,4.152,4.854,Yes,2,P67485,100A,SBFH,Elective,No,Masters2,2023,Spring,20231,2022-23,3.0,45.0,Prerequisites,,31.0,0.0,31.0,0.0,0.0,0.0,77.7799987792969,0.0,Yes,off-campus,"M,T,W,R,F",09:00:00,8.0,2.0,4.642857,4.821428,4.571428,2.785714,1.142857,4.821428,4.178571,4.75,4.214285,4.535714,4.714285,4.642857,4.642857,4.0,4.678571,No
165531,No,de05c262,USIE,Full Time,3.35,3.281,No,1,I97516,002,USIE,Core,No,Masters2,2023,Spring,20231,2022-23,1.5,74.0,,,73.0,0.0,73.0,0.0,0.0,0.0,90.4100036621094,0.0,No,Building1,"F, S",08:30:00,10.25,11.0,3.818181,4.060606,4.257575,2.454545,0.969696,3.287878,3.287878,3.0,3.439393,3.196969,3.242424,3.30303,3.227272,3.10606,4.333333,Yes
165533,No,de05c262,USIE,Full Time,4.045,3.969,No,1,I97516,003,USIE,Core,No,Masters2,2023,Spring,20231,2022-23,1.5,72.0,,,54.0,0.0,54.0,0.0,0.0,0.0,79.629997253418,0.0,No,Building2,S,08:30:00,10.25,11.0,3.930232,4.488372,4.418604,2.906976,1.0,3.813953,4.0,3.209302,3.395348,3.72093,3.906976,4.046511,3.953488,3.627906,4.279069,Yes
165534,No,96256d7a,CGCH,,4.275,4.15,No,1,S95648,001,SBFH,Elective,No,Masters1,2023,Spring,20231,2022-23,1.5,50.0,,Corequisite,33.0,33.0,0.0,0.0,0.0,0.0,75.7600021362305,12.0,No,Building1,"M,W",15:50:00,1.5,95.0,3.96,4.2,4.44,3.92,0.96,4.08,4.2,3.44,3.04,3.88,3.96,4.24,3.96,3.64,4.28,Yes
165535,No,de05c262,USIE,Full Time,3.974,3.856,No,1,I97516,004,USIE,Core,No,Masters2,2023,Spring,20231,2022-23,1.5,74.0,,,52.0,0.0,52.0,0.0,0.0,0.0,84.620002746582,0.0,No,Building2,S,08:30:00,10.25,11.0,3.886363,4.363636,4.522727,2.90909,0.977272,3.75,3.90909,3.15909,3.545454,3.75,3.863636,3.727272,3.65909,3.545454,4.40909,Yes
165536,Yes,f1f2f416,GYQP,Part Time,4.329,4.302,Yes,3,X89610,001,SBFH,Elective,No,Masters1,2023,Spring,20231,2022-23,3.0,74.0,Prerequisites,Corequisite,53.0,43.0,1.0,5.0,0.0,4.0,82.1399993896484,2.0,Yes,Building2,R,18:00:00,3.25,2.0,4.608695,4.5,4.543478,3.630434,1.0,4.108695,4.217391,4.195652,3.673913,4.369565,4.413043,4.391304,4.347826,4.434782,4.347826,Yes
165536,No,76a7e119,CGCH,Part Time,4.585,4.302,Yes,3,X89610,001A,SBFH,Elective,No,Masters1,2023,Spring,20231,2022-23,3.0,74.0,Prerequisites,Corequisite,53.0,43.0,1.0,5.0,0.0,4.0,82.1399993896484,2.0,Yes,Building2,R,18:00:00,3.25,2.0,4.608695,4.5,4.543478,3.630434,1.0,4.108695,4.217391,4.195652,3.673913,4.369565,4.413043,4.391304,4.347826,4.434782,4.347826,No
165536,No,25813918,CGCH,Part Time,4.079,4.302,Yes,3,X89610,001B,SBFH,Elective,No,Masters1,2023,Spring,20231,2022-23,3.0,74.0,Prerequisites,Corequisite,53.0,43.0,1.0,5.0,0.0,4.0,82.1399993896484,2.0,Yes,Building2,R,18:00:00,3.25,2.0,4.608695,4.5,4.543478,3.630434,1.0,4.108695,4.217391,4.195652,3.673913,4.369565,4.413043,4.391304,4.347826,4.434782,4.347826,No
165538,No,b8b7c818,VUFA,Full Time,4.563,4.616,Yes,2,X19759,001,WPUS,Elective,No,Masters1,2023,Spring,20231,2022-23,3.0,74.0,,,66.0,60.0,3.0,3.0,0.0,0.0,93.9400024414063,0.0,Yes,Building1,"T,W,R,F,S",09:00:00,8.0,10.0,4.209677,4.5,4.596774,3.241935,1.0,4.612903,4.516129,3.258064,3.435483,4.193548,4.5,4.516129,4.516129,4.080645,4.548387,Yes
165538,No,bfe76817,NZJO,Full Time,4.59,4.616,Yes,2,X19759,001A,WPUS,Elective,No,Masters1,2023,Spring,20231,2022-23,3.0,74.0,,,66.0,60.0,3.0,3.0,0.0,0.0,93.9400024414063,0.0,Yes,Building1,"T,W,R,F,S",09:00:00,8.0,10.0,4.209677,4.5,4.596774,3.241935,1.0,4.612903,4.516129,3.258064,3.435483,4.193548,4.5,4.516129,4.516129,4.080645,4.548387,No
165539,No,7e8cb19d,NZJO,Full Time,4.505,4.169,No,1,Q95413,003,TRXC,Core,No,Masters2,2023,Spring,20231,2022-23,1.5,74.0,,,54.0,0.0,54.0,0.0,0.0,0.0,85.1900024414063,0.0,No,Building2,S,08:30:00,10.25,10.0,4.043478,4.630434,4.369565,3.152173,1.0,4.152173,4.326086,3.108695,3.152173,4.043478,4.260869,4.456521,4.043478,3.804347,4.413043,Yes
165540,No,7e8cb19d,NZJO,Full Time,4.477,4.21,No,1,Q95413,004,TRXC,Core,No,Masters2,2023,Spring,20231,2022-23,1.5,72.0,,,53.0,0.0,53.0,0.0,0.0,0.0,84.9100036621094,0.0,No,Building1,S,08:30:00,10.25,10.0,4.088888,4.666666,4.622222,2.755555,0.977777,4.111111,4.377777,3.0,3.244444,3.955555,4.244444,4.266666,3.977777,3.777777,4.4,Yes
165542,No,6f4c76ff,NZJO,Part Time,4.806,4.661,No,1,B13752,100,TRXC,Elective,No,Masters2,2023,Spring,20231,2022-23,3.0,74.0,,,37.0,1.0,36.0,0.0,0.0,0.0,92.5,0.0,No,off-campus,"M,T,W,R,U",09:00:00,8.0,1.0,4.351351,4.756756,4.513513,2.729729,1.027027,4.513513,4.783783,2.837837,3.243243,4.432432,4.702702,4.729729,4.648648,4.297297,4.675675,Yes
165543,No,2818e5bd,CGCH,Full Time,4.627,4.652,No,1,H97669,101,KAFN,Elective,No,Masters2,2023,Spring,20231,2022-23,3.0,70.0,,,33.0,0.0,33.0,0.0,0.0,0.0,94.2900009155273,0.0,No,off-campus,"T, W, R, F, S",09:00:00,8.0,1.0,4.151515,4.727272,4.636363,2.848484,0.969696,4.575757,4.60606,2.333333,2.757575,4.30303,4.272727,4.393939,4.272727,3.333333,4.424242,Yes
165545,No,225b5fed,CGCH,Full Time,3.925,4.249,No,1,N88827,001,SBFH,Elective,No,Masters2,2023,Spring,20231,2022-23,3.0,74.0,,,46.0,0.0,46.0,0.0,0.0,0.0,84.7799987792969,0.0,No,Building2,S,08:30:00,10.25,10.0,4.410256,4.358974,4.25641,2.871794,1.0,4.205128,3.666666,3.666666,3.923076,3.948717,3.692307,3.666666,3.743589,3.692307,4.282051,Yes
165546,No,d196f345,ZQOR,Full Time,4.859,4.615,No,1,W99571,001,IGFY,Core,No,Masters1,2023,Spring,20231,2022-23,1.5,74.0,,,73.0,73.0,0.0,0.0,0.0,0.0,98.629997253418,0.0,No,Building1,"M,T,W,R,F",08:30:00,8.5,31.0,3.972222,4.875,4.736111,3.291666,1.0,4.472222,4.791666,3.305555,3.263888,4.277777,4.694444,4.541666,4.722222,4.236111,4.736111,Yes
165547,No,a8a5288b,ZQOR,Full Time,4.944,4.878,No,1,W99571,002,IGFY,Core,No,Masters1,2023,Spring,20231,2022-23,1.5,74.0,,,71.0,71.0,0.0,0.0,0.0,0.0,98.6100006103516,0.0,No,Building1,"M,T,W,R,F",09:00:00,8.0,31.0,4.436619,4.97183,4.774647,3.225352,1.0,4.802816,4.943661,3.366197,3.873239,4.69014,4.718309,4.873239,4.718309,4.183098,4.929577,Yes
165548,No,a8a5288b,ZQOR,Full Time,4.906,4.786,No,1,W99571,003,IGFY,Core,No,Masters1,2023,Spring,20231,2022-23,1.5,74.0,,,74.0,74.0,0.0,0.0,0.0,0.0,100.0,0.0,No,Building1,"M,T,W,R,F",09:00:00,8.0,31.0,4.31081,4.959459,4.81081,2.824324,1.0,4.743243,4.864864,3.648648,3.891891,4.527027,4.608108,4.675675,4.689189,4.121621,4.756756,Yes
165549,No,2b7e8a00,ZQOR,,4.946,4.831,No,1,Y88728,300,IGFY,Elective,No,Masters2,2023,Spring,20231,2022-23,3.0,50.0,,,31.0,0.0,31.0,0.0,0.0,0.0,81.8199996948242,0.0,No,Building2,"T, W, R, F, S",09:00:00,8.0,11.0,4.333333,5.0,4.666666,3.111111,1.037037,4.74074,4.851851,3.185185,3.592592,4.851851,4.888888,4.851851,4.851851,4.444444,4.888888,Yes
165550,No,1dd4c4e2,ZQOR,Part Time,4.898,4.87,No,1,Z45537,100,IGFY,Elective,No,Masters2,2023,Spring,20231,2022-23,3.0,74.0,,,68.0,0.0,68.0,0.0,0.0,0.0,86.7600021362305,33.0,No,Building2,"M, T, W, R, F",09:00:00,8.0,4.0,4.644067,4.932203,4.881355,3.152542,0.98305,4.779661,4.898305,3.050847,3.203389,4.610169,4.728813,4.79661,4.745762,4.576271,4.881355,Yes
165551,No,a1f188f8,ZQOR,Part Time,4.748,4.788,No,1,Y54923,001,IGFY,Elective,No,Masters2,2023,Spring,20231,2022-23,1.5,36.0,,,34.0,0.0,34.0,0.0,0.0,0.0,97.0599975585938,9.0,No,Building2,"F, S",08:30:00,10.25,8.0,4.363636,4.878787,4.787878,3.272727,1.0,4.787878,4.727272,3.212121,3.60606,4.515151,4.454545,4.757575,4.636363,4.575757,4.60606,Yes
165552,No,2b86262a,ZQOR,Part Time,4.769,4.648,No,1,Y54923,002,IGFY,Elective,No,Masters2,2023,Spring,20231,2022-23,1.5,36.0,,,34.0,0.0,34.0,0.0,0.0,0.0,81.8199996948242,0.0,No,Building2,S,08:30:00,10.25,8.0,4.444444,4.888888,4.814814,3.555555,1.0,4.629629,4.592592,3.0,3.0,4.592592,4.814814,4.814814,4.74074,4.629629,4.74074,Yes
165553,No,3d74c303,ZQOR,Part Time,4.544,4.294,No,1,N57784,100,IGFY,Elective,No,Masters2,2023,Spring,20231,2022-23,3.0,74.0,,,44.0,0.0,44.0,0.0,0.0,0.0,81.8199996948242,0.0,No,Building2,"M, T, W, R, F",09:00:00,8.0,2.0,4.083333,4.833333,4.777777,3.361111,0.972222,4.166666,4.444444,3.472222,3.388888,4.0,4.277777,4.361111,4.194444,3.861111,4.416666,Yes
165554,No,67af40c5,ZQOR,Full Time,4.595,4.514,No,1,R09209,100,IGFY,Elective,No,Masters2,2023,Spring,20231,2022-23,3.0,74.0,,,50.0,0.0,50.0,0.0,0.0,0.0,84.3099975585938,0.0,No,Building2,"M,T,W,R,U",09:00:00,8.0,2.0,4.302325,4.744186,4.744186,3.232558,0.953488,4.511627,4.581395,3.069767,3.674418,4.279069,4.511627,4.511627,4.395348,3.976744,4.511627,Yes
165555,No,7a518363,VUFA,Part Time,4.4,4.159,No,1,W78619,100,WIRK,Elective,No,Masters2,2023,Spring,20231,2022-23,1.5,50.0,,,35.0,0.0,35.0,0.0,0.0,0.0,81.0800018310547,0.0,No,Building2,"M,T,U",09:00:00,8.0,1.0,4.2,4.6,4.5,3.6,1.0,4.133333,4.4,2.8,3.0,4.2,4.433333,4.5,4.366666,4.0,4.533333,Yes
165556,No,6f1f2473,VUFA,Full Time,4.444,4.556,No,1,A88196,100,WIRK,Elective,No,Masters2,2023,Spring,20231,2022-23,3.0,70.0,,,4.0,0.0,4.0,0.0,0.0,0.0,100.0,0.0,No,Building2,"M,T,W,R,U",09:00:00,8.0,2.0,4.111111,4.777777,4.777777,2.333333,1.555555,4.555555,4.444444,3.222222,3.0,4.222222,4.555555,4.444444,4.444444,4.222222,4.333333,No
165557,No,3949797c,VUFA,Full Time,4.6,4.581,No,1,R54737,100,WIRK,Elective,No,Masters2,2023,Spring,20231,2022-23,3.0,70.0,,,23.0,0.0,23.0,0.0,0.0,0.0,88.8899993896484,0.0,No,Building2,"M, T, W, R, F",09:00:00,8.0,4.0,4.416666,4.708333,4.375,3.0,1.125,4.333333,4.541666,2.875,3.125,4.25,4.416666,4.583333,4.166666,4.25,4.5,Yes
165558,No,36d61998,VUFA,Full Time,4.686,4.588,No,1,I32737,100,WIRK,Elective,No,Masters2,2023,Spring,20231,2022-23,3.0,70.0,,,13.0,0.0,13.0,0.0,0.0,0.0,94.4400024414063,0.0,No,Building2,"M,T,W,R,U",09:00:00,8.0,1.0,4.058823,4.647058,4.411764,3.470588,1.294117,4.588235,4.0,3.0,3.0,4.17647,4.470588,4.588235,4.647058,4.411764,4.411764,No
165559,Yes,d3239ca2,VUFA,Part Time,4.544,4.58,Yes,2,F37100,100,WIRK,Elective,No,Masters2,2023,Spring,20231,2022-23,3.0,40.0,,,26.0,0.0,26.0,0.0,0.0,0.0,80.7699966430664,0.0,Yes,off-campus,"M,T,W,R,U",09:00:00,8.0,31.0,4.619047,4.904761,4.809523,3.714285,1.0,4.47619,4.428571,3.142857,3.47619,4.333333,4.714285,4.666666,4.523809,4.714285,4.809523,Yes
165559,No,3ec30635,VUFA,Full Time,4.544,4.58,Yes,2,F37100,100A,WIRK,Elective,No,Masters2,2023,Spring,20231,2022-23,3.0,40.0,,,26.0,0.0,26.0,0.0,0.0,0.0,80.7699966430664,0.0,Yes,off-campus,"M,T,W,R,U",09:00:00,8.0,31.0,4.619047,4.904761,4.809523,3.714285,1.0,4.47619,4.428571,3.142857,3.47619,4.333333,4.714285,4.666666,4.523809,4.714285,4.809523,No
165563,Yes,a158f98d,QAHF,Full Time,3.97,4.071,No,1,B80262,001,QAHF,Core,No,Masters1,2023,Spring,20231,2022-23,3.0,74.0,,,68.0,68.0,0.0,0.0,0.0,0.0,72.5999984741211,0.0,No,Building1,"T,R",08:30:00,1.5,33.0,3.90566,4.226415,4.45283,2.641509,1.056603,3.924528,3.90566,3.584905,3.471698,3.962264,3.660377,3.735849,3.924528,2.924528,4.169811,Yes
165564,Yes,a158f98d,QAHF,Full Time,4.117,4.329,No,1,B80262,003,QAHF,Core,No,Masters1,2023,Spring,20231,2022-23,3.0,74.0,,,68.0,68.0,0.0,0.0,0.0,0.0,82.1900024414063,0.0,No,Building1,"T,R",10:20:00,1.5,33.0,4.016666,4.533333,4.6,2.666666,1.066666,4.216666,3.95,3.55,3.483333,3.95,3.8,3.916666,3.966666,3.25,3.9,Yes
165566,Yes,5baddd65,NZJO,Part Time,4.077,4.218,No,1,I48088,001,TRXC,Core,No,Masters1,2023,Spring,20231,2022-23,1.5,74.0,,,73.0,73.0,0.0,0.0,0.0,0.0,91.7799987792969,0.0,No,Building1,"M,W",10:20:00,1.5,33.0,4.179104,4.477611,4.208955,2.80597,1.0,4.194029,3.940298,3.850746,3.83582,3.716417,3.686567,3.820895,3.820895,3.268656,4.149253,Yes
165567,Yes,5baddd65,NZJO,Part Time,3.977,4.153,No,1,I48088,002,TRXC,Core,No,Masters1,2023,Spring,20231,2022-23,1.5,74.0,,,69.0,69.0,0.0,0.0,0.0,0.0,95.7099990844727,0.0,No,Building1,"M,W",08:30:00,1.5,33.0,4.238805,4.820895,4.597014,2.910447,1.0,4.089552,3.925373,3.701492,3.761194,3.791044,3.283582,3.791044,3.701492,3.134328,4.268656,Yes
165568,Yes,5baddd65,NZJO,Part Time,4.013,4.224,No,1,I48088,003,TRXC,Core,No,Masters1,2023,Spring,20231,2022-23,1.5,74.0,,,73.0,73.0,0.0,0.0,0.0,0.0,97.2200012207031,0.0,No,Building1,"M,W",14:00:00,1.5,33.0,4.328571,4.685714,4.385714,3.028571,1.0,4.2,3.914285,3.828571,3.885714,3.871428,3.442857,3.785714,3.571428,3.385714,3.857142,Yes
165569,Yes,49ab097e,CGCH,Full Time,4.848,4.442,No,1,H14240,001,SBFH,Core,No,Masters1,2023,Spring,20231,2022-23,1.5,74.0,,,70.0,70.0,0.0,0.0,0.0,0.0,91.4300003051758,0.0,No,Building1,"M,W",14:00:00,1.5,10.0,4.015625,4.859375,4.640625,3.3125,1.0,4.390625,4.765625,3.15625,3.171875,4.0,4.609375,4.765625,4.65625,4.09375,4.71875,Yes
165570,Yes,49ab097e,CGCH,Full Time,4.909,4.731,No,1,H14240,002,SBFH,Core,No,Masters1,2023,Spring,20231,2022-23,1.5,74.0,,,69.0,69.0,0.0,0.0,0.0,0.0,95.7099990844727,0.0,No,Building1,"M,W",10:20:00,1.5,10.0,4.089552,4.865671,4.761194,2.985074,1.0,4.731343,4.83582,2.940298,2.985074,4.41791,4.731343,4.865671,4.701492,4.238805,4.820895,Yes
165571,Yes,49ab097e,CGCH,Full Time,4.84,4.51,No,1,H14240,003,SBFH,Core,No,Masters1,2023,Spring,20231,2022-23,1.5,74.0,,,68.0,68.0,0.0,0.0,0.0,0.0,98.5100021362305,1.0,No,Building1,"M,W",15:50:00,1.5,10.0,3.878787,4.757575,4.651515,3.242424,0.969696,4.424242,4.833333,3.0,2.939393,4.212121,4.681818,4.636363,4.696969,4.30303,4.651515,Yes
165572,Yes,c78707cb,CGCH,Part Time,4.725,4.609,No,1,D49006,002,SBFH,Elective,No,Masters1,2023,Spring,20231,2022-23,3.0,90.0,Prerequisites,Corequisite,89.0,58.0,0.0,0.0,0.0,31.0,83.1500015258789,14.0,No,Building2,W,14:00:00,3.25,8.0,4.121621,4.621621,4.486486,3.351351,1.216216,4.567567,4.675675,2.797297,3.283783,4.378378,4.432432,4.689189,4.445945,3.986486,4.648648,Yes
165573,Yes,53fe63b2,CGCH,Part Time,4.366,4.309,No,1,C16573,001,SBFH,Elective,No,Masters1,2023,Spring,20231,2022-23,3.0,50.0,Prerequisites,,44.0,15.0,5.0,23.0,0.0,1.0,92.6800003051758,0.0,No,Building1,R,18:00:00,3.25,2.0,4.236842,4.447368,4.421052,3.236842,1.0,4.210526,4.263157,3.789473,3.552631,4.236842,4.18421,4.210526,4.236842,4.236842,4.473684,Yes
165574,Yes,601ee8d9,CGCH,Full Time,4.753,4.671,No,1,T42714,001,SBFH,Elective,No,Masters1,2023,Spring,20231,2022-23,3.0,50.0,,Corequisite,47.0,46.0,1.0,0.0,0.0,0.0,82.9800033569336,14.0,No,Building2,"M,W",15:50:00,1.5,14.0,4.487179,4.743589,4.410256,3.025641,1.0,4.410256,4.743589,3.692307,3.461538,4.435897,4.564102,4.666666,4.589743,4.25641,4.717948,Yes
165575,Yes,601ee8d9,CGCH,Full Time,4.812,4.714,No,1,T42714,002,SBFH,Elective,No,Masters1,2023,Spring,20231,2022-23,3.0,50.0,,Corequisite,48.0,48.0,0.0,0.0,0.0,0.0,72.9199981689453,16.0,No,Building2,"M,W",18:00:00,1.5,14.0,4.485714,4.714285,4.285714,2.6,0.942857,4.714285,4.8,3.885714,3.571428,4.485714,4.542857,4.742857,4.514285,4.142857,4.742857,Yes
165576,Yes,65d33764,VUFA,Part Time,3.206,3.053,No,1,L19319,001,WIRK,Elective,No,Masters1,2023,Spring,20231,2022-23,1.5,50.0,,,50.0,50.0,0.0,0.0,0.0,0.0,82.0,41.0,No,Building1,T,18:00:00,3.25,9.0,3.829268,4.292682,4.487804,2.731707,0.951219,3.0,3.170731,3.609756,3.487804,3.07317,3.219512,3.195121,2.780487,2.414634,3.975609,Yes
165649,No,eb8eca91,CGCH,Full Time,5.0,5.0,No,1,I04586,001,SBFH,Elective,No,Masters2,2023,Spring,20231,2022-23,3.0,25.0,,Corequisite,9.0,0.0,9.0,0.0,0.0,0.0,100.0,1.0,No,Building1,"F, S",08:30:00,10.25,4.0,4.666666,4.888888,4.888888,2.0,0.888888,5.0,5.0,3.333333,3.666666,5.0,4.666666,4.666666,4.777777,4.111111,4.888888,Yes
165650,No,eb8eca91,CGCH,Full Time,4.727,4.636,No,1,I04586,002,SBFH,Elective,No,Masters2,2023,Spring,20231,2022-23,3.0,25.0,,Corequisite,11.0,0.0,11.0,0.0,0.0,0.0,100.0,0.0,No,Building1,S,08:30:00,10.25,4.0,4.545454,4.727272,4.727272,3.636363,1.0,4.636363,4.727272,3.454545,3.272727,4.454545,4.727272,4.818181,4.636363,4.636363,4.636363,Yes
165652,No,922768f3,QAHF,Part Time,4.826,4.733,No,1,Q32632,001,QAHF,Elective,No,Masters2,2023,Spring,20231,2022-23,3.0,74.0,Prerequisites,,38.0,0.0,34.0,4.0,0.0,0.0,71.4300003051758,0.0,No,Building2,"F, S",08:30:00,10.25,8.0,4.4,4.72,4.68,2.56,1.0,4.64,4.44,3.84,3.12,4.44,4.24,4.28,4.32,4.4,4.4,Yes
165659,No,7f4e71d7,NZJO,Part Time,3.255,3.188,No,1,T03959,001,TRXC,Core,No,Masters2,2023,Spring,20231,2022-23,1.5,74.0,,,73.0,0.0,73.0,0.0,0.0,0.0,78.0800018310547,0.0,No,Building2,"T, R, F, S",08:30:00,7.0,4.0,3.859649,3.982456,4.350877,2.45614,1.0,3.157894,3.22807,2.982456,3.385964,3.052631,3.210526,3.070175,3.017543,3.14035,3.824561,Yes
165660,No,7f4e71d7,NZJO,Part Time,2.548,2.661,No,1,T03959,002,TRXC,Core,No,Masters2,2023,Spring,20231,2022-23,1.5,74.0,,,73.0,0.0,73.0,0.0,0.0,0.0,86.3000030517578,0.0,No,Building2,"T, R, F, S",12:30:00,6.25,4.0,3.746031,3.873015,4.365079,2.619047,0.984126,2.63492,2.555555,2.79365,3.174603,2.666666,2.603174,2.619047,2.619047,2.809523,3.904761,Yes
165661,No,7e8cb19d,NZJO,Full Time,4.679,4.274,No,1,T03959,003,TRXC,Core,No,Masters2,2023,Spring,20231,2022-23,1.5,72.0,,,54.0,0.0,54.0,0.0,0.0,0.0,67.2699966430664,0.0,No,Building2,"U, F, S",08:30:00,10.25,4.0,4.054054,4.783783,4.513513,2.972972,1.0,4.135135,4.567567,3.054054,3.27027,4.027027,4.135135,4.432432,4.243243,3.81081,4.486486,Yes
165662,No,7e8cb19d,NZJO,Full Time,4.569,4.493,No,1,T03959,004,TRXC,Core,No,Masters2,2023,Spring,20231,2022-23,1.5,72.0,,,53.0,0.0,53.0,0.0,0.0,0.0,64.1500015258789,0.0,No,off-campus,"U, F, S",08:30:00,10.25,4.0,4.058823,4.5,4.323529,2.588235,1.0,4.264705,4.558823,2.970588,3.294117,4.029411,4.294117,4.588235,4.235294,3.647058,4.647058,Yes
165663,No,640d2369,GYQP,Full Time,4.565,4.624,No,1,E03990,300,TRXC,Elective,No,Masters2,2023,Spring,20231,2022-23,3.0,70.0,,,19.0,0.0,19.0,0.0,0.0,0.0,94.7399978637695,0.0,No,off-campus,"M, T, W, R, F",08:30:00,11.0,7.0,4.222222,4.777777,4.833333,2.888888,1.055555,4.611111,4.555555,3.0,3.111111,4.5,4.555555,4.777777,4.444444,3.833333,4.777777,Yes
165664,No,7b190889,NZJO,Full Time,3.77,3.95,No,1,Z88073,001,TRXC,Elective,No,Masters2,2023,Spring,20231,2022-23,3.0,60.0,,,9.0,0.0,9.0,0.0,0.0,0.0,100.0,0.0,No,Building2,"F, S",08:30:00,10.25,2.0,4.444444,4.777777,5.0,3.0,1.0,3.888888,3.555555,3.555555,3.555555,3.666666,3.555555,3.444444,3.666666,3.777777,4.444444,Yes
165667,No,f499bf33,USIE,Full Time,4.883,4.755,No,1,K14498,001,USIE,Core,No,Masters2,2023,Spring,20231,2022-23,1.5,74.0,,,73.0,0.0,73.0,0.0,0.0,0.0,94.5199966430664,0.0,No,Building2,"M, T, W, F, S",08:30:00,10.25,11.0,4.449275,4.89855,4.724637,2.73913,0.956521,4.681159,4.73913,3.275362,3.652173,4.391304,4.753623,4.681159,4.623188,4.304347,4.782608,Yes
165668,No,f499bf33,USIE,Full Time,4.848,4.694,No,1,K14498,002,USIE,Core,No,Masters2,2023,Spring,20231,2022-23,1.5,72.0,,,73.0,0.0,73.0,0.0,0.0,0.0,93.1500015258789,0.0,No,Building2,"M, T, W, F, S",08:30:00,10.25,11.0,4.279411,4.808823,4.779411,2.529411,0.985294,4.558823,4.632352,3.25,3.558823,4.470588,4.529411,4.588235,4.455882,4.0,4.632352,Yes
165669,No,35ff4b79,USIE,,4.414,4.319,No,1,E98831,001,USIE,Elective,No,Masters2,2023,Spring,20231,2022-23,3.0,65.0,,Corequisite,45.0,0.0,45.0,0.0,0.0,0.0,79.5500030517578,1.0,No,Building2,"F, S",08:30:00,10.25,4.0,4.228571,4.542857,4.485714,2.742857,0.942857,4.114285,4.257142,3.057142,3.171428,4.142857,4.228571,4.057142,4.2,3.6,4.457142,Yes
165670,No,35ff4b79,USIE,,4.645,4.464,No,1,E98831,002,USIE,Elective,No,Masters2,2023,Spring,20231,2022-23,3.0,65.0,,Corequisite,26.0,0.0,24.0,2.0,0.0,0.0,92.3099975585938,1.0,No,Building2,S,08:30:00,10.25,4.0,4.5,4.666666,4.458333,3.375,1.0,4.458333,4.583333,3.166666,3.25,4.458333,4.458333,4.333333,4.458333,4.0,4.166666,Yes
165676,No,4a167fe4,CGCH,Part Time,4.964,4.881,No,1,Z30890,001,SBFH,Core,No,Masters2,2023,Spring,20231,2022-23,3.0,74.0,,,69.0,0.0,69.0,0.0,0.0,0.0,81.1600036621094,0.0,No,Building1,"W, R, F, S",08:30:00,10.25,13.0,4.660714,4.625,4.392857,2.767857,0.982142,4.785714,4.875,3.982142,3.517857,4.75,4.821428,4.875,4.892857,4.714285,4.857142,Yes
165677,No,4a167fe4,CGCH,Part Time,4.93,4.697,No,1,Z30890,002,SBFH,Core,No,Masters2,2023,Spring,20231,2022-23,3.0,74.0,,,73.0,0.0,73.0,0.0,0.0,0.0,87.6699981689453,0.0,No,Building1,"W, R, F, S",08:30:00,10.25,13.0,4.546875,4.84375,4.65625,2.984375,0.96875,4.65625,4.921875,4.0,3.546875,4.53125,4.59375,4.8125,4.609375,4.515625,4.8125,Yes
165678,No,225b5fed,CGCH,Full Time,4.35,4.35,No,1,N88827,002,SBFH,Elective,No,Masters2,2023,Spring,20231,2022-23,3.0,74.0,,,22.0,4.0,18.0,0.0,0.0,0.0,77.7799987792969,0.0,No,Building2,T,18:00:00,3.0,10.0,3.95238,4.619047,4.666666,3.571428,1.047619,4.142857,4.142857,3.761904,3.904761,4.047619,4.285714,4.285714,4.238095,4.0,4.523809,Yes
165679,No,225b5fed,CGCH,Full Time,4.557,4.426,No,1,N88827,300,SBFH,Elective,No,Masters2,2023,Spring,20231,2022-23,3.0,70.0,,,32.0,0.0,32.0,0.0,0.0,0.0,81.25,0.0,No,off-campus,"U, M, T, W, R, F, S",08:30:00,11.0,10.0,4.346153,4.923076,4.846153,2.230769,1.076923,4.423076,4.461538,3.461538,4.115384,3.923076,4.076923,4.115384,4.423076,4.0,4.653846,Yes
165680,No,0c45289c,AFQO,,4.452,4.322,No,1,K20735,001,SBFH,Elective,No,Masters2,2023,Spring,20231,2022-23,3.0,74.0,,Corequisite,31.0,0.0,31.0,0.0,0.0,0.0,87.0999984741211,5.0,No,Building2,"F, S",08:30:00,10.25,5.0,4.296296,4.851851,4.629629,2.888888,0.962962,4.185185,4.407407,4.0,3.74074,4.185185,4.037037,4.333333,4.0,3.592592,4.407407,Yes
165681,No,00276c9d,CGCH,Part Time,4.706,4.688,No,1,V95919,001,SBFH,Elective,No,Masters2,2023,Spring,20231,2022-23,3.0,74.0,Prerequisites,Corequisite,26.0,2.0,24.0,0.0,0.0,0.0,68.0,0.0,No,Building2,"F, S",08:30:00,10.25,4.0,4.470588,4.529411,4.529411,3.588235,1.0,4.411764,4.705882,3.823529,3.647058,4.588235,4.529411,4.588235,4.588235,4.470588,4.588235,No
165682,No,cdd82482,GYQP,Part Time,4.569,4.608,No,1,M69635,001,SBFH,Elective,No,Masters2,2023,Spring,20231,2022-23,3.0,36.0,,Corequisite,31.0,0.0,31.0,0.0,0.0,0.0,96.7699966430664,5.0,No,Building1,"F, S",08:30:00,10.25,4.0,4.6,4.866666,4.9,2.866666,1.0,4.4,4.333333,4.566666,3.0,4.633333,4.233333,4.0,3.9,3.166666,4.566666,Yes
165683,No,a043bae1,,Part Time,4.0,4.333,No,1,M69635,002,SBFH,Elective,No,Masters2,2023,Spring,20231,2022-23,3.0,36.0,,Corequisite,7.0,1.0,5.0,1.0,0.0,0.0,42.8600006103516,0.0,No,Building2,M,18:00:00,3.0,4.0,4.333333,4.666666,3.333333,1.666666,1.0,4.333333,4.0,3.0,2.666666,4.666666,4.333333,4.333333,4.0,3.666666,4.666666,No
165698,No,32e97cc3,ZQOR,,4.751,4.74,No,1,Y88728,001,IGFY,Elective,No,Masters2,2023,Spring,20231,2022-23,3.0,50.0,,,48.0,0.0,48.0,0.0,0.0,0.0,85.4199981689453,0.0,No,Building2,S,08:30:00,10.25,11.0,4.390243,4.780487,4.682926,3.170731,0.975609,4.731707,4.585365,2.926829,3.243902,4.463414,4.609756,4.682926,4.658536,4.487804,4.682926,Yes
165699,No,32e97cc3,ZQOR,,4.481,4.506,No,1,Y88728,002,IGFY,Elective,No,Masters2,2023,Spring,20231,2022-23,3.0,50.0,,,45.0,0.0,45.0,0.0,0.0,0.0,80.0,0.0,No,Building2,S,08:30:00,10.25,11.0,4.361111,4.722222,4.444444,3.361111,1.0,4.5,4.472222,2.861111,2.944444,4.027777,4.305555,4.555555,4.5,4.194444,4.583333,Yes
165700,No,4158e2cf,ZQOR,Part Time,4.18,4.362,No,1,Y88728,003,IGFY,Elective,No,Masters2,2023,Spring,20231,2022-23,3.0,50.0,,,24.0,0.0,24.0,0.0,0.0,0.0,91.6699981689453,0.0,No,Building1,"F, S",08:30:00,10.25,11.0,4.090909,4.545454,4.272727,2.727272,1.0,4.318181,3.954545,2.818181,2.954545,3.818181,4.090909,3.863636,4.045454,4.090909,4.136363,Yes
165701,No,8914fb8c,ZQOR,Part Time,3.331,4.4,Yes,2,H23512,001,IGFY,Elective,No,Masters2,2023,Spring,20231,2022-23,3.0,50.0,Prerequisites,,11.0,1.0,10.0,0.0,0.0,0.0,90.9100036621094,0.0,Yes,Building2,"F, S",08:30:00,10.25,4.0,4.7,4.7,4.8,3.4,0.9,4.4,3.95,4.6,3.8,4.4,4.4,4.5,4.4,4.9,4.8,Yes
165701,No,00a9ac6a,ZQOR,Part Time,4.6,4.4,Yes,2,H23512,001A,IGFY,Elective,No,Masters2,2023,Spring,20231,2022-23,3.0,50.0,Prerequisites,,11.0,1.0,10.0,0.0,0.0,0.0,90.9100036621094,0.0,Yes,Building2,"F, S",08:30:00,10.25,4.0,4.7,4.7,4.8,3.4,0.9,4.4,3.95,4.6,3.8,4.4,4.4,4.5,4.4,4.9,4.8,No
165702,No,51f2fdbf,ZQOR,Full Time,4.19,4.205,No,1,B24956,001,IGFY,Elective,No,Masters2,2023,Spring,20231,2022-23,3.0,74.0,,,46.0,0.0,46.0,0.0,0.0,0.0,80.7699966430664,1.0,No,Building1,"F, S",08:30:00,10.25,5.0,4.047619,4.404761,3.642857,3.071428,0.904761,4.166666,4.190476,3.190476,2.928571,3.857142,4.214285,4.238095,4.190476,4.0,4.214285,Yes
165703,No,4d5af9cb,ZQOR,Part Time,4.904,4.808,No,1,B23438,001,IGFY,Elective,Yes,Masters2,2023,Spring,20231,2022-23,3.0,74.0,,,60.0,0.0,58.0,2.0,0.0,0.0,86.6699981689453,0.0,No,Building1,"F, S",08:30:00,10.25,,4.442307,4.653846,4.538461,3.461538,0.980769,4.807692,4.903846,2.961538,3.153846,4.653846,4.711538,4.788461,4.76923,4.326923,4.711538,Yes
165704,No,31ce692e,ZQOR,Full Time,4.178,3.844,No,1,B79101,001,IGFY,Elective,No,Masters2,2023,Spring,20231,2022-23,1.5,50.0,,,12.0,0.0,11.0,1.0,0.0,0.0,76.9199981689453,0.0,No,Building2,S,08:30:00,10.25,2.0,3.9,4.7,4.6,2.6,1.0,3.6,3.9,2.9,2.5,3.2,4.1,4.2,4.2,4.1,4.3,Yes
165705,No,31ce692e,ZQOR,Full Time,4.46,4.0,No,1,B79101,002,IGFY,Elective,No,Masters2,2023,Spring,20231,2022-23,1.5,74.0,,,14.0,5.0,4.0,5.0,0.0,0.0,78.5699996948242,2.0,No,Building2,R,18:00:00,3.0,2.0,4.181818,4.545454,4.545454,3.454545,0.818181,4.0,4.454545,3.090909,2.90909,3.90909,4.272727,4.454545,4.363636,4.727272,4.454545,Yes
165706,No,ba223305,YICC,Full Time,4.298,4.0357575,No,1,R22062,001,WIRK,Core,No,Masters2,2023,Spring,20231,2022-23,3.0,72.0,,,73.0,0.0,73.0,0.0,0.0,0.0,78.765,0.0,Yes,Building2,"M, T, R, F, S",08:30:00,10.25,13.0,3.965217,4.47826,4.556521,2.791304,0.973913,3.991304,2.073913,3.008695,2.973913,3.87826,4.165217,4.130434,3.947826,3.826086,4.486956,Yes
165706,No,3ec30635,VUFA,Full Time,4.113,4.0357575,No,1,R22062,001,WIRK,Core,No,Masters2,2023,Spring,20231,2022-23,3.0,72.0,,,73.0,0.0,73.0,0.0,0.0,0.0,78.765,0.0,Yes,Building2,"M, T, R, F, S",08:30:00,10.25,13.0,3.965217,4.47826,4.556521,2.791304,0.973913,3.991304,2.073913,3.008695,2.973913,3.87826,4.165217,4.130434,3.947826,3.826086,4.486956,Yes
165707,No,ba223305,YICC,Full Time,4.21,4.1631656,No,1,R22062,002,WIRK,Core,No,Masters2,2023,Spring,20231,2022-23,3.0,72.0,,,73.0,0.0,73.0,0.0,0.0,0.0,88.355,0.0,Yes,Building2,"M, T, R, F, S",08:30:00,10.25,13.0,4.186046,4.565891,4.488372,2.899224,0.984496,4.100775,2.104651,3.0,3.186046,3.92248,4.20155,4.217054,4.046511,3.658914,4.465116,Yes
165707,No,3ec30635,VUFA,Full Time,4.261,4.1631656,No,1,R22062,002,WIRK,Core,No,Masters2,2023,Spring,20231,2022-23,3.0,72.0,,,73.0,0.0,73.0,0.0,0.0,0.0,88.355,0.0,Yes,Building2,"M, T, R, F, S",08:30:00,10.25,13.0,4.186046,4.565891,4.488372,2.899224,0.984496,4.100775,2.104651,3.0,3.186046,3.92248,4.20155,4.217054,4.046511,3.658914,4.465116,Yes
165708,No,b8b7c818,VUFA,Full Time,4.84,4.706,No,1,Z05606,001,WIRK,Elective,No,Masters2,2023,Spring,20231,2022-23,3.0,74.0,,,20.0,1.0,18.0,1.0,0.0,0.0,85.0,0.0,No,Building2,W,18:00:00,3.0,8.0,4.529411,4.705882,4.705882,3.17647,0.941176,4.705882,4.529411,3.647058,3.0,4.352941,4.529411,4.470588,4.764705,4.764705,4.529411,Yes
165709,No,31b76844,VUFA,Part Time,4.111,4.111,No,1,O56343,001,WIRK,Elective,No,Masters2,2023,Spring,20231,2022-23,3.0,25.0,,,12.0,1.0,11.0,0.0,0.0,0.0,81.8199996948242,1.0,No,Building1,S,08:30:00,10.25,5.0,4.222222,4.0,4.111111,3.111111,1.0,4.111111,4.111111,3.555555,3.222222,4.222222,3.888888,4.444444,4.0,4.0,4.666666,Yes
166070,No,c01c5699,QAHF,Full Time,4.333,4.333,No,1,I83155,001,QAHF,Elective,No,MSPHD,2023,Spring,20231,2022-23,3.0,25.0,,,5.0,0.0,0.0,0.0,5.0,0.0,60.0,0.0,No,Building1,W,14:00:00,3.25,1.0,4.666666,5.0,5.0,4.666666,1.0,4.333333,4.333333,3.0,3.333333,4.0,4.333333,4.333333,4.333333,4.333333,4.333333,No
166071,No,daa21d45,QAHF,Full Time,4.808,4.426,Yes,2,G42687,001A,QAHF,Elective,No,MSPHD,2023,Spring,20231,2022-23,3.0,40.0,,,27.0,0.0,0.0,27.0,0.0,0.0,96.3000030517578,0.0,Yes,Building1,W,14:00:00,3.25,2.0,4.230769,4.538461,4.153846,3.692307,1.0,4.384615,4.807692,3.76923,3.26923,3.884615,4.5,4.5,4.461538,4.192307,4.5,No
166071,No,0f3dc5dd,QAHF,Full Time,4.808,4.426,Yes,2,G42687,001,QAHF,Elective,No,MSPHD,2023,Spring,20231,2022-23,3.0,40.0,,,27.0,0.0,0.0,27.0,0.0,0.0,96.3000030517578,0.0,Yes,Building1,W,14:00:00,3.25,2.0,4.230769,4.538461,4.153846,3.692307,1.0,4.384615,4.807692,3.76923,3.26923,3.884615,4.5,4.5,4.461538,4.192307,4.5,Yes
166075,No,b40ef717,NZJO,Full Time,4.573,4.614,No,1,G27757,001,TRXC,Elective,No,MSPHD,2023,Spring,20231,2022-23,1.5,25.0,,,16.0,0.0,0.0,11.0,5.0,0.0,100.0,0.0,No,Building2,"M,W",10:20:00,1.5,2.0,4.125,4.5625,4.5,3.1875,1.0,4.1875,4.4375,3.125,3.25,3.8125,4.5,4.5,4.4375,4.3125,4.5,No
166076,No,b40ef717,NZJO,Full Time,4.45,4.45,No,1,R13428,001,TRXC,Elective,No,MSPHD,2023,Spring,20231,2022-23,1.5,25.0,,,10.0,0.0,0.0,5.0,5.0,0.0,90.0,0.0,No,Building2,"M,W",10:20:00,1.5,2.0,4.0,4.555555,4.666666,3.111111,0.777777,4.444444,4.333333,3.555555,3.666666,4.0,4.555555,4.333333,4.555555,4.333333,4.333333,No
166077,No,638b34fa,USIE,Full Time,4.75,5.0,No,1,V61656,001,USIE,Elective,No,MSPHD,2023,Spring,20231,2022-23,5.0,25.0,,,7.0,0.0,0.0,1.0,6.0,0.0,57.1399993896484,0.0,No,Building1,W,08:30:00,3.25,2.0,3.5,4.75,4.75,3.5,1.0,5.0,4.75,4.0,3.75,4.0,4.0,5.0,4.25,4.0,4.5,Yes
166078,No,19a6f603,USIE,Full Time,4.889,4.889,No,1,L37553,001,USIE,Elective,No,MSPHD,2023,Spring,20231,2022-23,3.0,25.0,,,5.0,0.0,0.0,0.0,5.0,0.0,81.8199996948242,0.0,No,Building1,F,08:30:00,3.25,1.0,4.222222,5.0,5.0,3.333333,1.555555,4.888888,4.888888,3.333333,3.666666,3.888888,4.222222,4.777777,4.777777,4.555555,4.777777,Yes
166079,No,638b34fa,USIE,Full Time,4.75,4.32,Yes,4,A42908,001A,USIE,Elective,No,MSPHD,2023,Spring,20231,2022-23,1.5,25.0,,,9.0,0.0,0.0,0.0,9.0,0.0,66.6699981689453,0.0,Yes,Building1,M,14:00:00,3.25,2.0,2.666666,3.833333,3.833333,2.333333,1.0,3.833333,2.958333,1.833333,2.5,3.5,2.333333,2.333333,2.333333,2.333333,2.333333,No
166079,No,849e63f8,USIE,Full Time,4.31,4.32,Yes,4,A42908,001,USIE,Elective,No,MSPHD,2023,Spring,20231,2022-23,1.5,25.0,,,9.0,0.0,0.0,0.0,9.0,0.0,66.6699981689453,0.0,Yes,Building1,M,14:00:00,3.25,2.0,2.666666,3.833333,3.833333,2.333333,1.0,3.833333,2.958333,1.833333,2.5,3.5,2.333333,2.333333,2.333333,2.333333,2.333333,No
166079,No,022a93bc,USIE,Full Time,4.75,4.32,Yes,4,A42908,001B,USIE,Elective,No,MSPHD,2023,Spring,20231,2022-23,1.5,25.0,,,9.0,0.0,0.0,0.0,9.0,0.0,66.6699981689453,0.0,Yes,Building1,M,14:00:00,3.25,2.0,2.666666,3.833333,3.833333,2.333333,1.0,3.833333,2.958333,1.833333,2.5,3.5,2.333333,2.333333,2.333333,2.333333,2.333333,No
166079,No,de05c262,USIE,Full Time,4.75,4.32,Yes,4,A42908,001C,USIE,Elective,No,MSPHD,2023,Spring,20231,2022-23,1.5,25.0,,,9.0,0.0,0.0,0.0,9.0,0.0,66.6699981689453,0.0,Yes,Building1,M,14:00:00,3.25,2.0,2.666666,3.833333,3.833333,2.333333,1.0,3.833333,2.958333,1.833333,2.5,3.5,2.333333,2.333333,2.333333,2.333333,2.333333,No
166080,No,dcc276a3,USIE,Full Time,4.571,4.625,No,1,X13424,001,USIE,Elective,No,MSPHD,2023,Spring,20231,2022-23,3.0,25.0,,,8.0,0.0,0.0,1.0,7.0,0.0,30.7700004577637,0.0,No,Building2,R,14:00:00,3.25,1.0,4.375,4.625,4.75,3.875,1.5,4.625,4.0,2.375,3.25,3.125,3.75,4.0,3.75,3.75,4.0,Yes
166081,No,849e63f8,USIE,Full Time,4.01,4.25,Yes,3,P07400,001,USIE,Elective,No,MSPHD,2023,Spring,20231,2022-23,3.0,25.0,,,7.0,0.0,0.0,0.0,7.0,0.0,44.439998626709,1.0,Yes,Building2,T,08:30:00,3.25,1.0,2.75,4.5,4.75,2.25,1.25,4.25,4.333333,3.0,3.25,4.75,3.5,3.5,3.25,3.25,3.5,No
166081,No,15ebe6f7,USIE,Full Time,4.75,4.25,Yes,3,P07400,001A,USIE,Elective,No,MSPHD,2023,Spring,20231,2022-23,3.0,25.0,,,7.0,0.0,0.0,0.0,7.0,0.0,44.439998626709,1.0,Yes,Building2,T,08:30:00,3.25,1.0,2.75,4.5,4.75,2.25,1.25,4.25,4.333333,3.0,3.25,4.75,3.5,3.5,3.25,3.25,3.5,No
166081,No,a6d710c4,USIE,Full Time,4.5,4.25,Yes,3,P07400,001B,USIE,Elective,No,MSPHD,2023,Spring,20231,2022-23,3.0,25.0,,,7.0,0.0,0.0,0.0,7.0,0.0,44.439998626709,1.0,Yes,Building2,T,08:30:00,3.25,1.0,2.75,4.5,4.75,2.25,1.25,4.25,4.333333,3.0,3.25,4.75,3.5,3.5,3.25,3.25,3.5,No
166082,No,15ebe6f7,USIE,Full Time,4.033,4.75,No,1,W18661,001,USIE,Elective,No,MSPHD,2023,Spring,20231,2022-23,0.5,25.0,,,11.0,0.0,0.0,0.0,11.0,0.0,45.4500007629395,0.0,No,off-campus,T,12:00:00,1.0,2.0,3.6,4.8,4.8,4.6,0.8,3.8,2.0,1.4,2.0,2.6,2.0,2.0,2.0,1.8,2.0,No
166083,No,35ff4b79,USIE,,4.628,4.555,No,1,E44373,062,USIE,Elective,No,Masters1,2023,Spring,20231,2022-23,3.0,65.0,,Corequisite,40.0,1.0,0.0,0.0,0.0,39.0,85.7099990844727,4.0,No,Building2,R,08:30:00,3.25,16.0,4.145833,4.666666,4.645833,3.229166,1.875,4.479166,4.541666,3.166666,3.145833,4.395833,4.354166,4.5625,4.3125,3.9375,4.333333,Yes
166088,No,55ddf25f,CGCH,Full Time,2.5,4.5,No,1,T56321,001,SBFH,Elective,No,MSPHD,2023,Spring,20231,2022-23,1.5,25.0,,,4.0,0.0,0.0,0.0,4.0,0.0,50.0,0.0,No,Building1,T,14:00:00,3.25,5.0,2.5,5.0,5.0,2.5,1.0,4.5,2.5,1.0,1.5,2.0,2.5,2.5,2.5,2.5,2.5,No
166089,No,443b55ec,CGCH,Full Time,4.889,4.7,No,1,L65413,001,SBFH,Elective,No,MSPHD,2023,Spring,20231,2022-23,3.0,50.0,,,13.0,0.0,0.0,5.0,8.0,0.0,69.2300033569336,0.0,No,Building1,R,14:00:00,3.25,84.0,4.555555,5.0,5.0,3.0,1.0,4.666666,4.888888,3.444444,3.444444,3.888888,4.888888,5.0,4.777777,4.111111,5.0,Yes
166090,No,105c9de1,CGCH,Full Time,3.577,3.867,No,1,J14775,001,SBFH,Elective,No,MSPHD,2023,Spring,20231,2022-23,1.5,50.0,,,33.0,0.0,0.0,27.0,5.0,1.0,91.4300003051758,0.0,No,Building2,R,08:30:00,3.25,2.0,4.125,4.34375,4.40625,2.53125,1.0,3.65625,3.5,4.03125,4.4375,3.5625,3.46875,3.625,3.40625,3.4375,3.8125,Yes
166091,No,b925a0e4,CGCH,Full Time,4.75,4.692,No,1,D52595,001,SBFH,Elective,No,MSPHD,2023,Spring,20231,2022-23,1.5,50.0,,,32.0,0.0,0.0,25.0,6.0,1.0,78.7900009155273,0.0,No,Building2,R,08:30:00,3.25,2.0,4.038461,4.76923,4.730769,4.0,1.0,4.692307,4.384615,2.807692,2.923076,4.192307,4.423076,4.5,4.5,3.884615,4.461538,Yes
166092,No,b925a0e4,CGCH,Full Time,5.0,5.0,No,1,Y07591,001,SBFH,Elective,No,MSPHD,2023,Spring,20231,2022-23,3.0,25.0,,,4.0,0.0,0.0,0.0,3.0,1.0,100.0,0.0,No,Building1,W,08:30:00,3.25,2.0,4.6,4.8,4.8,3.8,1.0,5.0,5.0,3.2,3.0,3.6,5.0,5.0,4.8,4.8,4.8,Yes
166093,No,6db9051f,CGCH,Full Time,4.321,4.25,No,1,U72943,001,SBFH,Elective,No,MSPHD,2023,Spring,20231,2022-23,1.5,50.0,,,30.0,0.0,0.0,27.0,3.0,0.0,90.629997253418,0.0,No,Building2,T,08:30:00,3.25,2.0,4.37931,3.896551,3.862068,3.034482,1.068965,4.103448,4.172413,3.448275,3.655172,3.862068,3.862068,3.827586,4.0,3.620689,4.103448,Yes
166094,No,f7321d1c,CGCH,Full Time,4.448,4.408,No,1,S68646,001,SBFH,Elective,No,MSPHD,2023,Spring,20231,2022-23,3.0,40.0,,,30.0,0.0,0.0,28.0,1.0,1.0,87.0999984741211,0.0,No,Building1,F,08:30:00,3.25,2.0,4.407407,4.518518,4.296296,3.333333,1.0,4.37037,4.407407,3.925925,3.629629,4.37037,4.37037,4.481481,4.296296,3.962962,4.407407,Yes
166095,No,a6f6de6a,CGCH,Full Time,5.0,5.0,No,1,Z22032,001,SBFH,Elective,No,MSPHD,2023,Spring,20231,2022-23,3.0,25.0,,,4.0,0.0,0.0,3.0,1.0,0.0,100.0,0.0,No,Building1,"T,F",14:00:00,3.25,2.0,5.0,4.75,4.75,3.0,1.0,5.0,5.0,4.0,3.5,4.75,4.75,5.0,4.25,4.5,5.0,Yes
166096,No,e2e2ef67,USIE,Part Time,4.5,4.5,No,1,W32831,001,SBFH,Elective,No,MSPHD,2023,Spring,20231,2022-23,3.0,50.0,,,11.0,0.0,0.0,10.0,1.0,0.0,83.3300018310547,0.0,No,Building2,R,18:00:00,3.0,1.0,4.2,4.7,4.7,3.8,1.0,4.5,4.5,3.2,3.1,4.0,4.8,4.7,4.7,4.7,4.7,Yes
166097,No,96256d7a,CGCH,,5.0,5.0,No,1,U24468,001,SBFH,Elective,Yes,MSPHD,2023,Spring,20231,2022-23,1.5,25.0,,,3.0,0.0,0.0,0.0,2.0,1.0,75.0,0.0,No,Building2,"T,R",10:20:00,1.5,,4.333333,4.666666,4.666666,3.333333,1.333333,5.0,5.0,2.0,2.333333,3.0,3.0,3.333333,3.333333,3.333333,3.333333,No
166098,No,f7321d1c,CGCH,Full Time,4.507,4.514,No,1,C47684,001,SBFH,Elective,Yes,MSPHD,2023,Spring,20231,2022-23,1.5,50.0,,,17.0,0.0,0.0,13.0,4.0,0.0,80.0,0.0,No,Building1,F,14:00:00,3.25,,4.4375,4.5625,4.125,3.0625,1.125,4.4375,4.5,4.0,3.4375,4.3125,4.25,4.5,4.375,3.9375,4.4375,Yes
166100,No,3c5eb40f,VUFA,,4.778,4.667,No,1,Z97485,001,WIRK,Elective,Yes,Masters2,2023,Spring,20231,2022-23,3.0,32.0,Prerequisites,,20.0,1.0,19.0,0.0,0.0,0.0,90.0,0.0,No,Building2,"F, S",08:30:00,10.25,,4.333333,4.666666,4.666666,3.388888,1.0,4.666666,4.777777,3.388888,3.388888,4.666666,4.611111,4.722222,4.611111,4.722222,4.888888,Yes
166101,No,354eb1c6,VUFA,Full Time,4.105,3.894,No,1,K57828,060,WIRK,Elective,No,MSPHD,2023,Spring,20231,2022-23,1.5,50.0,,,25.0,3.0,0.0,5.0,0.0,17.0,61.2900009155273,5.0,No,Building1,R,14:00:00,3.25,6.0,4.210526,4.263157,4.263157,2.789473,1.578947,3.789473,4.105263,3.789473,3.421052,3.842105,3.842105,3.947368,3.526315,3.421052,4.210526,Yes
166102,No,8a06b1c0,VUFA,Full Time,4.8,4.72,No,1,W08826,001,WIRK,Elective,No,MSPHD,2023,Spring,20231,2022-23,1.5,25.0,,,9.0,0.0,0.0,0.0,9.0,0.0,54.5499992370605,0.0,No,Building1,R,14:00:00,3.25,1.0,4.333333,5.0,5.0,3.833333,1.0,4.5,4.0,3.166666,3.333333,4.166666,4.666666,4.5,4.666666,4.5,4.833333,No
166103,No,354eb1c6,VUFA,Full Time,5.0,5.0,No,1,G72089,001,WIRK,Elective,No,MSPHD,2023,Spring,20231,2022-23,3.0,25.0,,,7.0,0.0,0.0,2.0,5.0,0.0,55.560001373291,0.0,No,Building1,F,14:00:00,3.25,2.0,4.4,4.8,4.8,3.4,1.2,5.0,5.0,3.0,3.0,4.4,4.8,4.8,4.8,4.6,4.8,No
166104,No,9da21744,VUFA,Part Time,3.815,3.987,No,1,S02007,001,WIRK,Elective,No,MSPHD,2023,Spring,20231,2022-23,1.5,100.0,,,30.0,1.0,0.0,13.0,0.0,16.0,91.4300003051758,0.0,No,Building2,T,18:00:00,3.0,3.0,4.3125,4.46875,4.625,3.09375,1.40625,3.96875,3.6875,3.875,3.78125,3.875,4.09375,3.90625,3.84375,3.53125,3.59375,Yes
166105,No,9da21744,VUFA,Part Time,4.333,4.467,No,1,Q27744,001,WIRK,Elective,No,MSPHD,2023,Spring,20231,2022-23,1.5,100.0,,,22.0,1.0,0.0,6.0,0.0,15.0,96.0,0.0,No,Building2,T,18:00:00,3.0,2.0,4.375,4.375,4.375,3.5,1.583333,4.375,4.333333,3.291666,3.5,4.333333,4.375,4.375,4.458333,3.958333,4.458333,Yes
166106,No,0c7ae29a,VUFA,Full Time,4.429,4.429,No,1,U56235,001,WIRK,Elective,No,MSPHD,2023,Spring,20231,2022-23,3.0,73.0,,,5.0,0.0,0.0,1.0,0.0,4.0,100.0,0.0,No,Building1,T,08:30:00,3.25,4.0,3.714285,4.857142,4.142857,2.857142,1.571428,4.428571,4.428571,2.857142,3.142857,4.428571,4.285714,4.571428,4.142857,4.285714,4.857142,Yes
166114,No,a8f7b74b,ZQOR,Full Time,4.0,4.229,No,1,W74002,001,IGFY,Elective,No,MSPHD,2023,Spring,20231,2022-23,3.0,25.0,,,16.0,0.0,0.0,0.0,16.0,0.0,50.0,0.0,No,Building2,T,16:00:00,2.5,2.0,4.0,4.75,4.125,3.25,1.0,4.125,4.0,2.125,3.25,2.25,3.625,3.625,3.75,3.0,4.375,No
166129,Yes,5b823778,USIE,Part Time,4.311,4.476,No,1,K14498,003,USIE,Core,No,Masters2,2023,Spring,20231,2022-23,1.5,74.0,,,54.0,0.0,54.0,0.0,0.0,0.0,87.2699966430664,0.0,No,off-campus,"U, F, S",08:30:00,10.25,11.0,4.3125,4.5625,4.520833,2.979166,0.979166,4.3125,4.270833,3.3125,3.770833,4.166666,4.041666,4.25,4.0625,3.645833,4.145833,Yes
166130,Yes,5b823778,USIE,Part Time,4.353,4.461,No,1,K14498,004,USIE,Core,No,Masters2,2023,Spring,20231,2022-23,1.5,72.0,,,51.0,0.0,51.0,0.0,0.0,0.0,94.120002746582,0.0,No,off-campus,"U, F, S",08:30:00,10.25,11.0,4.041666,4.541666,4.583333,2.520833,1.0,4.4375,4.3125,3.270833,3.791666,4.395833,4.125,4.1875,4.083333,3.875,4.25,Yes
166142,Yes,24b941bb,ZQOR,Part Time,4.072,4.059,No,1,B01344,001,IGFY,Elective,No,Masters1,2023,Spring,20231,2022-23,1.5,40.0,,,31.0,30.0,1.0,0.0,0.0,0.0,87.5,0.0,No,Building2,M,18:00:00,3.25,2.0,4.178571,4.535714,4.357142,2.428571,1.0,4.035714,3.964285,3.25,3.142857,3.535714,3.75,3.821428,4.0,4.107142,4.285714,Yes
166152,No,6f375008,USIE,Part Time,4.55,4.323,No,1,S31809,060,USIE,Elective,No,MSPHD,2023,Spring,20231,2022-23,3.0,50.0,,,49.0,0.0,0.0,0.0,0.0,49.0,64.0,2.0,No,Building1,M,14:00:00,3.25,5.0,4.3125,4.5625,4.28125,3.5625,1.71875,4.1875,4.53125,3.0625,3.09375,3.96875,4.21875,4.4375,4.21875,4.28125,4.59375,Yes
166153,No,76f057fd,USIE,Part Time,4.424,4.407,No,1,R33778,060,USIE,Elective,No,MSPHD,2023,Spring,20231,2022-23,3.0,50.0,,,44.0,0.0,0.0,0.0,0.0,44.0,66.6699981689453,0.0,No,Building1,"M,W",18:00:00,1.5,2.0,4.28125,4.6875,4.34375,3.25,1.78125,4.28125,4.1875,3.09375,3.46875,4.0625,4.09375,3.9375,3.9375,3.84375,4.0625,Yes
166195,Yes,f511d9cb,NZJO,Part Time,4.188,4.165,No,1,K63190,001,TRXC,Elective,No,Masters1,2023,Spring,20231,2022-23,1.5,50.0,,,38.0,34.0,0.0,4.0,0.0,0.0,92.1100006103516,0.0,No,Building2,"T,R",15:50:00,1.5,9.0,4.057142,4.314285,4.342857,3.057142,0.971428,4.142857,4.142857,3.257142,3.542857,3.971428,3.971428,4.028571,4.085714,3.885714,4.257142,Yes
166196,Yes,f511d9cb,NZJO,Part Time,4.459,4.106,No,1,K63190,002,TRXC,Elective,No,Masters1,2023,Spring,20231,2022-23,1.5,50.0,,,20.0,20.0,0.0,0.0,0.0,0.0,83.3300018310547,0.0,No,Building2,"T,R",18:00:00,1.5,9.0,3.85,4.4,4.5,2.95,1.15,4.0,4.3,2.55,3.1,3.85,4.0,4.05,3.7,3.7,4.5,Yes
166404,Yes,24cc2a51,QAHF,Part Time,4.159,4.09,No,1,C26850,002,QAHF,Elective,No,Masters1,2023,Spring,20231,2022-23,3.0,49.0,Prerequisites,,45.0,29.0,0.0,2.0,0.0,14.0,77.7799987792969,0.0,No,Building2,M,14:00:00,3.25,10.0,4.057142,4.285714,4.171428,3.171428,1.142857,3.971428,3.971428,3.942857,3.171428,4.114285,4.0,3.942857,3.914285,4.0,4.4,Yes
166406,Yes,cdc4c1dd,NZJO,Part Time,4.397,4.268,No,1,Q95413,002,TRXC,Core,No,Masters2,2023,Spring,20231,2022-23,1.5,74.0,,,73.0,0.0,73.0,0.0,0.0,0.0,86.3000030517578,0.0,No,Building1,"F, S",08:30:00,10.25,10.0,4.079365,4.460317,4.555555,3.015873,0.968253,4.253968,4.380952,3.047619,3.380952,3.857142,4.126984,4.365079,4.063492,3.746031,4.571428,Yes
166407,Yes,cdc4c1dd,NZJO,Part Time,4.517,4.396,No,1,Q95413,001,TRXC,Core,No,Masters2,2023,Spring,20231,2022-23,1.5,74.0,,,71.0,0.0,71.0,0.0,0.0,0.0,81.6900024414063,0.0,No,Building2,"F, S",08:30:00,10.25,10.0,4.25862,4.586206,4.5,2.862068,0.965517,4.37931,4.431034,3.155172,3.241379,4.0,4.137931,4.327586,4.017241,3.793103,4.448275,Yes
166410,Yes,a55db446,NZJO,Part Time,3.853,3.914,Yes,3,D64693,001,TRXC,Elective,No,Masters1,2023,Spring,20231,2022-23,3.0,50.0,,,14.0,11.0,2.0,0.0,0.0,1.0,68.0,0.0,Yes,Building1,R,18:00:00,3.25,42.0,3.823529,4.411764,4.470588,3.588235,1.17647,3.764705,4.078431,2.705882,2.764705,3.470588,4.470588,4.529411,4.411764,4.235294,4.588235,No
166410,Yes,406c71e9,NZJO,Part Time,4.725,3.914,Yes,3,D64693,001A,TRXC,Elective,No,Masters1,2023,Spring,20231,2022-23,3.0,50.0,,,14.0,11.0,2.0,0.0,0.0,1.0,68.0,0.0,Yes,Building1,R,18:00:00,3.25,42.0,3.823529,4.411764,4.470588,3.588235,1.17647,3.764705,4.078431,2.705882,2.764705,3.470588,4.470588,4.529411,4.411764,4.235294,4.588235,No
166410,Yes,a04c2c7c,NZJO,Part Time,4.107,3.914,Yes,3,D64693,001B,TRXC,Elective,No,Masters1,2023,Spring,20231,2022-23,3.0,50.0,,,14.0,11.0,2.0,0.0,0.0,1.0,68.0,0.0,Yes,Building1,R,18:00:00,3.25,42.0,3.823529,4.411764,4.470588,3.588235,1.17647,3.764705,4.078431,2.705882,2.764705,3.470588,4.470588,4.529411,4.411764,4.235294,4.588235,No
166413,No,638b34fa,USIE,Full Time,4.211,3.994,Yes,6,L59828,001,USIE,Elective,No,Masters1,2023,Spring,20231,2022-23,1.5,147.0,,,107.0,83.0,0.0,0.0,0.0,24.0,66.0999984741211,0.0,Yes,Building2,T,08:30:00,3.25,4.0,3.871794,4.217948,4.166666,3.179487,1.115384,3.948717,3.995726,3.102564,3.320512,3.75641,4.346153,4.346153,4.205128,3.564102,4.26923,Yes
166413,No,0a270635,USIE,Full Time,4.146,3.994,Yes,6,L59828,001A,USIE,Elective,No,Masters1,2023,Spring,20231,2022-23,1.5,147.0,,,107.0,83.0,0.0,0.0,0.0,24.0,66.0999984741211,0.0,Yes,Building2,T,08:30:00,3.25,4.0,3.871794,4.217948,4.166666,3.179487,1.115384,3.948717,3.995726,3.102564,3.320512,3.75641,4.346153,4.346153,4.205128,3.564102,4.26923,No
166413,No,022a93bc,USIE,Full Time,4.279,3.994,Yes,6,L59828,001B,USIE,Elective,No,Masters1,2023,Spring,20231,2022-23,1.5,147.0,,,107.0,83.0,0.0,0.0,0.0,24.0,66.0999984741211,0.0,Yes,Building2,T,08:30:00,3.25,4.0,3.871794,4.217948,4.166666,3.179487,1.115384,3.948717,3.995726,3.102564,3.320512,3.75641,4.346153,4.346153,4.205128,3.564102,4.26923,No
166413,No,f499bf33,USIE,Full Time,4.653,3.994,Yes,6,L59828,001C,USIE,Elective,No,Masters1,2023,Spring,20231,2022-23,1.5,147.0,,,107.0,83.0,0.0,0.0,0.0,24.0,66.0999984741211,0.0,Yes,Building2,T,08:30:00,3.25,4.0,3.871794,4.217948,4.166666,3.179487,1.115384,3.948717,3.995726,3.102564,3.320512,3.75641,4.346153,4.346153,4.205128,3.564102,4.26923,No
166413,No,11d2574d,USIE,Full Time,3.798,3.994,Yes,6,L59828,001D,USIE,Elective,No,Masters1,2023,Spring,20231,2022-23,1.5,147.0,,,107.0,83.0,0.0,0.0,0.0,24.0,66.0999984741211,0.0,Yes,Building2,T,08:30:00,3.25,4.0,3.871794,4.217948,4.166666,3.179487,1.115384,3.948717,3.995726,3.102564,3.320512,3.75641,4.346153,4.346153,4.205128,3.564102,4.26923,No
166413,No,f3b2a2e4,USIE,Full Time,4.268,3.994,Yes,6,L59828,001E,USIE,Elective,No,Masters1,2023,Spring,20231,2022-23,1.5,147.0,,,107.0,83.0,0.0,0.0,0.0,24.0,66.0999984741211,0.0,Yes,Building2,T,08:30:00,3.25,4.0,3.871794,4.217948,4.166666,3.179487,1.115384,3.948717,3.995726,3.102564,3.320512,3.75641,4.346153,4.346153,4.205128,3.564102,4.26923,No
166414,No,638b34fa,USIE,Full Time,3.928,3.811,Yes,5,L59828,002,USIE,Elective,No,Masters1,2023,Spring,20231,2022-23,1.5,150.0,,,144.0,119.0,1.0,0.0,0.0,24.0,81.8199996948242,14.0,Yes,Building2,T,14:00:00,3.25,4.0,3.786324,4.316239,4.299145,3.162393,1.034188,3.752136,4.177777,3.239316,3.307692,3.692307,4.410256,4.495726,4.367521,3.760683,4.42735,Yes
166414,No,0a270635,USIE,Full Time,4.197,3.811,Yes,5,L59828,002A,USIE,Elective,No,Masters1,2023,Spring,20231,2022-23,1.5,150.0,,,144.0,119.0,1.0,0.0,0.0,24.0,81.8199996948242,14.0,Yes,Building2,T,14:00:00,3.25,4.0,3.786324,4.316239,4.299145,3.162393,1.034188,3.752136,4.177777,3.239316,3.307692,3.692307,4.410256,4.495726,4.367521,3.760683,4.42735,No
166414,No,022a93bc,USIE,Full Time,4.298,3.811,Yes,5,L59828,002B,USIE,Elective,No,Masters1,2023,Spring,20231,2022-23,1.5,150.0,,,144.0,119.0,1.0,0.0,0.0,24.0,81.8199996948242,14.0,Yes,Building2,T,14:00:00,3.25,4.0,3.786324,4.316239,4.299145,3.162393,1.034188,3.752136,4.177777,3.239316,3.307692,3.692307,4.410256,4.495726,4.367521,3.760683,4.42735,No
166414,No,f499bf33,USIE,Full Time,4.659,3.811,Yes,5,L59828,002C,USIE,Elective,No,Masters1,2023,Spring,20231,2022-23,1.5,150.0,,,144.0,119.0,1.0,0.0,0.0,24.0,81.8199996948242,14.0,Yes,Building2,T,14:00:00,3.25,4.0,3.786324,4.316239,4.299145,3.162393,1.034188,3.752136,4.177777,3.239316,3.307692,3.692307,4.410256,4.495726,4.367521,3.760683,4.42735,No
166414,No,f3b2a2e4,USIE,Full Time,4.345,3.811,Yes,5,L59828,002D,USIE,Elective,No,Masters1,2023,Spring,20231,2022-23,1.5,150.0,,,144.0,119.0,1.0,0.0,0.0,24.0,81.8199996948242,14.0,Yes,Building2,T,14:00:00,3.25,4.0,3.786324,4.316239,4.299145,3.162393,1.034188,3.752136,4.177777,3.239316,3.307692,3.692307,4.410256,4.495726,4.367521,3.760683,4.42735,No
166420,Yes,1b7cba7c,CGCH,Part Time,4.585,4.5,No,1,H48373,001,SBFH,Elective,No,Masters1,2023,Spring,20231,2022-23,1.5,18.0,Prerequisites,,21.0,19.0,2.0,0.0,0.0,0.0,66.6699981689453,21.0,No,Building1,W,18:00:00,3.25,106.0,4.214285,4.714285,4.785714,3.5,0.928571,4.5,4.571428,3.642857,3.714285,4.285714,4.357142,4.5,4.285714,3.857142,4.642857,Yes
166421,Yes,c1b0f269,CGCH,Part Time,4.67,4.454,No,1,K86511,001,SBFH,Elective,No,Masters1,2023,Spring,20231,2022-23,1.5,34.0,Prerequisites,,46.0,44.0,2.0,0.0,0.0,0.0,63.0400009155273,10.0,No,Building2,T,18:00:00,3.25,2.0,4.413793,4.724137,4.75862,3.517241,0.896551,4.413793,4.241379,3.103448,3.034482,4.241379,4.206896,4.275862,4.137931,3.620689,4.37931,Yes
166422,No,134eee52,CGCH,Part Time,4.564,4.564,No,1,B98182,001,SBFH,Elective,No,MSPHD,2023,Spring,20231,2022-23,3.0,25.0,,,12.0,3.0,2.0,7.0,0.0,0.0,100.0,0.0,No,Building2,W,14:00:00,3.25,2.0,4.615384,4.846153,4.846153,3.692307,1.076923,4.538461,4.538461,3.153846,3.153846,4.384615,4.461538,4.461538,4.538461,3.923076,4.538461,Yes
166426,Yes,a45c17ff,ZQOR,,4.576,4.552,No,1,Q44513,008,IGFY,Elective,No,Masters1,2023,Spring,20231,2022-23,3.0,50.0,,,48.0,47.0,0.0,0.0,0.0,1.0,91.6699981689453,23.0,No,Building2,T,14:00:00,3.25,29.0,4.272727,4.613636,4.65909,2.977272,0.977272,4.522727,4.568181,2.931818,2.795454,4.431818,4.545454,4.681818,4.636363,4.386363,4.636363,Yes
166427,Yes,a45c17ff,ZQOR,,4.38,4.446,No,1,Q44513,007,IGFY,Elective,No,Masters1,2023,Spring,20231,2022-23,3.0,50.0,,,47.0,47.0,0.0,0.0,0.0,0.0,89.3600006103516,11.0,No,Building2,T,08:30:00,3.25,29.0,4.166666,4.595238,3.928571,3.047619,0.97619,4.309523,4.357142,2.761904,2.833333,4.238095,4.428571,4.523809,4.309523,3.97619,4.45238,Yes
166449,No,ddf5f614,ZQOR,Full Time,4.565,4.735,No,1,J02280,100,KAFN,Elective,No,Masters2,2023,Spring,20231,2022-23,3.0,0.0,,,96.0,0.0,96.0,0.0,0.0,0.0,70.0,1.0,No,Building2,"T, W, R, F, S",09:00:00,8.0,13.0,4.271428,4.542857,4.5,2.7,1.0,4.6,4.485714,2.714285,3.214285,4.342857,4.128571,4.114285,4.214285,3.628571,4.4,Yes
166455,No,849e63f8,USIE,Full Time,4.0,4.5,No,1,N07783,060,USIE,Elective,No,Masters1,2023,Spring,20231,2022-23,3.0,74.0,,,12.0,0.0,0.0,0.0,0.0,12.0,50.0,0.0,No,Building1,"M,W",12:00:00,1.5,5.0,4.666666,4.666666,4.666666,2.333333,1.833333,4.5,4.0,3.333333,3.666666,4.333333,4.0,3.833333,3.833333,3.5,4.333333,Yes
166568,Yes,af5c986a,ZQOR,Part Time,4.112,3.888,No,1,J20703,001,IGFY,Core,No,Masters1,2023,Spring,20231,2022-23,1.5,74.0,,,74.0,74.0,0.0,0.0,0.0,0.0,85.1399993896484,0.0,No,Building1,"M,W",15:50:00,1.5,31.0,3.873015,4.682539,4.428571,3.269841,0.968253,3.825396,3.888888,3.063492,3.174603,3.650793,3.984126,3.968253,3.619047,3.777777,4.238095,Yes
166569,Yes,af5c986a,ZQOR,Part Time,4.147,3.947,No,1,J20703,002,IGFY,Core,No,Masters1,2023,Spring,20231,2022-23,1.5,74.0,,,71.0,71.0,0.0,0.0,0.0,0.0,94.4400024414063,0.0,No,off-campus,"M,W",14:00:00,1.833333,31.0,3.764705,4.691176,4.691176,3.220588,0.985294,3.838235,4.088235,3.294117,3.220588,3.691176,4.044117,4.014705,3.691176,3.779411,4.485294,Yes
166585,Yes,bacb508d,CGCH,Part Time,4.657,4.467,No,1,N84325,001,SBFH,Elective,Yes,MSPHD,2023,Spring,20231,2022-23,3.0,30.0,,,24.0,0.0,0.0,24.0,0.0,0.0,100.0,0.0,No,Building2,R,14:00:00,3.25,,4.291666,4.375,4.375,4.125,0.958333,4.375,4.625,3.666666,3.25,4.041666,4.583333,4.416666,4.583333,4.625,4.625,Yes
166937,Yes,cdc4c1dd,NZJO,Part Time,3.246,3.393,No,1,D09899,002,TRXC,Core,No,Masters1,2023,Spring,20231,2022-23,1.5,74.0,,,71.0,71.0,0.0,0.0,0.0,0.0,92.9599990844727,0.0,No,Building1,"M,W",08:30:00,1.5,33.0,3.742424,4.545454,4.439393,2.636363,1.0,3.348484,3.227272,3.075757,3.545454,3.272727,3.257575,3.393939,3.196969,3.121212,4.166666,Yes
167084,Yes,cdc4c1dd,NZJO,Part Time,3.681,3.777,No,1,D09899,001,TRXC,Core,No,Masters1,2023,Spring,20231,2022-23,1.5,74.0,,,73.0,73.0,0.0,0.0,0.0,0.0,90.4100036621094,0.0,No,Building1,"M,W",10:20:00,1.5,33.0,3.848484,4.515151,4.348484,2.984848,1.0,3.681818,3.560606,3.045454,3.348484,3.287878,3.378787,3.651515,3.378787,3.30303,4.287878,Yes
167085,Yes,cdc4c1dd,NZJO,Part Time,3.582,3.774,No,1,D09899,003,TRXC,Core,No,Masters1,2023,Spring,20231,2022-23,1.5,74.0,,,72.0,72.0,0.0,0.0,0.0,0.0,88.8899993896484,0.0,No,Building1,"M,W",14:00:00,1.5,33.0,4.03125,4.359375,4.40625,3.0625,0.96875,3.609375,3.546875,2.984375,3.265625,3.328125,3.203125,3.59375,3.296875,3.34375,4.125,Yes
167109,No,35ff4b79,USIE,,4.361,4.336,No,1,E44373,060,USIE,Elective,No,Masters1,2023,Spring,20231,2022-23,3.0,50.0,,Corequisite,55.0,1.0,0.0,0.0,0.0,54.0,95.1600036621094,4.0,No,Building1,W,14:00:00,3.25,16.0,4.372881,4.644067,4.474576,3.169491,1.864406,4.254237,4.237288,3.152542,3.033898,4.033898,4.18644,4.322033,4.033898,3.610169,4.101694,Yes
